/* Generated by gen_lut.py from 1099008 LR2021 symbols the RTL labelled over 19 calls (dev2400|ab, dev2400, d2400_lut); of 65536 keys 16771 learned at 16 bits, 23277 from the 13 inside them, the rest the middle-three rule.
   Each entry is the byte p25_os4_decode sends: dibit and doubts. */
#include "p25_os4_decode.h"

const uint8_t p25_os4_lut[P25_OS4_LUT_SIZE] = {
    0x13,0x1B,0x0B,0x03,0x2B,0x2B,0x03,0x03,0x5B,0x2B,0x53,0x2B,0x33,0x33,0x03,0x03,
    0x3B,0x2A,0x33,0x2B,0x2B,0x33,0x03,0x03,0x13,0x3A,0x2B,0x2B,0x2B,0x2B,0x4B,0x4B,
    0x33,0x0B,0x03,0x2B,0x03,0x0B,0x2B,0x2B,0x3B,0x13,0x03,0x53,0x33,0x13,0x03,0x03,
    0x53,0x53,0x2B,0x2B,0x2B,0x0B,0x2B,0x2B,0x3A,0x5B,0x03,0x2B,0x53,0x03,0x2B,0x2B,
    0x3A,0x3A,0x3B,0x13,0x3A,0x53,0x23,0x23,0x1A,0x5B,0x13,0x13,0x33,0x33,0x02,0x02,
    0x53,0x53,0x13,0x13,0x3A,0x3A,0x2B,0x2B,0x13,0x13,0x12,0x33,0x1B,0x1B,0x2B,0x2B,
    0x02,0x02,0x02,0x02,0x02,0x02,0x02,0x02,0x02,0x02,0x02,0x02,0x02,0x02,0x02,0x02,
    0x02,0x02,0x53,0x53,0x2B,0x2B,0x2B,0x2B,0x3A,0x3A,0x02,0x02,0x03,0x03,0x02,0x02,
    0x70,0x4A,0x1A,0x1A,0x5A,0x12,0x2B,0x2B,0x52,0x52,0x5B,0x5B,0x02,0x02,0x02,0x02,
    0x72,0x72,0x42,0x42,0x52,0x52,0x02,0x02,0x68,0x62,0x32,0x32,0x52,0x72,0x02,0x02,
    0x72,0x50,0x72,0x72,0x68,0x68,0x33,0x33,0x12,0x12,0x5B,0x5B,0x4A,0x4A,0x33,0x33,
    0x02,0x02,0x02,0x02,0x7B,0x7B,0x02,0x02,0x3B,0x3B,0x5B,0x5B,0x3A,0x3A,0x2B,0x2B,
    0x30,0x30,0x52,0x52,0x78,0x78,0x00,0x00,0x78,0x78,0x50,0x50,0x00,0x00,0x00,0x00,
    0x00,0x00,0x00,0x00,0x70,0x70,0x00,0x00,0x00,0x00,0x50,0x50,0x70,0x70,0x5B,0x5B,
    0x00,0x00,0x00,0x00,0x00,0x00,0x00,0x00,0x00,0x00,0x00,0x00,0x00,0x00,0x00,0x00,
    0x00,0x00,0x00,0x00,0x00,0x00,0x00,0x00,0x00,0x00,0x00,0x00,0x00,0x00,0x00,0x00,
    0x28,0x68,0x52,0x2A,0x52,0x2A,0x02,0x02,0x02,0x02,0x02,0x02,0x02,0x02,0x02,0x02,
    0x50,0x68,0x32,0x32,0x02,0x02,0x02,0x02,0x30,0x68,0x2A,0x2A,0x50,0x50,0x02,0x02,
    0x6A,0x4A,0x12,0x2A,0x6A,0x4A,0x2A,0x2A,0x50,0x68,0x72,0x0A,0x32,0x32,0x32,0x32,
    0x02,0x02,0x02,0x02,0x4A,0x4A,0x2A,0x2A,0x48,0x68,0x68,0x42,0x02,0x02,0x02,0x02,
    0x6A,0x68,0x4A,0x2A,0x28,0x72,0x2A,0x2A,0x6A,0x6A,0x22,0x22,0x52,0x52,0x00,0x00,
    0x02,0x02,0x2A,0x2A,0x70,0x68,0x02,0x02,0x52,0x52,0x68,0x68,0x70,0x42,0x2A,0x2A,
    0x00,0x00,0x5A,0x5A,0x52,0x52,0x00,0x00,0x00,0x00,0x00,0x00,0x72,0x72,0x00,0x00,
    0x00,0x00,0x00,0x00,0x4A,0x4A,0x00,0x00,0x00,0x00,0x00,0x00,0x4A,0x4A,0x00,0x00,
    0x31,0x09,0x38,0x28,0x28,0x28,0x00,0x00,0x59,0x58,0x00,0x00,0x00,0x00,0x00,0x00,
    0x51,0x39,0x39,0x18,0x50,0x50,0x00,0x00,0x29,0x39,0x30,0x10,0x31,0x38,0x00,0x00,
    0x39,0x38,0x38,0x30,0x39,0x30,0x00,0x00,0x59,0x31,0x28,0x28,0x50,0x50,0x00,0x00,
    0x00,0x00,0x38,0x58,0x38,0x70,0x00,0x00,0x39,0x39,0x31,0x50,0x29,0x59,0x00,0x00,
    0x01,0x09,0x31,0x29,0x09,0x11,0x28,0x28,0x51,0x51,0x10,0x10,0x59,0x59,0x01,0x01,
    0x31,0x31,0x51,0x19,0x09,0x31,0x38,0x38,0x29,0x31,0x11,0x59,0x01,0x51,0x31,0x31,
    0x29,0x29,0x01,0x01,0x51,0x29,0x01,0x01,0x29,0x29,0x29,0x29,0x29,0x29,0x01,0x01,
    0x01,0x01,0x01,0x01,0x01,0x01,0x01,0x01,0x01,0x01,0x29,0x29,0x01,0x01,0x01,0x01,
    0x3B,0x2B,0x0B,0x03,0x33,0x33,0x03,0x03,0x52,0x3B,0x3B,0x2B,0x03,0x03,0x03,0x03,
    0x73,0x73,0x13,0x33,0x3A,0x3B,0x03,0x03,0x53,0x53,0x13,0x2B,0x2B,0x0B,0x2B,0x2B,
    0x52,0x5B,0x13,0x0B,0x0B,0x13,0x0B,0x0B,0x1B,0x33,0x13,0x0B,0x2B,0x03,0x2B,0x2B,
    0x03,0x03,0x32,0x13,0x3A,0x1B,0x0B,0x0B,0x3B,0x78,0x3B,0x2B,0x13,0x33,0x0B,0x0B,
    0x70,0x3B,0x2A,0x32,0x2A,0x0A,0x0B,0x0B,0x6A,0x4A,0x4A,0x2A,0x2A,0x2A,0x02,0x02,
    0x52,0x5A,0x6A,0x68,0x02,0x0A,0x0B,0x0B,0x68,0x4A,0x12,0x2A,0x2A,0x2A,0x0B,0x0B,
    0x02,0x02,0x33,0x33,0x53,0x78,0x2B,0x2B,0x68,0x68,0x33,0x33,0x3A,0x3A,0x02,0x02,
    0x02,0x02,0x78,0x78,0x50,0x5B,0x2B,0x2B,0x70,0x70,0x53,0x53,0x0B,0x0B,0x03,0x03,
    0x68,0x4A,0x6A,0x68,0x2A,0x02,0x0A,0x0A,0x62,0x62,0x22,0x22,0x52,0x52,0x02,0x02,
    0x02,0x02,0x78,0x68,0x4A,0x6A,0x2A,0x2A,0x68,0x68,0x6A,0x72,0x52,0x2A,0x48,0x48,
    0x00,0x20,0x20,0x20,0x00,0x20,0x02,0x02,0x52,0x4A,0x20,0x40,0x62,0x48,0x02,0x02,
    0x02,0x02,0x50,0x62,0x48,0x68,0x0A,0x0A,0x70,0x4A,0x20,0x40,0x00,0x20,0x22,0x22,
    0x79,0x50,0x30,0x28,0x59,0x28,0x2A,0x2A,0x58,0x58,0x50,0x00,0x28,0x28,0x00,0x00,
    0x70,0x70,0x50,0x58,0x30,0x30,0x42,0x42,0x48,0x28,0x08,0x50,0x38,0x28,0x7A,0x7A,
    0x50,0x50,0x30,0x30,0x68,0x68,0x00,0x00,0x00,0x00,0x20,0x20,0x00,0x00,0x00,0x00,
    0x00,0x00,0x00,0x00,0x00,0x00,0x00,0x00,0x00,0x00,0x78,0x78,0x58,0x58,0x00,0x00,
    0x30,0x30,0x58,0x58,0x02,0x02,0x02,0x02,0x02,0x02,0x02,0x02,0x02,0x02,0x02,0x02,
    0x02,0x02,0x02,0x02,0x02,0x02,0x02,0x02,0x48,0x48,0x02,0x02,0x50,0x50,0x02,0x02,
    0x28,0x28,0x40,0x40,0x00,0x00,0x52,0x52,0x48,0x48,0x68,0x68,0x28,0x28,0x02,0x02,
    0x02,0x02,0x48,0x48,0x48,0x48,0x28,0x28,0x29,0x51,0x50,0x50,0x50,0x48,0x50,0x50,
    0x59,0x30,0x38,0x39,0x50,0x50,0x60,0x60,0x58,0x58,0x28,0x50,0x40,0x40,0x50,0x50,
    0x30,0x30,0x58,0x00,0x58,0x28,0x40,0x40,0x39,0x38,0x30,0x30,0x30,0x28,0x60,0x60,
    0x00,0x00,0x40,0x40,0x72,0x72,0x6A,0x6A,0x59,0x59,0x79,0x79,0x48,0x48,0x68,0x68,
    0x00,0x00,0x79,0x79,0x50,0x50,0x28,0x28,0x29,0x09,0x51,0x79,0x20,0x20,0x4A,0x4A,
    0x51,0x51,0x31,0x11,0x19,0x31,0x38,0x38,0x18,0x18,0x10,0x10,0x31,0x31,0x00,0x00,
    0x51,0x29,0x19,0x19,0x18,0x18,0x38,0x38,0x11,0x11,0x18,0x18,0x39,0x39,0x30,0x30,
    0x29,0x29,0x01,0x09,0x01,0x01,0x18,0x18,0x29,0x29,0x01,0x11,0x29,0x29,0x08,0x08,
    0x00,0x00,0x18,0x39,0x01,0x29,0x19,0x19,0x31,0x11,0x09,0x11,0x01,0x29,0x10,0x10,
    0x01,0x29,0x01,0x01,0x01,0x01,0x11,0x11,0x01,0x29,0x01,0x29,0x29,0x51,0x01,0x01,
    0x01,0x01,0x29,0x29,0x01,0x01,0x11,0x11,0x29,0x29,0x01,0x29,0x01,0x21,0x11,0x11,
    0x01,0x01,0x09,0x09,0x09,0x09,0x31,0x31,0x29,0x29,0x01,0x01,0x31,0x31,0x01,0x01,
    0x01,0x01,0x01,0x01,0x01,0x01,0x01,0x01,0x29,0x29,0x09,0x09,0x01,0x01,0x29,0x29,
    0x2B,0x2B,0x2B,0x33,0x03,0x0B,0x03,0x2B,0x03,0x53,0x2B,0x2B,0x03,0x03,0x03,0x03,
    0x3A,0x3A,0x03,0x03,0x33,0x2B,0x2B,0x2B,0x0B,0x0B,0x2B,0x0B,0x2B,0x2B,0x2B,0x2B,
    0x5A,0x3B,0x1A,0x13,0x33,0x13,0x2B,0x2B,0x33,0x3A,0x1B,0x1B,0x0B,0x0B,0x2B,0x2B,
    0x03,0x03,0x0B,0x0B,0x33,0x13,0x2B,0x2B,0x3A,0x3A,0x13,0x0B,0x13,0x13,0x0B,0x0B,
    0x32,0x5A,0x13,0x2B,0x1A,0x1B,0x0B,0x2B,0x5B,0x1A,0x33,0x3B,0x13,0x13,0x02,0x02,
    0x33,0x33,0x13,0x13,0x1A,0x1B,0x13,0x2B,0x2B,0x1A,0x1B,0x13,0x12,0x5A,0x0B,0x0B,
    0x02,0x02,0x1B,0x1B,0x3B,0x3B,0x2B,0x2B,0x3B,0x3B,0x13,0x13,0x5B,0x5B,0x02,0x02,
    0x02,0x02,0x3A,0x3A,0x33,0x5A,0x1B,0x1B,0x3A,0x1A,0x5A,0x5B,0x1A,0x1A,0x0B,0x0B,
    0x4A,0x70,0x0A,0x0A,0x7B,0x72,0x0B,0x0B,0x78,0x52,0x1A,0x3A,0x5B,0x5B,0x02,0x02,
    0x02,0x02,0x70,0x22,0x68,0x2A,0x3A,0x3A,0x6A,0x6A,0x4A,0x68,0x02,0x02,0x02,0x02,
    0x52,0x52,0x42,0x42,0x50,0x28,0x13,0x13,0x72,0x72,0x72,0x32,0x5A,0x5A,0x2B,0x2B,
    0x02,0x02,0x2A,0x2A,0x52,0x48,0x13,0x13,0x28,0x70,0x78,0x5A,0x52,0x52,0x33,0x33,
    0x48,0x48,0x72,0x50,0x52,0x52,0x33,0x33,0x70,0x70,0x5B,0x5B,0x78,0x78,0x00,0x00,
    0x00,0x00,0x68,0x68,0x68,0x68,0x00,0x00,0x50,0x50,0x28,0x70,0x62,0x62,0x00,0x00,
    0x00,0x00,0x00,0x00,0x00,0x00,0x00,0x00,0x00,0x00,0x50,0x50,0x00,0x00,0x00,0x00,
    0x00,0x00,0x00,0x00,0x00,0x00,0x00,0x00,0x00,0x00,0x50,0x50,0x00,0x00,0x00,0x00,
    0x52,0x52,0x4A,0x4A,0x42,0x52,0x2A,0x2A,0x52,0x2A,0x2A,0x2A,0x52,0x52,0x02,0x02,
    0x50,0x50,0x02,0x02,0x4A,0x4A,0x2A,0x2A,0x50,0x50,0x2A,0x2A,0x70,0x70,0x02,0x02,
    0x4A,0x4A,0x4A,0x4A,0x62,0x62,0x32,0x32,0x68,0x62,0x50,0x6A,0x72,0x72,0x02,0x02,
    0x02,0x02,0x4A,0x4A,0x50,0x70,0x52,0x52,0x28,0x60,0x68,0x5A,0x48,0x72,0x68,0x68,
    0x48,0x40,0x62,0x62,0x60,0x60,0x42,0x72,0x40,0x40,0x70,0x6A,0x68,0x68,0x00,0x00,
    0x72,0x72,0x62,0x62,0x48,0x60,0x22,0x4A,0x70,0x60,0x70,0x70,0x48,0x6A,0x42,0x42,
    0x00,0x00,0x42,0x42,0x42,0x42,0x2A,0x2A,0x28,0x28,0x50,0x60,0x4A,0x4A,0x00,0x00,
    0x00,0x00,0x48,0x48,0x60,0x60,0x4A,0x4A,0x48,0x48,0x28,0x60,0x40,0x40,0x4A,0x4A,
    0x59,0x38,0x38,0x28,0x38,0x29,0x50,0x50,0x39,0x39,0x50,0x50,0x00,0x00,0x00,0x00,
    0x38,0x38,0x31,0x50,0x58,0x51,0x28,0x28,0x31,0x31,0x38,0x38,0x31,0x31,0x00,0x00,
    0x51,0x29,0x11,0x31,0x31,0x19,0x6A,0x6A,0x31,0x39,0x09,0x31,0x29,0x59,0x6A,0x6A,
    0x00,0x00,0x08,0x28,0x31,0x39,0x68,0x68,0x11,0x31,0x11,0x39,0x09,0x29,0x70,0x70,
    0x29,0x31,0x11,0x11,0x31,0x19,0x28,0x28,0x31,0x51,0x58,0x30,0x09,0x09,0x01,0x01,
    0x31,0x31,0x31,0x38,0x31,0x19,0x08,0x30,0x11,0x11,0x19,0x18,0x38,0x39,0x18,0x18,
    0x01,0x01,0x09,0x09,0x09,0x09,0x38,0x38,0x29,0x29,0x29,0x39,0x01,0x01,0x01,0x01,
    0x01,0x01,0x51,0x51,0x51,0x09,0x31,0x31,0x01,0x01,0x29,0x31,0x01,0x51,0x01,0x01,
    0x03,0x03,0x03,0x03,0x03,0x03,0x03,0x03,0x03,0x03,0x03,0x03,0x03,0x03,0x03,0x03,
    0x03,0x03,0x03,0x03,0x03,0x03,0x03,0x03,0x03,0x03,0x03,0x03,0x03,0x03,0x03,0x03,
    0x53,0x53,0x33,0x33,0x33,0x33,0x5A,0x5A,0x03,0x03,0x3A,0x3A,0x03,0x03,0x03,0x03,
    0x03,0x03,0x03,0x03,0x03,0x03,0x03,0x03,0x03,0x03,0x1B,0x1B,0x3A,0x3A,0x3A,0x3A,
    0x02,0x02,0x3B,0x3B,0x5A,0x5A,0x7B,0x7B,0x72,0x72,0x5A,0x5A,0x28,0x28,0x02,0x02,
    0x02,0x02,0x53,0x53,0x78,0x78,0x3B,0x3B,0x02,0x02,0x32,0x32,0x33,0x33,0x2B,0x2B,
    0x02,0x02,0x02,0x02,0x02,0x02,0x02,0x02,0x02,0x02,0x02,0x02,0x02,0x02,0x02,0x02,
    0x02,0x02,0x02,0x02,0x02,0x02,0x02,0x02,0x02,0x02,0x72,0x72,0x52,0x52,0x53,0x53,
    0x48,0x48,0x72,0x52,0x68,0x68,0x02,0x02,0x28,0x28,0x6A,0x6A,0x02,0x02,0x02,0x02,
    0x02,0x02,0x02,0x02,0x02,0x02,0x02,0x02,0x28,0x28,0x02,0x02,0x48,0x48,0x02,0x02,
    0x02,0x02,0x42,0x42,0x40,0x40,0x6A,0x6A,0x48,0x48,0x60,0x60,0x28,0x28,0x02,0x02,
    0x02,0x02,0x02,0x02,0x48,0x48,0x6A,0x6A,0x48,0x48,0x60,0x60,0x20,0x20,0x48,0x48,
    0x00,0x00,0x72,0x72,0x68,0x68,0x4A,0x4A,0x00,0x00,0x4A,0x4A,0x00,0x00,0x00,0x00,
    0x00,0x00,0x00,0x00,0x48,0x48,0x2A,0x2A,0x00,0x00,0x68,0x68,0x28,0x28,0x00,0x00,
    0x00,0x00,0x00,0x00,0x00,0x00,0x00,0x00,0x00,0x00,0x00,0x00,0x00,0x00,0x00,0x00,
    0x00,0x00,0x00,0x00,0x00,0x00,0x00,0x00,0x00,0x00,0x00,0x00,0x00,0x00,0x00,0x00,
    0x02,0x02,0x02,0x02,0x02,0x02,0x02,0x02,0x02,0x02,0x02,0x02,0x02,0x02,0x02,0x02,
    0x02,0x02,0x02,0x02,0x02,0x02,0x02,0x02,0x02,0x02,0x02,0x02,0x02,0x02,0x02,0x02,
    0x02,0x02,0x50,0x50,0x02,0x02,0x02,0x02,0x02,0x02,0x02,0x02,0x02,0x02,0x02,0x02,
    0x02,0x02,0x02,0x02,0x02,0x02,0x02,0x02,0x02,0x02,0x30,0x30,0x30,0x30,0x02,0x02,
    0x28,0x28,0x10,0x29,0x18,0x18,0x10,0x29,0x39,0x39,0x18,0x18,0x00,0x00,0x00,0x00,
    0x38,0x38,0x38,0x38,0x18,0x18,0x10,0x10,0x38,0x38,0x50,0x50,0x08,0x08,0x28,0x28,
    0x00,0x00,0x28,0x28,0x68,0x68,0x28,0x28,0x00,0x00,0x39,0x39,0x58,0x58,0x28,0x28,
    0x00,0x00,0x00,0x00,0x19,0x19,0x30,0x30,0x51,0x29,0x19,0x19,0x18,0x18,0x48,0x48,
    0x29,0x29,0x11,0x11,0x11,0x11,0x19,0x19,0x29,0x29,0x19,0x19,0x00,0x00,0x00,0x00,
    0x00,0x00,0x29,0x29,0x29,0x29,0x31,0x31,0x00,0x00,0x00,0x00,0x29,0x29,0x00,0x00,
    0x29,0x29,0x19,0x19,0x11,0x11,0x19,0x19,0x01,0x01,0x11,0x11,0x11,0x11,0x18,0x18,
    0x00,0x00,0x29,0x29,0x29,0x11,0x19,0x19,0x11,0x11,0x11,0x11,0x11,0x11,0x11,0x11,
    0x29,0x29,0x09,0x29,0x09,0x09,0x11,0x11,0x29,0x29,0x51,0x09,0x31,0x31,0x01,0x01,
    0x01,0x01,0x09,0x09,0x29,0x29,0x09,0x09,0x29,0x29,0x09,0x29,0x01,0x01,0x29,0x29,
    0x01,0x01,0x29,0x29,0x29,0x29,0x38,0x38,0x01,0x01,0x01,0x01,0x29,0x29,0x58,0x58,
    0x01,0x01,0x01,0x01,0x51,0x51,0x29,0x29,0x51,0x51,0x01,0x01,0x01,0x01,0x29,0x29,
    0x13,0x2B,0x2B,0x2B,0x03,0x03,0x03,0x03,0x2B,0x2B,0x2B,0x2B,0x03,0x03,0x03,0x03,
    0x5A,0x5A,0x2B,0x2B,0x03,0x03,0x03,0x03,0x2A,0x2A,0x0B,0x0B,0x0B,0x0B,0x03,0x03,
    0x13,0x13,0x2B,0x03,0x33,0x2B,0x03,0x03,0x13,0x13,0x2B,0x2B,0x0B,0x0B,0x03,0x03,
    0x03,0x03,0x2B,0x2B,0x0B,0x0B,0x03,0x03,0x1B,0x1B,0x33,0x0B,0x2B,0x2B,0x03,0x03,
    0x5A,0x1A,0x13,0x13,0x3A,0x3A,0x03,0x03,0x1B,0x1B,0x03,0x03,0x2B,0x2B,0x02,0x02,
    0x02,0x02,0x2B,0x2B,0x1B,0x3A,0x33,0x33,0x13,0x13,0x1B,0x1B,0x52,0x5A,0x02,0x02,
    0x02,0x02,0x02,0x02,0x02,0x02,0x02,0x02,0x33,0x33,0x2B,0x2B,0x2B,0x2B,0x02,0x02,
    0x02,0x02,0x02,0x02,0x2B,0x2B,0x2B,0x2B,0x02,0x02,0x13,0x13,0x0B,0x0B,0x03,0x03,
    0x4A,0x4A,0x3A,0x3A,0x1B,0x1B,0x02,0x02,0x52,0x52,0x52,0x52,0x02,0x02,0x02,0x02,
    0x02,0x02,0x32,0x32,0x4A,0x4A,0x02,0x02,0x6A,0x6A,0x02,0x02,0x4A,0x4A,0x02,0x02,
    0x02,0x02,0x78,0x78,0x72,0x72,0x53,0x53,0x52,0x52,0x3A,0x3A,0x32,0x32,0x02,0x02,
    0x02,0x02,0x4A,0x4A,0x33,0x33,0x53,0x53,0x32,0x32,0x1B,0x1B,0x2A,0x2A,0x32,0x32,
    0x00,0x00,0x00,0x00,0x70,0x70,0x00,0x00,0x70,0x70,0x4A,0x4A,0x00,0x00,0x00,0x00,
    0x00,0x00,0x00,0x00,0x78,0x78,0x00,0x00,0x00,0x00,0x00,0x00,0x00,0x00,0x00,0x00,
    0x00,0x00,0x00,0x00,0x00,0x00,0x00,0x00,0x00,0x00,0x00,0x00,0x00,0x00,0x00,0x00,
    0x00,0x00,0x00,0x00,0x00,0x00,0x00,0x00,0x00,0x00,0x00,0x00,0x00,0x00,0x00,0x00,
    0x4A,0x4A,0x52,0x52,0x2A,0x2A,0x02,0x02,0x02,0x02,0x02,0x02,0x02,0x02,0x02,0x02,
    0x78,0x78,0x50,0x48,0x02,0x02,0x02,0x02,0x52,0x52,0x78,0x78,0x02,0x02,0x02,0x02,
    0x42,0x52,0x22,0x22,0x68,0x52,0x02,0x02,0x70,0x70,0x2A,0x22,0x52,0x52,0x02,0x02,
    0x02,0x02,0x02,0x02,0x2A,0x62,0x52,0x52,0x48,0x48,0x4A,0x42,0x22,0x22,0x02,0x02,
    0x62,0x62,0x28,0x6A,0x68,0x28,0x00,0x00,0x60,0x60,0x4A,0x4A,0x4A,0x4A,0x00,0x00,
    0x00,0x00,0x78,0x78,0x40,0x40,0x00,0x00,0x6A,0x6A,0x28,0x68,0x60,0x60,0x00,0x00,
    0x00,0x00,0x00,0x00,0x68,0x68,0x00,0x00,0x70,0x70,0x00,0x00,0x00,0x00,0x00,0x00,
    0x00,0x00,0x00,0x00,0x00,0x00,0x00,0x00,0x28,0x28,0x68,0x68,0x4A,0x4A,0x00,0x00,
    0x18,0x31,0x30,0x50,0x30,0x30,0x00,0x00,0x50,0x50,0x50,0x50,0x00,0x00,0x00,0x00,
    0x08,0x08,0x18,0x18,0x28,0x28,0x00,0x00,0x38,0x38,0x30,0x30,0x38,0x38,0x00,0x00,
    0x11,0x11,0x10,0x10,0x08,0x08,0x00,0x00,0x10,0x58,0x08,0x08,0x31,0x31,0x00,0x00,
    0x00,0x00,0x00,0x00,0x58,0x58,0x00,0x00,0x19,0x19,0x30,0x30,0x10,0x10,0x00,0x00,
    0x09,0x31,0x39,0x11,0x31,0x39,0x01,0x01,0x11,0x11,0x38,0x38,0x01,0x01,0x01,0x01,
    0x51,0x51,0x49,0x49,0x51,0x58,0x50,0x50,0x11,0x11,0x11,0x11,0x09,0x29,0x01,0x01,
    0x01,0x01,0x01,0x01,0x01,0x01,0x01,0x01,0x01,0x01,0x01,0x01,0x01,0x01,0x01,0x01,
    0x01,0x01,0x01,0x01,0x01,0x01,0x01,0x01,0x01,0x01,0x01,0x01,0x01,0x01,0x01,0x01,
    0x03,0x03,0x2B,0x03,0x2B,0x2B,0x03,0x03,0x03,0x03,0x3A,0x33,0x03,0x03,0x03,0x03,
    0x03,0x03,0x33,0x33,0x2B,0x2B,0x03,0x03,0x7B,0x7B,0x13,0x13,0x0B,0x0B,0x03,0x03,
    0x1B,0x1B,0x5B,0x03,0x3B,0x03,0x5B,0x5B,0x5A,0x5A,0x33,0x33,0x03,0x03,0x03,0x03,
    0x03,0x03,0x03,0x03,0x03,0x03,0x2B,0x2B,0x52,0x52,0x5B,0x3A,0x5B,0x33,0x5B,0x5B,
    0x2A,0x2A,0x3A,0x0A,0x32,0x2A,0x13,0x13,0x52,0x4A,0x02,0x02,0x22,0x22,0x02,0x02,
    0x02,0x02,0x02,0x02,0x12,0x12,0x3B,0x3B,0x6A,0x6A,0x02,0x02,0x02,0x3A,0x33,0x33,
    0x02,0x02,0x02,0x02,0x02,0x02,0x53,0x53,0x02,0x02,0x5A,0x5A,0x32,0x32,0x02,0x02,
    0x02,0x02,0x48,0x48,0x4A,0x4A,0x52,0x52,0x70,0x70,0x52,0x3A,0x32,0x32,0x3A,0x3A,
    0x68,0x68,0x2A,0x3A,0x2A,0x52,0x4A,0x4A,0x60,0x60,0x2A,0x4A,0x68,0x68,0x02,0x02,
    0x02,0x02,0x02,0x02,0x60,0x60,0x52,0x52,0x6A,0x6A,0x6A,0x6A,0x6A,0x6A,0x02,0x02,
    0x40,0x40,0x48,0x20,0x20,0x68,0x4A,0x4A,0x70,0x70,0x60,0x6A,0x40,0x40,0x52,0x52,
    0x02,0x02,0x68,0x68,0x20,0x20,0x4A,0x4A,0x60,0x60,0x68,0x6A,0x28,0x68,0x68,0x68,
    0x38,0x38,0x50,0x58,0x68,0x48,0x2A,0x2A,0x30,0x30,0x20,0x20,0x08,0x08,0x00,0x00,
    0x00,0x00,0x08,0x08,0x30,0x30,0x42,0x42,0x59,0x59,0x30,0x00,0x00,0x00,0x00,0x00,
    0x00,0x00,0x00,0x00,0x00,0x00,0x00,0x00,0x00,0x00,0x28,0x28,0x58,0x58,0x00,0x00,
    0x00,0x00,0x00,0x00,0x28,0x28,0x00,0x00,0x00,0x00,0x48,0x48,0x30,0x30,0x00,0x00,
    0x02,0x02,0x02,0x02,0x02,0x02,0x02,0x02,0x02,0x02,0x02,0x02,0x02,0x02,0x02,0x02,
    0x02,0x02,0x02,0x02,0x02,0x02,0x02,0x02,0x02,0x02,0x02,0x02,0x02,0x02,0x02,0x02,
    0x70,0x70,0x28,0x28,0x28,0x28,0x00,0x00,0x02,0x02,0x48,0x48,0x20,0x20,0x50,0x50,
    0x02,0x02,0x50,0x50,0x30,0x30,0x48,0x48,0x58,0x58,0x72,0x72,0x28,0x28,0x52,0x2A,
    0x50,0x50,0x00,0x00,0x58,0x51,0x62,0x62,0x30,0x30,0x28,0x28,0x00,0x00,0x28,0x28,
    0x00,0x00,0x00,0x00,0x28,0x28,0x40,0x40,0x30,0x30,0x00,0x00,0x00,0x70,0x28,0x28,
    0x00,0x00,0x50,0x50,0x00,0x00,0x4A,0x4A,0x00,0x00,0x52,0x52,0x28,0x28,0x00,0x00,
    0x00,0x00,0x51,0x51,0x38,0x38,0x50,0x50,0x29,0x29,0x59,0x59,0x30,0x30,0x68,0x68,
    0x11,0x11,0x18,0x59,0x58,0x50,0x38,0x38,0x19,0x19,0x18,0x30,0x00,0x00,0x00,0x00,
    0x31,0x31,0x51,0x51,0x38,0x38,0x38,0x38,0x00,0x00,0x38,0x38,0x59,0x59,0x00,0x00,
    0x01,0x01,0x11,0x31,0x29,0x51,0x18,0x18,0x11,0x11,0x31,0x39,0x11,0x11,0x28,0x28,
    0x00,0x00,0x19,0x19,0x51,0x11,0x19,0x19,0x59,0x19,0x31,0x39,0x11,0x11,0x11,0x11,
    0x01,0x01,0x01,0x29,0x29,0x29,0x19,0x19,0x29,0x29,0x31,0x09,0x09,0x09,0x01,0x01,
    0x01,0x01,0x01,0x01,0x51,0x29,0x11,0x11,0x51,0x29,0x29,0x29,0x01,0x29,0x29,0x29,
    0x01,0x01,0x29,0x29,0x11,0x11,0x31,0x31,0x01,0x01,0x09,0x09,0x39,0x39,0x01,0x01,
    0x01,0x01,0x01,0x01,0x01,0x01,0x29,0x29,0x51,0x51,0x11,0x11,0x09,0x09,0x29,0x29,
    0x53,0x53,0x2B,0x2B,0x03,0x03,0x03,0x03,0x03,0x03,0x03,0x03,0x03,0x03,0x03,0x03,
    0x03,0x03,0x2B,0x2B,0x2B,0x2B,0x03,0x03,0x03,0x03,0x2B,0x2B,0x03,0x03,0x2B,0x2B,
    0x33,0x33,0x2B,0x0B,0x0B,0x0B,0x03,0x03,0x3B,0x3B,0x03,0x03,0x1B,0x1B,0x03,0x03,
    0x03,0x03,0x53,0x53,0x33,0x33,0x53,0x53,0x03,0x03,0x03,0x03,0x0B,0x0B,0x2B,0x2B,
    0x4A,0x4A,0x12,0x12,0x52,0x1A,0x33,0x33,0x52,0x52,0x53,0x53,0x7A,0x7A,0x02,0x02,
    0x02,0x02,0x3A,0x3A,0x32,0x32,0x3B,0x3B,0x78,0x78,0x1B,0x1B,0x12,0x52,0x02,0x02,
    0x02,0x02,0x02,0x02,0x02,0x02,0x02,0x02,0x02,0x02,0x02,0x02,0x02,0x02,0x02,0x02,
    0x02,0x02,0x02,0x02,0x3A,0x3A,0x02,0x02,0x02,0x02,0x3B,0x3B,0x33,0x33,0x2B,0x2B,
    0x28,0x28,0x4A,0x4A,0x53,0x53,0x53,0x53,0x70,0x70,0x02,0x02,0x70,0x70,0x02,0x02,
    0x28,0x28,0x68,0x68,0x02,0x02,0x02,0x02,0x28,0x28,0x48,0x48,0x72,0x72,0x02,0x02,
    0x28,0x28,0x62,0x62,0x6A,0x6A,0x33,0x33,0x02,0x02,0x70,0x70,0x70,0x70,0x02,0x02,
    0x02,0x02,0x02,0x02,0x3A,0x3A,0x2A,0x2A,0x68,0x68,0x5A,0x5A,0x52,0x52,0x02,0x02,
    0x00,0x00,0x60,0x60,0x48,0x48,0x79,0x79,0x00,0x00,0x70,0x70,0x28,0x28,0x00,0x00,
    0x00,0x00,0x00,0x00,0x40,0x40,0x00,0x00,0x00,0x00,0x52,0x52,0x62,0x62,0x00,0x00,
    0x00,0x00,0x00,0x00,0x00,0x00,0x00,0x00,0x00,0x00,0x00,0x00,0x00,0x00,0x00,0x00,
    0x00,0x00,0x00,0x00,0x00,0x00,0x00,0x00,0x00,0x00,0x00,0x00,0x00,0x00,0x00,0x00,
    0x02,0x02,0x02,0x02,0x02,0x02,0x02,0x02,0x02,0x02,0x02,0x02,0x02,0x02,0x02,0x02,
    0x02,0x02,0x02,0x02,0x02,0x02,0x02,0x02,0x50,0x50,0x00,0x00,0x02,0x02,0x02,0x02,
    0x50,0x50,0x68,0x68,0x40,0x40,0x02,0x02,0x50,0x50,0x70,0x70,0x00,0x00,0x02,0x02,
    0x02,0x02,0x02,0x02,0x48,0x48,0x02,0x02,0x50,0x50,0x48,0x48,0x40,0x40,0x02,0x02,
    0x50,0x50,0x40,0x40,0x40,0x40,0x52,0x52,0x28,0x28,0x68,0x68,0x28,0x28,0x00,0x00,
    0x00,0x00,0x48,0x48,0x20,0x20,0x00,0x00,0x28,0x28,0x00,0x00,0x20,0x20,0x00,0x00,
    0x00,0x00,0x00,0x00,0x00,0x00,0x00,0x00,0x00,0x00,0x00,0x00,0x00,0x00,0x00,0x00,
    0x00,0x00,0x00,0x00,0x00,0x00,0x00,0x00,0x00,0x00,0x72,0x72,0x48,0x48,0x00,0x00,
    0x30,0x30,0x30,0x30,0x00,0x00,0x00,0x00,0x00,0x00,0x00,0x00,0x00,0x00,0x00,0x00,
    0x00,0x00,0x00,0x00,0x00,0x00,0x00,0x00,0x31,0x31,0x29,0x29,0x31,0x31,0x00,0x00,
    0x29,0x29,0x08,0x08,0x10,0x10,0x00,0x00,0x19,0x19,0x08,0x08,0x30,0x30,0x00,0x00,
    0x00,0x00,0x28,0x28,0x28,0x28,0x00,0x00,0x30,0x30,0x28,0x28,0x08,0x08,0x00,0x00,
    0x09,0x09,0x11,0x11,0x11,0x11,0x01,0x01,0x31,0x31,0x39,0x39,0x31,0x31,0x01,0x01,
    0x01,0x01,0x39,0x39,0x11,0x59,0x50,0x50,0x01,0x01,0x19,0x19,0x11,0x11,0x51,0x51,
    0x01,0x01,0x01,0x01,0x51,0x51,0x01,0x01,0x01,0x01,0x39,0x39,0x01,0x01,0x01,0x01,
    0x01,0x01,0x01,0x01,0x01,0x01,0x01,0x01,0x01,0x01,0x01,0x01,0x59,0x59,0x01,0x01,
    0x03,0x03,0x03,0x03,0x03,0x03,0x03,0x03,0x03,0x03,0x03,0x03,0x03,0x03,0x03,0x03,
    0x03,0x03,0x03,0x03,0x03,0x03,0x03,0x03,0x03,0x03,0x03,0x03,0x03,0x03,0x03,0x03,
    0x03,0x03,0x03,0x03,0x03,0x03,0x03,0x03,0x03,0x03,0x03,0x03,0x03,0x03,0x03,0x03,
    0x03,0x03,0x03,0x03,0x03,0x03,0x03,0x03,0x03,0x03,0x03,0x03,0x03,0x03,0x03,0x03,
    0x02,0x02,0x02,0x02,0x02,0x02,0x02,0x02,0x02,0x02,0x02,0x02,0x28,0x28,0x02,0x02,
    0x02,0x02,0x02,0x02,0x50,0x50,0x02,0x02,0x02,0x02,0x28,0x28,0x28,0x28,0x02,0x02,
    0x02,0x02,0x02,0x02,0x02,0x02,0x02,0x02,0x02,0x02,0x02,0x02,0x02,0x02,0x02,0x02,
    0x02,0x02,0x02,0x02,0x02,0x02,0x02,0x02,0x02,0x02,0x02,0x02,0x02,0x02,0x02,0x02,
    0x02,0x02,0x02,0x02,0x02,0x02,0x02,0x02,0x02,0x02,0x02,0x02,0x02,0x02,0x02,0x02,
    0x02,0x02,0x02,0x02,0x02,0x02,0x02,0x02,0x02,0x02,0x28,0x28,0x28,0x28,0x02,0x02,
    0x02,0x02,0x02,0x02,0x02,0x02,0x02,0x02,0x02,0x02,0x28,0x28,0x28,0x28,0x02,0x02,
    0x02,0x02,0x02,0x02,0x02,0x02,0x02,0x02,0x02,0x02,0x28,0x28,0x28,0x28,0x50,0x50,
    0x00,0x00,0x00,0x00,0x00,0x00,0x00,0x00,0x00,0x00,0x00,0x00,0x00,0x00,0x00,0x00,
    0x00,0x00,0x00,0x00,0x00,0x00,0x00,0x00,0x00,0x00,0x00,0x00,0x00,0x00,0x00,0x00,
    0x00,0x00,0x00,0x00,0x00,0x00,0x00,0x00,0x00,0x00,0x00,0x00,0x00,0x00,0x00,0x00,
    0x00,0x00,0x00,0x00,0x00,0x00,0x00,0x00,0x00,0x00,0x00,0x00,0x00,0x00,0x00,0x00,
    0x02,0x02,0x02,0x02,0x02,0x02,0x02,0x02,0x02,0x02,0x02,0x02,0x02,0x02,0x02,0x02,
    0x02,0x02,0x02,0x02,0x02,0x02,0x02,0x02,0x02,0x02,0x02,0x02,0x02,0x02,0x02,0x02,
    0x02,0x02,0x02,0x02,0x02,0x02,0x02,0x02,0x02,0x02,0x02,0x02,0x02,0x02,0x02,0x02,
    0x02,0x02,0x02,0x02,0x02,0x02,0x02,0x02,0x02,0x02,0x02,0x02,0x02,0x02,0x02,0x02,
    0x00,0x00,0x00,0x00,0x00,0x00,0x00,0x00,0x00,0x00,0x00,0x00,0x00,0x00,0x00,0x00,
    0x00,0x00,0x00,0x00,0x00,0x00,0x00,0x00,0x00,0x00,0x39,0x39,0x00,0x00,0x00,0x00,
    0x00,0x00,0x00,0x00,0x00,0x00,0x00,0x00,0x00,0x00,0x00,0x00,0x00,0x00,0x00,0x00,
    0x00,0x00,0x00,0x00,0x00,0x00,0x00,0x00,0x00,0x00,0x00,0x00,0x00,0x00,0x00,0x00,
    0x00,0x00,0x00,0x00,0x00,0x00,0x00,0x00,0x00,0x00,0x00,0x00,0x00,0x00,0x00,0x00,
    0x00,0x00,0x00,0x00,0x00,0x00,0x00,0x00,0x00,0x00,0x00,0x00,0x00,0x00,0x00,0x00,
    0x00,0x00,0x00,0x00,0x00,0x00,0x00,0x00,0x00,0x00,0x51,0x51,0x00,0x00,0x00,0x00,
    0x00,0x00,0x00,0x00,0x00,0x00,0x00,0x00,0x00,0x00,0x00,0x00,0x00,0x00,0x00,0x00,
    0x01,0x01,0x01,0x01,0x01,0x01,0x01,0x01,0x01,0x01,0x01,0x01,0x01,0x01,0x01,0x01,
    0x01,0x01,0x01,0x01,0x01,0x01,0x01,0x01,0x01,0x01,0x01,0x01,0x01,0x01,0x01,0x01,
    0x01,0x01,0x01,0x01,0x01,0x01,0x01,0x01,0x01,0x01,0x01,0x01,0x01,0x01,0x01,0x01,
    0x01,0x01,0x01,0x01,0x01,0x01,0x01,0x01,0x01,0x01,0x01,0x01,0x01,0x01,0x51,0x51,
    0x3A,0x5A,0x33,0x33,0x2B,0x2B,0x03,0x03,0x2B,0x2B,0x03,0x03,0x03,0x03,0x03,0x03,
    0x3B,0x3B,0x33,0x33,0x53,0x53,0x03,0x03,0x3B,0x3B,0x2B,0x2B,0x33,0x33,0x03,0x03,
    0x2B,0x2B,0x33,0x33,0x5B,0x33,0x03,0x03,0x03,0x03,0x2B,0x2B,0x2B,0x2B,0x03,0x03,
    0x03,0x03,0x03,0x03,0x03,0x03,0x03,0x03,0x53,0x53,0x33,0x33,0x2B,0x2B,0x03,0x03,
    0x3A,0x3A,0x33,0x33,0x13,0x13,0x02,0x02,0x3B,0x3B,0x2B,0x2B,0x5A,0x33,0x02,0x02,
    0x02,0x02,0x5B,0x5B,0x13,0x13,0x02,0x02,0x5A,0x5A,0x33,0x33,0x13,0x13,0x53,0x53,
    0x02,0x02,0x02,0x02,0x02,0x02,0x02,0x02,0x02,0x02,0x02,0x02,0x02,0x02,0x02,0x02,
    0x02,0x02,0x02,0x02,0x02,0x02,0x02,0x02,0x02,0x02,0x32,0x32,0x2B,0x2B,0x02,0x02,
    0x02,0x02,0x02,0x02,0x2A,0x2A,0x02,0x02,0x02,0x02,0x02,0x02,0x02,0x02,0x02,0x02,
    0x02,0x02,0x02,0x02,0x5A,0x5A,0x02,0x02,0x52,0x52,0x02,0x02,0x5A,0x5A,0x02,0x02,
    0x02,0x02,0x52,0x52,0x02,0x02,0x02,0x02,0x2A,0x2A,0x52,0x52,0x52,0x52,0x02,0x02,
    0x02,0x02,0x02,0x02,0x02,0x02,0x02,0x02,0x2A,0x2A,0x3A,0x3A,0x2A,0x2A,0x02,0x02,
    0x00,0x00,0x00,0x00,0x72,0x72,0x00,0x00,0x00,0x00,0x00,0x00,0x00,0x00,0x00,0x00,
    0x00,0x00,0x00,0x00,0x78,0x78,0x00,0x00,0x00,0x00,0x00,0x00,0x00,0x00,0x00,0x00,
    0x00,0x00,0x00,0x00,0x00,0x00,0x00,0x00,0x00,0x00,0x00,0x00,0x00,0x00,0x00,0x00,
    0x00,0x00,0x00,0x00,0x00,0x00,0x00,0x00,0x00,0x00,0x00,0x00,0x00,0x00,0x00,0x00,
    0x70,0x72,0x02,0x02,0x02,0x02,0x02,0x02,0x7B,0x7B,0x02,0x02,0x02,0x02,0x02,0x02,
    0x50,0x28,0x02,0x02,0x02,0x02,0x02,0x02,0x48,0x38,0x02,0x02,0x3A,0x3A,0x02,0x02,
    0x72,0x72,0x3A,0x3A,0x5B,0x5B,0x02,0x02,0x78,0x78,0x02,0x02,0x02,0x02,0x02,0x02,
    0x02,0x02,0x5A,0x5A,0x02,0x02,0x02,0x02,0x28,0x28,0x02,0x02,0x4A,0x4A,0x02,0x02,
    0x2A,0x2A,0x4A,0x4A,0x02,0x02,0x00,0x00,0x00,0x00,0x00,0x00,0x00,0x00,0x00,0x00,
    0x2A,0x2A,0x6A,0x6A,0x22,0x22,0x2A,0x2A,0x2A,0x2A,0x4A,0x4A,0x2A,0x52,0x32,0x32,
    0x00,0x00,0x00,0x00,0x00,0x00,0x00,0x00,0x00,0x00,0x00,0x00,0x00,0x00,0x00,0x00,
    0x00,0x00,0x00,0x00,0x00,0x00,0x00,0x00,0x00,0x00,0x00,0x00,0x4A,0x4A,0x00,0x00,
    0x39,0x49,0x30,0x30,0x50,0x50,0x00,0x00,0x38,0x38,0x28,0x28,0x00,0x00,0x00,0x00,
    0x58,0x71,0x59,0x10,0x48,0x48,0x00,0x00,0x29,0x69,0x39,0x39,0x31,0x31,0x00,0x00,
    0x38,0x38,0x50,0x50,0x30,0x30,0x00,0x00,0x28,0x28,0x30,0x30,0x00,0x00,0x00,0x00,
    0x00,0x00,0x59,0x59,0x00,0x00,0x00,0x00,0x39,0x39,0x38,0x38,0x58,0x58,0x00,0x00,
    0x31,0x31,0x38,0x38,0x01,0x01,0x01,0x01,0x29,0x29,0x01,0x01,0x01,0x01,0x01,0x01,
    0x38,0x38,0x31,0x31,0x38,0x59,0x01,0x01,0x29,0x29,0x39,0x39,0x39,0x39,0x51,0x51,
    0x51,0x51,0x59,0x59,0x01,0x01,0x01,0x01,0x01,0x01,0x01,0x01,0x71,0x71,0x01,0x01,
    0x01,0x01,0x01,0x01,0x01,0x01,0x01,0x01,0x01,0x01,0x01,0x01,0x01,0x01,0x01,0x01,
    0x0B,0x53,0x13,0x33,0x13,0x53,0x03,0x03,0x3B,0x33,0x3B,0x3B,0x03,0x03,0x03,0x03,
    0x7B,0x7B,0x2B,0x33,0x5B,0x33,0x4B,0x4B,0x3A,0x32,0x33,0x3B,0x2B,0x33,0x3B,0x3B,
    0x13,0x13,0x13,0x03,0x33,0x0B,0x03,0x03,0x13,0x13,0x13,0x0B,0x2B,0x03,0x2B,0x2B,
    0x03,0x03,0x13,0x13,0x5B,0x1A,0x0B,0x0B,0x5A,0x5A,0x3B,0x5A,0x13,0x13,0x0B,0x0B,
    0x4A,0x6A,0x4A,0x52,0x0A,0x12,0x02,0x02,0x68,0x68,0x2A,0x4A,0x2A,0x2A,0x5A,0x5A,
    0x52,0x52,0x2A,0x02,0x0A,0x0A,0x3B,0x3B,0x72,0x72,0x4A,0x02,0x2A,0x2A,0x13,0x13,
    0x02,0x02,0x33,0x33,0x7B,0x7B,0x02,0x02,0x02,0x02,0x32,0x32,0x02,0x02,0x02,0x02,
    0x02,0x02,0x02,0x02,0x68,0x68,0x02,0x02,0x72,0x72,0x68,0x68,0x5B,0x5B,0x33,0x33,
    0x28,0x62,0x4A,0x72,0x42,0x4A,0x02,0x02,0x02,0x02,0x72,0x72,0x02,0x02,0x02,0x02,
    0x50,0x50,0x28,0x6A,0x28,0x60,0x4A,0x4A,0x48,0x48,0x70,0x6A,0x60,0x60,0x02,0x02,
    0x30,0x48,0x20,0x28,0x00,0x20,0x52,0x52,0x62,0x62,0x20,0x48,0x42,0x42,0x72,0x72,
    0x02,0x02,0x4A,0x4A,0x50,0x60,0x4A,0x4A,0x72,0x52,0x00,0x60,0x28,0x48,0x2A,0x2A,
    0x38,0x38,0x50,0x20,0x50,0x50,0x00,0x00,0x28,0x28,0x00,0x00,0x08,0x08,0x00,0x00,
    0x00,0x00,0x40,0x40,0x40,0x28,0x00,0x00,0x50,0x50,0x40,0x40,0x28,0x30,0x52,0x52,
    0x00,0x00,0x00,0x00,0x00,0x00,0x00,0x00,0x00,0x00,0x28,0x28,0x00,0x00,0x00,0x00,
    0x00,0x00,0x00,0x00,0x00,0x00,0x00,0x00,0x00,0x00,0x00,0x00,0x50,0x50,0x00,0x00,
    0x50,0x50,0x02,0x02,0x02,0x02,0x02,0x02,0x02,0x02,0x02,0x02,0x02,0x02,0x02,0x02,
    0x02,0x02,0x02,0x02,0x02,0x02,0x02,0x02,0x02,0x02,0x02,0x02,0x02,0x02,0x02,0x02,
    0x50,0x50,0x40,0x40,0x00,0x00,0x28,0x28,0x02,0x02,0x6A,0x6A,0x48,0x48,0x02,0x02,
    0x02,0x02,0x38,0x38,0x72,0x52,0x02,0x02,0x02,0x02,0x28,0x68,0x48,0x48,0x02,0x02,
    0x10,0x10,0x00,0x68,0x30,0x30,0x28,0x28,0x18,0x18,0x08,0x08,0x00,0x00,0x28,0x28,
    0x48,0x48,0x00,0x00,0x40,0x40,0x00,0x00,0x18,0x18,0x00,0x50,0x00,0x28,0x60,0x60,
    0x00,0x00,0x68,0x68,0x30,0x30,0x00,0x00,0x29,0x29,0x30,0x30,0x68,0x68,0x6A,0x6A,
    0x00,0x00,0x00,0x00,0x39,0x39,0x00,0x00,0x00,0x00,0x29,0x29,0x30,0x30,0x00,0x00,
    0x11,0x11,0x29,0x11,0x19,0x19,0x30,0x30,0x39,0x39,0x38,0x38,0x29,0x39,0x00,0x00,
    0x29,0x29,0x10,0x10,0x51,0x18,0x30,0x30,0x31,0x31,0x10,0x10,0x38,0x38,0x00,0x00,
    0x29,0x29,0x09,0x29,0x29,0x29,0x19,0x19,0x59,0x19,0x01,0x31,0x51,0x18,0x28,0x28,
    0x00,0x00,0x19,0x19,0x19,0x19,0x19,0x19,0x31,0x31,0x29,0x19,0x51,0x18,0x10,0x10,
    0x51,0x09,0x01,0x29,0x29,0x29,0x31,0x31,0x29,0x29,0x29,0x01,0x29,0x29,0x01,0x01,
    0x31,0x31,0x01,0x31,0x29,0x29,0x11,0x11,0x01,0x01,0x29,0x01,0x29,0x01,0x09,0x09,
    0x01,0x01,0x11,0x11,0x29,0x29,0x01,0x01,0x29,0x29,0x51,0x29,0x01,0x01,0x51,0x51,
    0x01,0x01,0x01,0x01,0x51,0x51,0x01,0x01,0x01,0x01,0x29,0x29,0x01,0x01,0x01,0x01,
    0x0B,0x33,0x03,0x53,0x33,0x2B,0x2B,0x2B,0x03,0x53,0x53,0x03,0x2B,0x2B,0x03,0x03,
    0x53,0x2B,0x33,0x03,0x3B,0x03,0x33,0x33,0x33,0x33,0x2B,0x2B,0x33,0x33,0x53,0x03,
    0x0B,0x32,0x1B,0x33,0x3A,0x2B,0x13,0x13,0x3A,0x3A,0x1B,0x33,0x0B,0x0B,0x2B,0x2B,
    0x03,0x03,0x33,0x0B,0x2B,0x1B,0x13,0x13,0x5B,0x32,0x13,0x33,0x33,0x13,0x0B,0x0B,
    0x2A,0x32,0x1B,0x0B,0x1A,0x13,0x0B,0x0B,0x1B,0x1B,0x0B,0x2B,0x1B,0x1B,0x02,0x02,
    0x2B,0x2B,0x13,0x13,0x12,0x1B,0x13,0x2B,0x3B,0x3B,0x1A,0x3A,0x1A,0x1B,0x13,0x13,
    0x02,0x02,0x1A,0x1A,0x3A,0x3A,0x53,0x53,0x3A,0x3A,0x13,0x13,0x33,0x33,0x02,0x02,
    0x02,0x02,0x52,0x52,0x1A,0x1A,0x13,0x13,0x1A,0x1A,0x1A,0x1A,0x1A,0x1A,0x13,0x13,
    0x68,0x4A,0x02,0x02,0x32,0x32,0x2B,0x2B,0x52,0x52,0x3A,0x3A,0x02,0x02,0x02,0x02,
    0x02,0x02,0x50,0x22,0x62,0x62,0x3A,0x3A,0x6A,0x6A,0x2A,0x2A,0x22,0x22,0x02,0x02,
    0x6A,0x6A,0x50,0x42,0x4A,0x72,0x3B,0x3B,0x6A,0x6A,0x70,0x4A,0x2A,0x2A,0x52,0x52,
    0x02,0x02,0x72,0x72,0x50,0x42,0x32,0x32,0x52,0x52,0x52,0x52,0x22,0x22,0x2A,0x2A,
    0x50,0x50,0x70,0x68,0x50,0x72,0x00,0x00,0x70,0x70,0x70,0x70,0x48,0x48,0x00,0x00,
    0x50,0x50,0x48,0x48,0x60,0x70,0x00,0x00,0x48,0x48,0x40,0x50,0x62,0x50,0x72,0x72,
    0x00,0x00,0x00,0x00,0x00,0x00,0x00,0x00,0x00,0x00,0x28,0x28,0x00,0x00,0x00,0x00,
    0x00,0x00,0x00,0x00,0x00,0x00,0x00,0x00,0x00,0x00,0x00,0x00,0x00,0x00,0x00,0x00,
    0x02,0x02,0x2A,0x2A,0x42,0x42,0x02,0x02,0x32,0x32,0x32,0x32,0x02,0x02,0x02,0x02,
    0x02,0x02,0x2A,0x2A,0x32,0x02,0x02,0x02,0x02,0x02,0x02,0x02,0x5A,0x5A,0x02,0x02,
    0x4A,0x4A,0x6A,0x2A,0x42,0x42,0x3A,0x3A,0x68,0x68,0x4A,0x2A,0x42,0x42,0x02,0x02,
    0x02,0x02,0x2A,0x2A,0x42,0x4A,0x52,0x52,0x60,0x60,0x62,0x4A,0x68,0x42,0x52,0x52,
    0x28,0x72,0x62,0x62,0x60,0x6A,0x4A,0x4A,0x48,0x40,0x62,0x62,0x40,0x40,0x00,0x00,
    0x52,0x52,0x78,0x6A,0x40,0x68,0x42,0x4A,0x60,0x2A,0x60,0x4A,0x48,0x62,0x68,0x22,
    0x00,0x00,0x6A,0x6A,0x6A,0x6A,0x4A,0x4A,0x28,0x28,0x48,0x70,0x68,0x68,0x00,0x00,
    0x00,0x00,0x4A,0x4A,0x48,0x28,0x60,0x60,0x40,0x40,0x50,0x28,0x50,0x28,0x42,0x42,
    0x18,0x18,0x00,0x00,0x38,0x39,0x28,0x28,0x50,0x50,0x28,0x50,0x30,0x30,0x00,0x00,
    0x00,0x00,0x10,0x10,0x31,0x50,0x08,0x08,0x38,0x38,0x29,0x51,0x18,0x18,0x00,0x00,
    0x29,0x38,0x11,0x51,0x31,0x38,0x10,0x10,0x18,0x29,0x29,0x39,0x10,0x10,0x28,0x28,
    0x00,0x00,0x51,0x08,0x31,0x29,0x28,0x28,0x11,0x31,0x31,0x31,0x29,0x31,0x30,0x30,
    0x29,0x31,0x19,0x19,0x11,0x19,0x10,0x28,0x19,0x19,0x29,0x38,0x11,0x11,0x01,0x01,
    0x19,0x19,0x29,0x11,0x11,0x18,0x08,0x08,0x11,0x39,0x19,0x39,0x11,0x11,0x18,0x18,
    0x09,0x09,0x31,0x09,0x01,0x29,0x51,0x51,0x31,0x51,0x29,0x51,0x01,0x29,0x31,0x31,
    0x01,0x01,0x59,0x59,0x11,0x11,0x31,0x31,0x31,0x31,0x29,0x11,0x01,0x29,0x29,0x29,
    0x03,0x03,0x03,0x03,0x03,0x03,0x03,0x03,0x03,0x03,0x03,0x03,0x03,0x03,0x03,0x03,
    0x03,0x03,0x03,0x03,0x3A,0x5B,0x03,0x03,0x03,0x03,0x2B,0x2B,0x2B,0x2B,0x03,0x03,
    0x03,0x03,0x13,0x13,0x3B,0x3B,0x3A,0x3A,0x03,0x03,0x13,0x13,0x2B,0x2B,0x03,0x03,
    0x03,0x03,0x5A,0x5A,0x3B,0x3B,0x53,0x53,0x03,0x03,0x3A,0x1A,0x1A,0x1A,0x13,0x13,
    0x02,0x02,0x13,0x13,0x72,0x72,0x3A,0x3A,0x78,0x78,0x52,0x52,0x48,0x48,0x02,0x02,
    0x02,0x02,0x5B,0x5B,0x3A,0x3A,0x1B,0x1B,0x28,0x28,0x70,0x70,0x5A,0x5A,0x1B,0x1B,
    0x02,0x02,0x02,0x02,0x5B,0x5B,0x53,0x53,0x02,0x02,0x02,0x02,0x02,0x02,0x02,0x02,
    0x02,0x02,0x02,0x02,0x52,0x52,0x02,0x02,0x02,0x02,0x02,0x02,0x2A,0x2A,0x3B,0x3B,
    0x02,0x02,0x6A,0x6A,0x68,0x68,0x02,0x02,0x02,0x02,0x02,0x02,0x50,0x50,0x02,0x02,
    0x02,0x02,0x02,0x02,0x68,0x68,0x02,0x02,0x02,0x02,0x00,0x00,0x20,0x20,0x02,0x02,
    0x28,0x28,0x60,0x60,0x60,0x60,0x68,0x68,0x28,0x28,0x60,0x60,0x00,0x00,0x28,0x28,
    0x02,0x02,0x72,0x72,0x6A,0x6A,0x6A,0x6A,0x48,0x48,0x40,0x40,0x40,0x40,0x60,0x60,
    0x00,0x00,0x5A,0x5A,0x30,0x30,0x4A,0x4A,0x50,0x50,0x6A,0x6A,0x6A,0x6A,0x00,0x00,
    0x00,0x00,0x00,0x00,0x50,0x50,0x68,0x68,0x00,0x00,0x50,0x50,0x50,0x50,0x70,0x70,
    0x00,0x00,0x00,0x00,0x00,0x00,0x00,0x00,0x00,0x00,0x00,0x00,0x00,0x00,0x00,0x00,
    0x00,0x00,0x00,0x00,0x00,0x00,0x00,0x00,0x00,0x00,0x50,0x50,0x00,0x00,0x00,0x00,
    0x02,0x02,0x02,0x02,0x02,0x02,0x02,0x02,0x02,0x02,0x02,0x02,0x02,0x02,0x02,0x02,
    0x02,0x02,0x02,0x02,0x02,0x02,0x02,0x02,0x02,0x02,0x02,0x02,0x02,0x02,0x02,0x02,
    0x02,0x02,0x28,0x28,0x70,0x70,0x02,0x02,0x02,0x02,0x28,0x28,0x28,0x28,0x02,0x02,
    0x02,0x02,0x78,0x78,0x02,0x02,0x02,0x02,0x39,0x39,0x38,0x38,0x30,0x30,0x30,0x30,
    0x28,0x28,0x28,0x28,0x30,0x30,0x18,0x18,0x30,0x30,0x39,0x39,0x28,0x28,0x48,0x48,
    0x30,0x30,0x28,0x28,0x10,0x10,0x08,0x08,0x30,0x30,0x08,0x08,0x00,0x28,0x00,0x00,
    0x00,0x00,0x68,0x68,0x58,0x58,0x28,0x28,0x00,0x00,0x30,0x30,0x28,0x28,0x28,0x28,
    0x00,0x00,0x00,0x00,0x19,0x19,0x59,0x59,0x38,0x38,0x11,0x11,0x10,0x10,0x30,0x30,
    0x29,0x29,0x11,0x11,0x09,0x09,0x31,0x31,0x29,0x29,0x09,0x09,0x59,0x59,0x00,0x00,
    0x59,0x59,0x00,0x00,0x31,0x31,0x30,0x30,0x51,0x51,0x38,0x38,0x18,0x18,0x00,0x00,
    0x31,0x31,0x19,0x19,0x19,0x19,0x18,0x18,0x09,0x09,0x18,0x18,0x19,0x19,0x10,0x10,
    0x00,0x00,0x39,0x39,0x11,0x11,0x18,0x18,0x09,0x09,0x19,0x19,0x11,0x11,0x18,0x18,
    0x29,0x29,0x01,0x01,0x01,0x01,0x09,0x09,0x29,0x29,0x09,0x09,0x29,0x29,0x01,0x01,
    0x29,0x29,0x09,0x09,0x01,0x51,0x11,0x11,0x29,0x29,0x01,0x29,0x09,0x09,0x11,0x11,
    0x01,0x01,0x01,0x01,0x09,0x09,0x01,0x01,0x01,0x01,0x01,0x01,0x29,0x29,0x01,0x01,
    0x01,0x01,0x29,0x29,0x29,0x29,0x29,0x29,0x01,0x01,0x01,0x01,0x29,0x29,0x01,0x01,
    0x1A,0x1B,0x2B,0x53,0x2B,0x0B,0x03,0x03,0x33,0x2B,0x2B,0x2B,0x03,0x03,0x03,0x03,
    0x5A,0x3A,0x2B,0x0B,0x0B,0x0B,0x03,0x03,0x33,0x3B,0x2B,0x0B,0x53,0x0B,0x03,0x03,
    0x1B,0x1B,0x53,0x2B,0x33,0x13,0x2B,0x2B,0x5B,0x13,0x33,0x53,0x33,0x33,0x03,0x03,
    0x52,0x52,0x3B,0x3B,0x13,0x13,0x2B,0x2B,0x5A,0x1B,0x33,0x13,0x0B,0x0B,0x03,0x03,
    0x52,0x13,0x13,0x13,0x1B,0x1B,0x33,0x33,0x12,0x12,0x1B,0x1B,0x02,0x02,0x02,0x02,
    0x32,0x32,0x13,0x13,0x13,0x13,0x2B,0x2B,0x1B,0x1B,0x13,0x13,0x1B,0x1B,0x2B,0x2B,
    0x02,0x02,0x02,0x02,0x02,0x02,0x02,0x02,0x02,0x02,0x33,0x33,0x02,0x02,0x02,0x02,
    0x02,0x02,0x02,0x02,0x02,0x02,0x02,0x02,0x5A,0x5A,0x3B,0x3B,0x2B,0x2B,0x02,0x02,
    0x6A,0x6A,0x3A,0x3A,0x52,0x52,0x02,0x02,0x6A,0x6A,0x02,0x02,0x02,0x02,0x02,0x02,
    0x50,0x50,0x02,0x02,0x02,0x02,0x02,0x02,0x50,0x6A,0x52,0x52,0x2A,0x2A,0x02,0x02,
    0x02,0x02,0x02,0x02,0x4A,0x4A,0x02,0x02,0x52,0x52,0x52,0x52,0x6A,0x6A,0x02,0x02,
    0x02,0x02,0x02,0x02,0x52,0x52,0x02,0x02,0x12,0x12,0x32,0x32,0x2A,0x2A,0x02,0x02,
    0x31,0x31,0x00,0x00,0x00,0x00,0x00,0x00,0x00,0x00,0x00,0x00,0x00,0x00,0x00,0x00,
    0x00,0x00,0x00,0x00,0x78,0x78,0x00,0x00,0x00,0x00,0x00,0x00,0x00,0x00,0x00,0x00,
    0x00,0x00,0x00,0x00,0x00,0x00,0x00,0x00,0x00,0x00,0x00,0x00,0x00,0x00,0x00,0x00,
    0x00,0x00,0x00,0x00,0x00,0x00,0x00,0x00,0x00,0x00,0x00,0x00,0x00,0x00,0x00,0x00,
    0x50,0x68,0x6A,0x6A,0x6A,0x6A,0x02,0x02,0x02,0x02,0x02,0x02,0x02,0x02,0x02,0x02,
    0x58,0x30,0x52,0x52,0x02,0x02,0x02,0x02,0x28,0x28,0x68,0x68,0x02,0x02,0x02,0x02,
    0x60,0x68,0x42,0x4A,0x6A,0x6A,0x2A,0x2A,0x68,0x68,0x52,0x2A,0x4A,0x2A,0x02,0x02,
    0x50,0x50,0x00,0x20,0x28,0x20,0x02,0x02,0x40,0x40,0x40,0x40,0x6A,0x6A,0x02,0x02,
    0x62,0x62,0x28,0x42,0x62,0x62,0x6A,0x6A,0x4A,0x4A,0x6A,0x6A,0x00,0x00,0x00,0x00,
    0x00,0x00,0x4A,0x4A,0x68,0x68,0x4A,0x4A,0x40,0x40,0x60,0x60,0x62,0x62,0x6A,0x6A,
    0x00,0x00,0x3A,0x3A,0x00,0x00,0x00,0x00,0x28,0x28,0x28,0x28,0x00,0x00,0x00,0x00,
    0x00,0x00,0x00,0x00,0x00,0x00,0x00,0x00,0x50,0x50,0x48,0x48,0x6A,0x6A,0x00,0x00,
    0x11,0x11,0x10,0x10,0x50,0x50,0x00,0x00,0x31,0x31,0x00,0x00,0x00,0x00,0x00,0x00,
    0x29,0x71,0x39,0x18,0x00,0x00,0x00,0x00,0x29,0x59,0x29,0x10,0x51,0x29,0x00,0x00,
    0x18,0x18,0x19,0x59,0x31,0x59,0x00,0x00,0x30,0x30,0x30,0x30,0x59,0x59,0x00,0x00,
    0x00,0x00,0x31,0x38,0x29,0x59,0x00,0x00,0x11,0x29,0x29,0x38,0x51,0x51,0x00,0x00,
    0x29,0x09,0x31,0x39,0x18,0x29,0x01,0x01,0x11,0x11,0x38,0x38,0x01,0x01,0x01,0x01,
    0x51,0x51,0x59,0x59,0x51,0x29,0x01,0x01,0x11,0x51,0x19,0x19,0x11,0x11,0x01,0x01,
    0x01,0x01,0x71,0x71,0x01,0x01,0x01,0x01,0x01,0x01,0x38,0x38,0x01,0x01,0x01,0x01,
    0x01,0x01,0x01,0x01,0x01,0x01,0x01,0x01,0x01,0x01,0x58,0x58,0x01,0x01,0x01,0x01,
    0x3B,0x3A,0x1B,0x2B,0x3A,0x33,0x03,0x03,0x13,0x13,0x2B,0x2B,0x53,0x53,0x03,0x03,
    0x5A,0x5A,0x32,0x2B,0x3B,0x0B,0x2B,0x2B,0x2A,0x5B,0x33,0x2B,0x33,0x33,0x0B,0x0B,
    0x33,0x3B,0x3B,0x13,0x3B,0x3B,0x33,0x33,0x1A,0x3A,0x32,0x3A,0x3A,0x33,0x33,0x33,
    0x03,0x03,0x3A,0x33,0x72,0x32,0x0B,0x0B,0x5A,0x52,0x12,0x5A,0x3A,0x1A,0x13,0x13,
    0x6A,0x2A,0x42,0x52,0x4A,0x70,0x5B,0x5B,0x60,0x48,0x02,0x2A,0x2A,0x2A,0x02,0x02,
    0x52,0x52,0x6A,0x78,0x6A,0x5A,0x1B,0x1B,0x50,0x28,0x68,0x32,0x62,0x4A,0x1A,0x1A,
    0x02,0x02,0x72,0x72,0x78,0x78,0x5A,0x5A,0x50,0x50,0x48,0x48,0x3A,0x3A,0x02,0x02,
    0x02,0x02,0x00,0x00,0x20,0x20,0x50,0x50,0x70,0x70,0x68,0x68,0x52,0x52,0x5A,0x5A,
    0x68,0x68,0x48,0x42,0x50,0x60,0x62,0x62,0x48,0x48,0x4A,0x4A,0x02,0x02,0x02,0x02,
    0x4A,0x4A,0x62,0x52,0x68,0x48,0x32,0x32,0x48,0x48,0x48,0x40,0x50,0x68,0x68,0x68,
    0x50,0x30,0x40,0x68,0x48,0x28,0x2A,0x2A,0x6A,0x6A,0x40,0x68,0x62,0x62,0x4A,0x4A,
    0x02,0x02,0x42,0x42,0x40,0x28,0x42,0x42,0x28,0x50,0x00,0x48,0x30,0x28,0x42,0x42,
    0x30,0x30,0x58,0x20,0x50,0x48,0x6A,0x6A,0x30,0x30,0x28,0x00,0x20,0x20,0x00,0x00,
    0x50,0x50,0x29,0x20,0x20,0x50,0x48,0x48,0x10,0x10,0x50,0x00,0x39,0x28,0x62,0x62,
    0x00,0x00,0x00,0x00,0x00,0x00,0x00,0x00,0x50,0x50,0x00,0x00,0x00,0x00,0x00,0x00,
    0x00,0x00,0x00,0x00,0x28,0x28,0x00,0x00,0x00,0x00,0x28,0x28,0x48,0x48,0x70,0x70,
    0x02,0x02,0x02,0x02,0x02,0x02,0x02,0x02,0x02,0x02,0x02,0x02,0x02,0x02,0x02,0x02,
    0x02,0x02,0x02,0x02,0x02,0x02,0x02,0x02,0x02,0x02,0x02,0x02,0x02,0x02,0x02,0x02,
    0x28,0x28,0x40,0x40,0x00,0x00,0x02,0x02,0x48,0x48,0x28,0x28,0x28,0x28,0x02,0x02,
    0x02,0x02,0x28,0x28,0x30,0x30,0x28,0x28,0x31,0x31,0x50,0x50,0x48,0x48,0x02,0x02,
    0x28,0x28,0x00,0x00,0x50,0x50,0x68,0x68,0x38,0x38,0x00,0x00,0x00,0x00,0x00,0x00,
    0x30,0x30,0x51,0x00,0x28,0x28,0x28,0x28,0x39,0x39,0x00,0x00,0x00,0x00,0x42,0x42,
    0x00,0x00,0x08,0x08,0x48,0x48,0x48,0x48,0x00,0x00,0x48,0x48,0x20,0x20,0x70,0x70,
    0x00,0x00,0x51,0x51,0x31,0x31,0x48,0x48,0x29,0x29,0x58,0x58,0x28,0x50,0x48,0x48,
    0x11,0x11,0x18,0x18,0x19,0x19,0x10,0x10,0x31,0x31,0x18,0x18,0x29,0x29,0x00,0x00,
    0x31,0x31,0x18,0x18,0x18,0x18,0x38,0x38,0x11,0x11,0x29,0x59,0x51,0x11,0x28,0x28,
    0x29,0x31,0x11,0x31,0x29,0x29,0x39,0x39,0x11,0x31,0x01,0x31,0x18,0x18,0x30,0x30,
    0x00,0x00,0x10,0x10,0x51,0x51,0x10,0x10,0x11,0x51,0x31,0x10,0x29,0x29,0x10,0x10,
    0x01,0x51,0x29,0x29,0x29,0x39,0x01,0x01,0x01,0x01,0x29,0x29,0x29,0x01,0x29,0x29,
    0x01,0x01,0x29,0x01,0x29,0x29,0x19,0x19,0x09,0x09,0x29,0x51,0x29,0x31,0x11,0x11,
    0x01,0x01,0x09,0x09,0x29,0x29,0x01,0x01,0x51,0x51,0x11,0x11,0x31,0x31,0x59,0x59,
    0x01,0x01,0x01,0x01,0x51,0x51,0x01,0x01,0x01,0x01,0x11,0x11,0x01,0x01,0x29,0x29,
    0x33,0x0B,0x03,0x03,0x2B,0x2B,0x03,0x03,0x13,0x13,0x53,0x2B,0x5B,0x2B,0x03,0x03,
    0x2B,0x2B,0x0B,0x2B,0x03,0x03,0x53,0x53,0x3A,0x3A,0x13,0x2B,0x13,0x0B,0x2B,0x2B,
    0x33,0x0B,0x13,0x13,0x13,0x0B,0x2B,0x2B,0x3A,0x3A,0x0B,0x03,0x3B,0x3B,0x2B,0x2B,
    0x03,0x03,0x0B,0x0B,0x32,0x32,0x33,0x33,0x5B,0x5A,0x13,0x33,0x13,0x1B,0x53,0x0B,
    0x02,0x22,0x0A,0x3A,0x02,0x02,0x13,0x13,0x52,0x02,0x1A,0x1A,0x12,0x12,0x02,0x02,
    0x50,0x50,0x3A,0x3A,0x02,0x02,0x13,0x13,0x72,0x32,0x2A,0x2A,0x0A,0x02,0x2A,0x1B,
    0x02,0x02,0x3A,0x3A,0x3A,0x3A,0x02,0x02,0x70,0x70,0x33,0x33,0x02,0x02,0x02,0x02,
    0x02,0x02,0x02,0x02,0x12,0x12,0x3A,0x3A,0x5A,0x5A,0x1A,0x1A,0x12,0x12,0x33,0x33,
    0x48,0x50,0x72,0x22,0x50,0x70,0x02,0x02,0x72,0x68,0x4A,0x4A,0x02,0x02,0x02,0x02,
    0x28,0x28,0x68,0x22,0x4A,0x72,0x02,0x02,0x40,0x50,0x2A,0x62,0x68,0x52,0x02,0x02,
    0x62,0x62,0x4A,0x02,0x70,0x02,0x2A,0x2A,0x6A,0x6A,0x22,0x72,0x22,0x22,0x72,0x72,
    0x02,0x02,0x42,0x42,0x42,0x42,0x02,0x02,0x68,0x68,0x62,0x62,0x48,0x50,0x0A,0x0A,
    0x40,0x40,0x62,0x62,0x62,0x62,0x00,0x00,0x6A,0x6A,0x50,0x60,0x60,0x60,0x00,0x00,
    0x00,0x00,0x4A,0x4A,0x62,0x52,0x00,0x00,0x72,0x72,0x62,0x62,0x62,0x62,0x00,0x00,
    0x00,0x00,0x00,0x00,0x00,0x00,0x00,0x00,0x00,0x00,0x00,0x00,0x00,0x00,0x00,0x00,
    0x00,0x00,0x00,0x00,0x00,0x00,0x00,0x00,0x00,0x00,0x00,0x00,0x00,0x00,0x00,0x00,
    0x02,0x02,0x2A,0x2A,0x32,0x32,0x02,0x02,0x02,0x02,0x2A,0x2A,0x02,0x02,0x02,0x02,
    0x70,0x70,0x52,0x52,0x2A,0x2A,0x02,0x02,0x48,0x48,0x72,0x72,0x72,0x52,0x5A,0x5A,
    0x50,0x28,0x68,0x02,0x28,0x68,0x02,0x02,0x48,0x48,0x72,0x4A,0x22,0x22,0x02,0x02,
    0x02,0x02,0x22,0x22,0x48,0x6A,0x2A,0x2A,0x20,0x20,0x68,0x60,0x6A,0x4A,0x52,0x52,
    0x00,0x20,0x20,0x20,0x00,0x20,0x62,0x62,0x28,0x50,0x50,0x62,0x40,0x40,0x00,0x00,
    0x4A,0x4A,0x50,0x60,0x00,0x20,0x4A,0x2A,0x00,0x50,0x00,0x48,0x00,0x20,0x50,0x42,
    0x50,0x50,0x62,0x62,0x60,0x60,0x00,0x00,0x00,0x00,0x60,0x60,0x5A,0x5A,0x00,0x00,
    0x00,0x00,0x48,0x48,0x00,0x00,0x48,0x48,0x28,0x28,0x40,0x40,0x50,0x28,0x60,0x60,
    0x11,0x29,0x31,0x10,0x09,0x09,0x00,0x00,0x51,0x31,0x30,0x30,0x38,0x38,0x00,0x00,
    0x09,0x09,0x29,0x11,0x31,0x31,0x00,0x00,0x29,0x29,0x29,0x19,0x29,0x31,0x30,0x30,
    0x01,0x01,0x09,0x11,0x18,0x38,0x59,0x59,0x29,0x29,0x11,0x10,0x51,0x31,0x39,0x39,
    0x00,0x00,0x08,0x08,0x51,0x29,0x50,0x50,0x29,0x29,0x01,0x29,0x09,0x09,0x10,0x10,
    0x01,0x01,0x01,0x09,0x09,0x01,0x18,0x18,0x11,0x51,0x29,0x09,0x29,0x29,0x01,0x01,
    0x11,0x11,0x29,0x09,0x01,0x01,0x18,0x18,0x11,0x29,0x01,0x29,0x09,0x09,0x51,0x10,
    0x11,0x11,0x09,0x09,0x01,0x01,0x29,0x29,0x01,0x01,0x09,0x09,0x29,0x01,0x01,0x01,
    0x01,0x01,0x01,0x01,0x29,0x29,0x29,0x29,0x01,0x01,0x01,0x01,0x01,0x01,0x51,0x51,
    0x03,0x03,0x53,0x2B,0x53,0x53,0x03,0x03,0x03,0x03,0x2B,0x2B,0x03,0x03,0x03,0x03,
    0x03,0x03,0x2B,0x2B,0x0B,0x33,0x03,0x03,0x03,0x03,0x3B,0x3B,0x33,0x53,0x2B,0x0B,
    0x78,0x78,0x3A,0x5B,0x1B,0x1B,0x5B,0x5B,0x52,0x52,0x2A,0x5A,0x13,0x13,0x53,0x53,
    0x03,0x03,0x32,0x32,0x3B,0x3B,0x0B,0x0B,0x52,0x52,0x2A,0x3A,0x32,0x3A,0x13,0x13,
    0x5B,0x5B,0x32,0x32,0x4A,0x4A,0x02,0x02,0x48,0x50,0x02,0x02,0x02,0x02,0x02,0x02,
    0x02,0x02,0x4A,0x4A,0x42,0x42,0x5A,0x5A,0x78,0x78,0x42,0x42,0x4A,0x4A,0x32,0x32,
    0x02,0x02,0x72,0x72,0x52,0x52,0x02,0x02,0x02,0x02,0x02,0x02,0x2A,0x2A,0x52,0x52,
    0x02,0x02,0x02,0x02,0x02,0x02,0x02,0x02,0x02,0x02,0x02,0x02,0x4A,0x4A,0x02,0x02,
    0x02,0x02,0x02,0x02,0x28,0x28,0x02,0x02,0x02,0x02,0x02,0x02,0x02,0x02,0x02,0x02,
    0x02,0x02,0x02,0x02,0x28,0x28,0x02,0x02,0x02,0x02,0x28,0x28,0x00,0x00,0x28,0x28,
    0x68,0x68,0x28,0x60,0x48,0x48,0x68,0x68,0x40,0x40,0x40,0x40,0x20,0x20,0x28,0x28,
    0x02,0x02,0x02,0x02,0x48,0x48,0x02,0x02,0x28,0x28,0x68,0x68,0x40,0x28,0x60,0x60,
    0x29,0x29,0x29,0x10,0x10,0x10,0x00,0x00,0x00,0x00,0x00,0x00,0x38,0x38,0x00,0x00,
    0x51,0x51,0x28,0x28,0x10,0x29,0x72,0x72,0x00,0x00,0x08,0x08,0x39,0x29,0x38,0x38,
    0x00,0x00,0x29,0x29,0x00,0x00,0x00,0x00,0x00,0x00,0x00,0x00,0x00,0x00,0x00,0x00,
    0x00,0x00,0x00,0x00,0x00,0x00,0x00,0x00,0x00,0x00,0x00,0x00,0x00,0x00,0x00,0x00,
    0x02,0x02,0x02,0x02,0x02,0x02,0x02,0x02,0x02,0x02,0x02,0x02,0x02,0x02,0x02,0x02,
    0x02,0x02,0x02,0x02,0x02,0x02,0x02,0x02,0x02,0x02,0x02,0x02,0x02,0x02,0x02,0x02,
    0x02,0x02,0x28,0x28,0x02,0x02,0x02,0x02,0x02,0x02,0x02,0x02,0x30,0x30,0x02,0x02,
    0x02,0x02,0x02,0x02,0x02,0x02,0x02,0x02,0x02,0x02,0x02,0x02,0x70,0x70,0x02,0x02,
    0x00,0x00,0x70,0x70,0x10,0x10,0x00,0x00,0x59,0x59,0x00,0x00,0x00,0x00,0x00,0x00,
    0x00,0x00,0x00,0x00,0x30,0x30,0x00,0x00,0x00,0x00,0x50,0x50,0x20,0x20,0x00,0x00,
    0x00,0x00,0x28,0x28,0x28,0x28,0x00,0x00,0x00,0x00,0x28,0x28,0x28,0x28,0x00,0x00,
    0x00,0x00,0x00,0x00,0x00,0x00,0x00,0x00,0x00,0x00,0x59,0x59,0x10,0x10,0x00,0x00,
    0x00,0x00,0x00,0x00,0x29,0x29,0x00,0x00,0x00,0x00,0x00,0x00,0x00,0x00,0x00,0x00,
    0x00,0x00,0x00,0x00,0x00,0x00,0x00,0x00,0x00,0x00,0x00,0x00,0x31,0x31,0x59,0x59,
    0x29,0x29,0x19,0x19,0x11,0x11,0x29,0x29,0x09,0x09,0x51,0x19,0x11,0x11,0x31,0x31,
    0x00,0x00,0x00,0x00,0x39,0x39,0x00,0x00,0x29,0x51,0x18,0x18,0x11,0x11,0x19,0x19,
    0x01,0x01,0x01,0x01,0x01,0x01,0x31,0x31,0x51,0x51,0x01,0x01,0x29,0x29,0x01,0x01,
    0x01,0x01,0x01,0x01,0x01,0x01,0x31,0x31,0x01,0x01,0x01,0x01,0x01,0x01,0x09,0x09,
    0x51,0x51,0x01,0x01,0x29,0x29,0x01,0x01,0x01,0x01,0x29,0x29,0x29,0x29,0x01,0x01,
    0x01,0x01,0x01,0x01,0x01,0x01,0x01,0x01,0x01,0x01,0x51,0x51,0x29,0x29,0x31,0x31,
    0x33,0x3A,0x2B,0x2B,0x53,0x2B,0x03,0x03,0x33,0x33,0x2B,0x2B,0x03,0x03,0x03,0x03,
    0x53,0x33,0x33,0x33,0x03,0x53,0x03,0x03,0x2B,0x2B,0x2B,0x0B,0x2B,0x33,0x53,0x53,
    0x33,0x2B,0x03,0x03,0x03,0x03,0x03,0x03,0x3B,0x53,0x0B,0x03,0x2B,0x2B,0x2B,0x2B,
    0x03,0x03,0x2B,0x53,0x2B,0x2B,0x03,0x03,0x5A,0x5A,0x0B,0x2B,0x03,0x0B,0x53,0x53,
    0x3B,0x3A,0x13,0x33,0x3B,0x1A,0x02,0x02,0x32,0x3A,0x5A,0x3B,0x02,0x02,0x02,0x02,
    0x2B,0x2B,0x33,0x2B,0x2B,0x3B,0x02,0x02,0x3B,0x3B,0x3A,0x33,0x1A,0x3A,0x53,0x53,
    0x02,0x02,0x02,0x02,0x02,0x02,0x02,0x02,0x53,0x53,0x02,0x02,0x02,0x02,0x02,0x02,
    0x02,0x02,0x02,0x02,0x02,0x02,0x02,0x02,0x02,0x02,0x5B,0x5B,0x53,0x53,0x02,0x02,
    0x2A,0x2A,0x42,0x42,0x2A,0x2A,0x02,0x02,0x02,0x02,0x02,0x02,0x5A,0x5A,0x02,0x02,
    0x02,0x02,0x52,0x52,0x2A,0x2A,0x02,0x02,0x52,0x52,0x32,0x32,0x6A,0x42,0x02,0x02,
    0x2A,0x2A,0x52,0x3A,0x32,0x0A,0x02,0x02,0x3A,0x3A,0x4A,0x4A,0x52,0x2A,0x02,0x02,
    0x02,0x02,0x4A,0x52,0x68,0x68,0x02,0x02,0x02,0x02,0x2A,0x2A,0x52,0x4A,0x02,0x02,
    0x00,0x00,0x00,0x00,0x30,0x30,0x00,0x00,0x00,0x00,0x00,0x00,0x00,0x00,0x00,0x00,
    0x00,0x00,0x00,0x00,0x00,0x00,0x00,0x00,0x00,0x00,0x00,0x00,0x72,0x72,0x00,0x00,
    0x00,0x00,0x00,0x00,0x00,0x00,0x00,0x00,0x00,0x00,0x00,0x00,0x00,0x00,0x00,0x00,
    0x00,0x00,0x00,0x00,0x00,0x00,0x00,0x00,0x00,0x00,0x00,0x00,0x00,0x00,0x00,0x00,
    0x02,0x02,0x02,0x02,0x02,0x02,0x02,0x02,0x02,0x02,0x02,0x02,0x02,0x02,0x02,0x02,
    0x02,0x02,0x02,0x02,0x32,0x5A,0x7B,0x7B,0x02,0x02,0x52,0x2A,0x3A,0x3A,0x02,0x02,
    0x4A,0x78,0x32,0x32,0x52,0x12,0x02,0x02,0x32,0x5A,0x32,0x2A,0x3A,0x2A,0x3B,0x3B,
    0x02,0x02,0x4A,0x4A,0x52,0x2A,0x02,0x02,0x02,0x02,0x52,0x52,0x2A,0x12,0x2B,0x2B,
    0x5A,0x4A,0x6A,0x4A,0x52,0x42,0x52,0x52,0x68,0x68,0x6A,0x6A,0x42,0x2A,0x00,0x00,
    0x2A,0x2A,0x2A,0x2A,0x4A,0x52,0x22,0x4A,0x68,0x68,0x4A,0x2A,0x42,0x4A,0x4A,0x52,
    0x32,0x32,0x2A,0x2A,0x00,0x00,0x00,0x00,0x00,0x00,0x00,0x00,0x52,0x52,0x00,0x00,
    0x00,0x00,0x00,0x00,0x28,0x50,0x00,0x00,0x00,0x00,0x50,0x50,0x68,0x68,0x00,0x00,
    0x59,0x51,0x28,0x28,0x00,0x00,0x00,0x00,0x00,0x00,0x00,0x00,0x00,0x00,0x00,0x00,
    0x00,0x00,0x58,0x58,0x58,0x58,0x00,0x00,0x31,0x31,0x59,0x28,0x59,0x59,0x00,0x00,
    0x38,0x19,0x18,0x28,0x39,0x30,0x00,0x00,0x11,0x39,0x30,0x28,0x59,0x48,0x52,0x52,
    0x00,0x00,0x00,0x00,0x59,0x59,0x52,0x52,0x31,0x31,0x18,0x30,0x39,0x50,0x68,0x68,
    0x29,0x19,0x11,0x19,0x09,0x11,0x01,0x01,0x29,0x29,0x29,0x31,0x38,0x51,0x01,0x01,
    0x39,0x39,0x31,0x31,0x11,0x11,0x38,0x30,0x31,0x31,0x11,0x39,0x09,0x11,0x38,0x38,
    0x09,0x29,0x51,0x31,0x39,0x39,0x01,0x01,0x01,0x01,0x29,0x51,0x29,0x29,0x01,0x01,
    0x01,0x01,0x01,0x01,0x01,0x01,0x01,0x01,0x01,0x01,0x51,0x01,0x29,0x29,0x01,0x01,
    0x5A,0x5A,0x13,0x33,0x03,0x03,0x03,0x03,0x2B,0x2B,0x2B,0x53,0x03,0x03,0x03,0x03,
    0x2B,0x53,0x0B,0x2B,0x13,0x13,0x33,0x33,0x3B,0x5A,0x33,0x33,0x0B,0x13,0x2B,0x2B,
    0x3A,0x1B,0x0B,0x0B,0x0B,0x13,0x3A,0x3B,0x3B,0x3A,0x13,0x0B,0x03,0x03,0x33,0x2B,
    0x03,0x03,0x13,0x0B,0x13,0x13,0x0B,0x13,0x1A,0x3A,0x13,0x0B,0x0B,0x0B,0x0B,0x03,
    0x5B,0x4A,0x0A,0x0A,0x12,0x12,0x13,0x13,0x52,0x5B,0x02,0x02,0x3A,0x02,0x2B,0x53,
    0x52,0x5A,0x02,0x0A,0x0A,0x0A,0x5A,0x33,0x78,0x78,0x02,0x02,0x0A,0x0A,0x1B,0x0B,
    0x02,0x02,0x5A,0x3B,0x3B,0x3A,0x33,0x33,0x70,0x70,0x72,0x5B,0x3B,0x3B,0x53,0x53,
    0x02,0x02,0x02,0x02,0x5B,0x4A,0x02,0x02,0x72,0x72,0x6A,0x2A,0x5A,0x2A,0x33,0x33,
    0x6A,0x32,0x4A,0x4A,0x48,0x2A,0x52,0x52,0x2A,0x72,0x4A,0x2A,0x02,0x02,0x02,0x02,
    0x02,0x02,0x4A,0x52,0x48,0x68,0x02,0x02,0x68,0x68,0x68,0x3A,0x6A,0x68,0x68,0x6A,
    0x70,0x68,0x42,0x42,0x40,0x40,0x68,0x2A,0x62,0x48,0x42,0x22,0x72,0x42,0x6A,0x42,
    0x2A,0x2A,0x42,0x2A,0x60,0x60,0x02,0x02,0x28,0x60,0x42,0x22,0x6A,0x42,0x42,0x22,
    0x50,0x30,0x00,0x00,0x70,0x30,0x52,0x52,0x30,0x51,0x00,0x00,0x58,0x28,0x00,0x00,
    0x38,0x38,0x00,0x00,0x30,0x20,0x70,0x4A,0x00,0x00,0x20,0x20,0x00,0x00,0x58,0x70,
    0x00,0x00,0x58,0x58,0x48,0x48,0x00,0x00,0x50,0x50,0x28,0x28,0x28,0x28,0x00,0x00,
    0x00,0x00,0x00,0x00,0x38,0x38,0x00,0x00,0x00,0x00,0x50,0x28,0x30,0x28,0x00,0x00,
    0x02,0x02,0x02,0x02,0x52,0x52,0x02,0x02,0x02,0x02,0x02,0x02,0x02,0x02,0x02,0x02,
    0x02,0x02,0x02,0x02,0x02,0x02,0x02,0x02,0x02,0x02,0x02,0x02,0x02,0x02,0x02,0x02,
    0x28,0x28,0x40,0x20,0x50,0x28,0x48,0x48,0x28,0x30,0x40,0x20,0x28,0x70,0x02,0x02,
    0x02,0x02,0x48,0x68,0x50,0x6A,0x60,0x68,0x58,0x38,0x48,0x40,0x00,0x20,0x4A,0x52,
    0x50,0x28,0x00,0x00,0x20,0x20,0x68,0x68,0x68,0x68,0x20,0x00,0x28,0x28,0x48,0x48,
    0x28,0x28,0x20,0x08,0x00,0x00,0x50,0x6A,0x30,0x30,0x00,0x00,0x00,0x00,0x50,0x48,
    0x4A,0x4A,0x08,0x20,0x50,0x00,0x68,0x68,0x00,0x00,0x30,0x30,0x00,0x00,0x68,0x68,
    0x00,0x00,0x00,0x00,0x30,0x28,0x28,0x28,0x51,0x51,0x72,0x7A,0x00,0x00,0x50,0x4A,
    0x11,0x11,0x10,0x38,0x29,0x31,0x31,0x31,0x30,0x30,0x00,0x00,0x00,0x00,0x00,0x00,
    0x38,0x58,0x19,0x31,0x19,0x38,0x78,0x78,0x38,0x38,0x18,0x18,0x29,0x11,0x38,0x38,
    0x31,0x19,0x10,0x08,0x11,0x19,0x39,0x50,0x19,0x31,0x10,0x08,0x11,0x18,0x28,0x50,
    0x00,0x00,0x10,0x08,0x09,0x19,0x08,0x08,0x29,0x29,0x10,0x08,0x10,0x10,0x08,0x00,
    0x31,0x01,0x01,0x01,0x01,0x01,0x11,0x11,0x29,0x29,0x01,0x01,0x29,0x01,0x51,0x51,
    0x29,0x29,0x01,0x01,0x01,0x01,0x31,0x31,0x01,0x51,0x01,0x01,0x01,0x01,0x01,0x09,
    0x09,0x29,0x01,0x01,0x29,0x09,0x51,0x01,0x29,0x29,0x01,0x01,0x01,0x01,0x31,0x31,
    0x01,0x01,0x29,0x01,0x01,0x01,0x09,0x09,0x29,0x29,0x29,0x01,0x01,0x01,0x01,0x29,
    0x2B,0x33,0x3B,0x33,0x33,0x2B,0x2B,0x53,0x2B,0x2B,0x2B,0x2B,0x03,0x03,0x03,0x03,
    0x03,0x03,0x3A,0x2B,0x2B,0x0B,0x03,0x03,0x33,0x5B,0x33,0x13,0x2B,0x2B,0x03,0x03,
    0x3B,0x33,0x03,0x03,0x03,0x03,0x2B,0x03,0x33,0x3A,0x03,0x03,0x03,0x03,0x2B,0x2B,
    0x03,0x03,0x03,0x0B,0x03,0x03,0x2B,0x2B,0x33,0x3A,0x13,0x0B,0x03,0x03,0x03,0x03,
    0x4A,0x3A,0x0A,0x1A,0x12,0x12,0x5B,0x13,0x32,0x12,0x3A,0x1B,0x32,0x32,0x53,0x53,
    0x33,0x33,0x32,0x3A,0x12,0x12,0x3A,0x3B,0x4A,0x5B,0x1B,0x13,0x0A,0x12,0x12,0x0B,
    0x02,0x02,0x33,0x2B,0x3B,0x5B,0x2B,0x2B,0x5B,0x5B,0x3A,0x3B,0x33,0x33,0x53,0x53,
    0x02,0x02,0x32,0x32,0x5A,0x3A,0x5A,0x13,0x3B,0x3B,0x12,0x13,0x12,0x3A,0x3A,0x33,
    0x70,0x2A,0x22,0x32,0x5B,0x5A,0x0B,0x2B,0x52,0x52,0x33,0x3B,0x3B,0x3B,0x02,0x02,
    0x6A,0x6A,0x6A,0x6A,0x70,0x70,0x3A,0x3A,0x60,0x48,0x72,0x5A,0x42,0x6A,0x02,0x02,
    0x70,0x68,0x22,0x02,0x02,0x02,0x1B,0x1B,0x5A,0x5A,0x22,0x0A,0x02,0x02,0x33,0x33,
    0x02,0x02,0x62,0x32,0x22,0x02,0x1A,0x2A,0x5A,0x5A,0x72,0x3B,0x02,0x02,0x4A,0x3A,
    0x48,0x48,0x42,0x2A,0x52,0x6A,0x33,0x33,0x6A,0x70,0x2A,0x4A,0x62,0x52,0x00,0x00,
    0x00,0x00,0x6A,0x68,0x42,0x4A,0x00,0x00,0x48,0x48,0x2A,0x0A,0x42,0x42,0x00,0x00,
    0x00,0x00,0x00,0x00,0x00,0x00,0x00,0x00,0x00,0x00,0x28,0x28,0x00,0x00,0x00,0x00,
    0x00,0x00,0x00,0x00,0x00,0x00,0x00,0x00,0x00,0x00,0x00,0x00,0x00,0x00,0x00,0x00,
    0x52,0x52,0x4A,0x4A,0x2A,0x2A,0x02,0x02,0x02,0x02,0x02,0x02,0x02,0x02,0x02,0x02,
    0x02,0x02,0x3A,0x5A,0x4A,0x4A,0x02,0x02,0x72,0x72,0x6A,0x6A,0x6A,0x6A,0x02,0x02,
    0x62,0x48,0x02,0x02,0x22,0x22,0x72,0x4A,0x60,0x68,0x42,0x42,0x22,0x42,0x02,0x02,
    0x02,0x02,0x02,0x2A,0x22,0x02,0x4A,0x4A,0x52,0x72,0x62,0x42,0x22,0x02,0x4A,0x42,
    0x6A,0x2A,0x60,0x62,0x40,0x60,0x2A,0x48,0x00,0x00,0x62,0x42,0x6A,0x68,0x00,0x00,
    0x6A,0x6A,0x40,0x60,0x60,0x60,0x68,0x42,0x48,0x40,0x42,0x22,0x60,0x62,0x48,0x4A,
    0x00,0x00,0x6A,0x6A,0x50,0x68,0x4A,0x4A,0x00,0x00,0x48,0x6A,0x68,0x68,0x4A,0x4A,
    0x00,0x00,0x72,0x72,0x48,0x28,0x4A,0x68,0x70,0x48,0x40,0x40,0x20,0x40,0x6A,0x4A,
    0x31,0x38,0x38,0x39,0x59,0x79,0x2A,0x52,0x00,0x00,0x6A,0x6A,0x50,0x50,0x00,0x00,
    0x30,0x30,0x08,0x38,0x59,0x50,0x28,0x28,0x31,0x39,0x30,0x30,0x38,0x79,0x4A,0x4A,
    0x59,0x19,0x00,0x00,0x00,0x00,0x40,0x48,0x39,0x50,0x08,0x30,0x00,0x00,0x6A,0x6A,
    0x00,0x00,0x08,0x08,0x00,0x00,0x28,0x48,0x31,0x11,0x18,0x30,0x08,0x00,0x50,0x68,
    0x29,0x01,0x01,0x01,0x09,0x11,0x38,0x38,0x01,0x09,0x01,0x09,0x09,0x09,0x01,0x01,
    0x01,0x01,0x01,0x09,0x09,0x11,0x31,0x30,0x31,0x29,0x09,0x01,0x09,0x09,0x19,0x10,
    0x31,0x29,0x09,0x01,0x29,0x01,0x31,0x31,0x01,0x01,0x11,0x19,0x29,0x31,0x01,0x01,
    0x01,0x01,0x01,0x01,0x29,0x29,0x29,0x39,0x01,0x01,0x11,0x11,0x39,0x09,0x11,0x31,
    0x03,0x03,0x03,0x03,0x03,0x03,0x03,0x03,0x03,0x03,0x03,0x03,0x03,0x03,0x03,0x03,
    0x03,0x03,0x03,0x03,0x03,0x03,0x03,0x03,0x03,0x03,0x03,0x03,0x03,0x03,0x03,0x03,
    0x03,0x03,0x3A,0x1B,0x1A,0x32,0x3A,0x3A,0x03,0x03,0x32,0x5A,0x7B,0x7B,0x03,0x03,
    0x03,0x03,0x03,0x03,0x03,0x03,0x03,0x03,0x03,0x03,0x32,0x32,0x1A,0x3A,0x2B,0x53,
    0x02,0x02,0x5B,0x5B,0x52,0x3B,0x4A,0x4A,0x48,0x48,0x3A,0x5A,0x50,0x30,0x02,0x02,
    0x02,0x02,0x2B,0x2B,0x32,0x32,0x3B,0x3B,0x28,0x50,0x68,0x78,0x32,0x3A,0x2A,0x3A,
    0x02,0x02,0x5B,0x5B,0x78,0x78,0x33,0x33,0x02,0x02,0x02,0x02,0x02,0x02,0x53,0x53,
    0x02,0x02,0x02,0x02,0x72,0x4A,0x02,0x02,0x02,0x02,0x52,0x52,0x2A,0x52,0x13,0x5A,
    0x02,0x02,0x02,0x02,0x28,0x28,0x02,0x02,0x28,0x28,0x72,0x72,0x50,0x28,0x02,0x02,
    0x28,0x28,0x02,0x02,0x50,0x28,0x50,0x28,0x28,0x28,0x28,0x00,0x28,0x48,0x50,0x50,
    0x02,0x02,0x70,0x68,0x28,0x40,0x68,0x68,0x50,0x00,0x40,0x50,0x20,0x20,0x02,0x02,
    0x02,0x02,0x02,0x02,0x02,0x02,0x50,0x50,0x48,0x48,0x50,0x60,0x28,0x50,0x28,0x28,
    0x00,0x00,0x00,0x00,0x68,0x50,0x6A,0x6A,0x00,0x00,0x68,0x72,0x00,0x00,0x00,0x00,
    0x00,0x00,0x00,0x00,0x50,0x30,0x4A,0x4A,0x00,0x00,0x48,0x48,0x48,0x48,0x00,0x00,
    0x00,0x00,0x50,0x50,0x00,0x00,0x52,0x52,0x00,0x00,0x00,0x00,0x00,0x00,0x52,0x52,
    0x00,0x00,0x00,0x00,0x00,0x00,0x00,0x00,0x00,0x00,0x00,0x00,0x28,0x50,0x2A,0x2A,
    0x02,0x02,0x02,0x02,0x02,0x02,0x02,0x02,0x02,0x02,0x02,0x02,0x02,0x02,0x02,0x02,
    0x02,0x02,0x02,0x02,0x02,0x02,0x02,0x02,0x02,0x02,0x02,0x02,0x02,0x02,0x02,0x02,
    0x02,0x02,0x02,0x02,0x50,0x50,0x28,0x28,0x02,0x02,0x30,0x30,0x00,0x00,0x02,0x02,
    0x02,0x02,0x02,0x02,0x02,0x02,0x02,0x02,0x02,0x02,0x48,0x48,0x28,0x28,0x02,0x02,
    0x30,0x30,0x48,0x48,0x10,0x10,0x50,0x50,0x30,0x30,0x50,0x50,0x51,0x31,0x00,0x00,
    0x28,0x28,0x48,0x48,0x08,0x28,0x10,0x58,0x39,0x39,0x30,0x30,0x50,0x28,0x48,0x48,
    0x00,0x00,0x00,0x00,0x50,0x50,0x00,0x00,0x00,0x00,0x00,0x00,0x28,0x28,0x00,0x00,
    0x00,0x00,0x00,0x00,0x51,0x51,0x00,0x00,0x00,0x00,0x30,0x30,0x59,0x59,0x28,0x28,
    0x51,0x51,0x31,0x31,0x31,0x31,0x38,0x38,0x29,0x29,0x31,0x31,0x00,0x00,0x00,0x00,
    0x00,0x00,0x00,0x00,0x39,0x39,0x31,0x31,0x00,0x00,0x29,0x29,0x29,0x29,0x00,0x00,
    0x29,0x29,0x51,0x11,0x29,0x31,0x51,0x29,0x29,0x09,0x29,0x31,0x31,0x51,0x19,0x19,
    0x00,0x00,0x29,0x29,0x11,0x11,0x11,0x29,0x51,0x21,0x11,0x29,0x01,0x29,0x29,0x39,
    0x29,0x29,0x11,0x29,0x29,0x29,0x11,0x29,0x29,0x29,0x51,0x29,0x01,0x01,0x01,0x01,
    0x29,0x29,0x29,0x29,0x09,0x51,0x01,0x01,0x29,0x29,0x09,0x09,0x01,0x29,0x29,0x29,
    0x01,0x01,0x29,0x29,0x29,0x29,0x39,0x39,0x01,0x01,0x29,0x51,0x29,0x29,0x38,0x38,
    0x01,0x01,0x01,0x01,0x29,0x29,0x29,0x29,0x01,0x01,0x09,0x01,0x09,0x29,0x19,0x19,
    0x33,0x3B,0x2B,0x53,0x0B,0x03,0x2B,0x2B,0x53,0x2B,0x2B,0x2B,0x2B,0x2B,0x03,0x03,
    0x03,0x03,0x2B,0x2B,0x33,0x2B,0x2B,0x2B,0x2B,0x3B,0x2B,0x03,0x2B,0x2B,0x03,0x03,
    0x33,0x53,0x13,0x13,0x0B,0x0B,0x2B,0x2B,0x13,0x33,0x03,0x0B,0x2B,0x2B,0x03,0x03,
    0x03,0x03,0x2B,0x2B,0x33,0x2B,0x2B,0x53,0x33,0x3B,0x03,0x0B,0x0B,0x13,0x2B,0x2B,
    0x1B,0x5B,0x3A,0x33,0x1A,0x13,0x0B,0x2B,0x5B,0x1B,0x3A,0x5B,0x2A,0x2A,0x02,0x02,
    0x02,0x02,0x13,0x13,0x1A,0x1A,0x03,0x03,0x1B,0x5A,0x1A,0x12,0x32,0x32,0x2B,0x2B,
    0x02,0x02,0x02,0x02,0x02,0x02,0x02,0x02,0x5B,0x5B,0x33,0x2B,0x02,0x02,0x02,0x02,
    0x02,0x02,0x02,0x02,0x3A,0x2A,0x3B,0x2A,0x33,0x33,0x2B,0x3B,0x1B,0x1B,0x02,0x02,
    0x68,0x70,0x13,0x33,0x5B,0x3A,0x3A,0x3A,0x53,0x5B,0x2B,0x2B,0x78,0x78,0x02,0x02,
    0x02,0x02,0x02,0x02,0x52,0x52,0x02,0x02,0x52,0x52,0x52,0x5A,0x4A,0x52,0x02,0x02,
    0x52,0x52,0x4A,0x2A,0x4A,0x42,0x02,0x02,0x52,0x52,0x52,0x3B,0x2A,0x52,0x02,0x02,
    0x02,0x02,0x02,0x02,0x3B,0x53,0x02,0x02,0x52,0x32,0x32,0x3A,0x02,0x2A,0x32,0x32,
    0x00,0x00,0x78,0x78,0x68,0x68,0x00,0x00,0x48,0x48,0x00,0x00,0x00,0x00,0x00,0x00,
    0x50,0x50,0x00,0x00,0x70,0x70,0x53,0x53,0x00,0x00,0x78,0x78,0x00,0x00,0x00,0x00,
    0x00,0x00,0x00,0x00,0x00,0x00,0x00,0x00,0x00,0x00,0x00,0x00,0x00,0x00,0x00,0x00,
    0x00,0x00,0x00,0x00,0x00,0x00,0x00,0x00,0x00,0x00,0x00,0x00,0x00,0x00,0x00,0x00,
    0x78,0x78,0x2A,0x2A,0x02,0x02,0x02,0x02,0x02,0x02,0x52,0x52,0x02,0x02,0x02,0x02,
    0x02,0x02,0x02,0x02,0x4A,0x4A,0x02,0x02,0x02,0x02,0x02,0x02,0x02,0x02,0x02,0x02,
    0x02,0x02,0x70,0x4A,0x4A,0x68,0x02,0x02,0x72,0x48,0x42,0x70,0x52,0x6A,0x02,0x02,
    0x02,0x02,0x02,0x02,0x72,0x6A,0x02,0x02,0x28,0x70,0x62,0x68,0x68,0x78,0x02,0x02,
    0x4A,0x6A,0x68,0x32,0x68,0x68,0x68,0x68,0x68,0x48,0x68,0x62,0x4A,0x4A,0x00,0x00,
    0x4A,0x4A,0x48,0x62,0x48,0x68,0x52,0x52,0x48,0x70,0x28,0x6A,0x68,0x68,0x00,0x00,
    0x70,0x70,0x48,0x48,0x68,0x68,0x00,0x00,0x50,0x50,0x28,0x28,0x00,0x00,0x00,0x00,
    0x00,0x00,0x00,0x00,0x28,0x28,0x70,0x70,0x00,0x00,0x48,0x48,0x68,0x68,0x00,0x00,
    0x58,0x38,0x30,0x30,0x38,0x78,0x00,0x00,0x50,0x50,0x70,0x48,0x00,0x00,0x00,0x00,
    0x00,0x00,0x51,0x30,0x48,0x48,0x00,0x00,0x29,0x29,0x38,0x38,0x59,0x59,0x00,0x00,
    0x19,0x19,0x39,0x50,0x29,0x18,0x50,0x50,0x29,0x39,0x39,0x30,0x39,0x39,0x00,0x00,
    0x00,0x00,0x00,0x00,0x31,0x31,0x52,0x52,0x11,0x59,0x38,0x38,0x31,0x29,0x00,0x00,
    0x11,0x31,0x39,0x39,0x38,0x38,0x01,0x01,0x10,0x30,0x38,0x10,0x30,0x30,0x01,0x01,
    0x01,0x01,0x31,0x39,0x31,0x38,0x30,0x30,0x31,0x58,0x19,0x38,0x38,0x29,0x51,0x29,
    0x51,0x51,0x31,0x31,0x39,0x39,0x01,0x01,0x01,0x01,0x39,0x39,0x51,0x51,0x01,0x01,
    0x01,0x01,0x01,0x01,0x01,0x01,0x01,0x01,0x01,0x01,0x01,0x01,0x01,0x01,0x01,0x01,
    0x7B,0x53,0x03,0x03,0x33,0x2B,0x32,0x32,0x2B,0x2B,0x33,0x2B,0x2B,0x2B,0x03,0x03,
    0x33,0x33,0x03,0x03,0x1B,0x13,0x53,0x3B,0x5B,0x5B,0x0B,0x2B,0x03,0x0B,0x33,0x33,
    0x3A,0x1A,0x13,0x0B,0x0B,0x0B,0x33,0x3A,0x32,0x3A,0x13,0x13,0x13,0x0B,0x33,0x0B,
    0x03,0x03,0x3B,0x33,0x13,0x1B,0x33,0x3B,0x32,0x3A,0x13,0x0B,0x13,0x13,0x0B,0x03,
    0x52,0x5A,0x02,0x0A,0x0A,0x0A,0x1B,0x3B,0x2A,0x2A,0x0A,0x12,0x02,0x12,0x02,0x02,
    0x5A,0x5A,0x2A,0x32,0x2A,0x0A,0x5A,0x1A,0x70,0x50,0x22,0x0A,0x0A,0x0A,0x12,0x33,
    0x02,0x02,0x5A,0x3A,0x5A,0x5A,0x2B,0x2B,0x70,0x70,0x2A,0x3A,0x5A,0x5A,0x02,0x02,
    0x02,0x02,0x02,0x02,0x52,0x4A,0x3A,0x32,0x5A,0x5A,0x2A,0x2A,0x2A,0x32,0x5A,0x5A,
    0x48,0x6A,0x42,0x2A,0x62,0x62,0x42,0x42,0x68,0x68,0x4A,0x42,0x52,0x52,0x02,0x02,
    0x48,0x48,0x68,0x68,0x70,0x6A,0x2A,0x2A,0x68,0x68,0x4A,0x4A,0x48,0x4A,0x02,0x02,
    0x20,0x40,0x60,0x42,0x20,0x40,0x68,0x70,0x40,0x48,0x60,0x42,0x62,0x68,0x68,0x42,
    0x02,0x02,0x28,0x68,0x40,0x40,0x22,0x4A,0x40,0x68,0x62,0x42,0x60,0x62,0x22,0x22,
    0x30,0x30,0x08,0x20,0x20,0x28,0x4A,0x4A,0x28,0x28,0x08,0x00,0x48,0x28,0x00,0x00,
    0x28,0x28,0x28,0x48,0x28,0x20,0x68,0x68,0x28,0x50,0x48,0x20,0x30,0x28,0x79,0x79,
    0x28,0x28,0x38,0x38,0x28,0x28,0x00,0x00,0x28,0x28,0x00,0x28,0x28,0x28,0x00,0x00,
    0x00,0x00,0x00,0x00,0x28,0x28,0x00,0x00,0x28,0x28,0x28,0x28,0x30,0x30,0x00,0x00,
    0x02,0x02,0x02,0x02,0x02,0x02,0x02,0x02,0x02,0x02,0x02,0x02,0x02,0x02,0x02,0x02,
    0x02,0x02,0x02,0x02,0x02,0x02,0x02,0x02,0x02,0x02,0x52,0x52,0x02,0x02,0x02,0x02,
    0x28,0x28,0x40,0x48,0x48,0x68,0x28,0x28,0x48,0x48,0x40,0x00,0x20,0x48,0x28,0x28,
    0x02,0x02,0x72,0x7A,0x50,0x72,0x50,0x50,0x59,0x59,0x50,0x50,0x58,0x6A,0x6A,0x6A,
    0x28,0x28,0x00,0x30,0x30,0x30,0x50,0x50,0x30,0x18,0x28,0x40,0x20,0x28,0x00,0x00,
    0x30,0x50,0x40,0x28,0x10,0x48,0x28,0x28,0x30,0x30,0x28,0x28,0x00,0x40,0x28,0x60,
    0x00,0x00,0x08,0x28,0x50,0x28,0x68,0x68,0x31,0x31,0x58,0x30,0x28,0x00,0x00,0x00,
    0x00,0x00,0x00,0x00,0x31,0x39,0x30,0x30,0x31,0x31,0x38,0x38,0x00,0x00,0x50,0x68,
    0x29,0x11,0x30,0x30,0x31,0x19,0x38,0x38,0x11,0x11,0x38,0x39,0x59,0x59,0x00,0x00,
    0x00,0x00,0x30,0x30,0x31,0x39,0x08,0x08,0x39,0x39,0x10,0x31,0x59,0x19,0x28,0x28,
    0x09,0x11,0x18,0x10,0x01,0x11,0x10,0x38,0x09,0x29,0x18,0x10,0x11,0x19,0x28,0x00,
    0x00,0x00,0x18,0x38,0x11,0x09,0x39,0x39,0x01,0x29,0x18,0x10,0x19,0x18,0x08,0x08,
    0x29,0x09,0x01,0x01,0x01,0x01,0x11,0x31,0x29,0x29,0x09,0x09,0x09,0x01,0x01,0x01,
    0x01,0x29,0x09,0x09,0x01,0x01,0x29,0x09,0x11,0x29,0x01,0x01,0x01,0x01,0x01,0x11,
    0x09,0x51,0x01,0x01,0x29,0x31,0x29,0x29,0x29,0x29,0x01,0x01,0x29,0x01,0x29,0x29,
    0x01,0x01,0x01,0x29,0x51,0x01,0x01,0x01,0x29,0x29,0x09,0x01,0x01,0x01,0x29,0x29,
    0x3A,0x33,0x2B,0x2B,0x2B,0x2B,0x03,0x03,0x2B,0x2B,0x2B,0x2B,0x03,0x03,0x03,0x03,
    0x03,0x03,0x33,0x33,0x2B,0x2B,0x03,0x03,0x2B,0x2B,0x2B,0x03,0x0B,0x33,0x2B,0x2B,
    0x3B,0x32,0x03,0x03,0x03,0x03,0x53,0x2B,0x3B,0x1B,0x0B,0x03,0x0B,0x03,0x03,0x03,
    0x03,0x03,0x2B,0x2B,0x03,0x03,0x2B,0x2B,0x3A,0x3A,0x13,0x0B,0x03,0x03,0x2B,0x03,
    0x52,0x52,0x1A,0x32,0x12,0x1A,0x13,0x13,0x2A,0x2A,0x32,0x3B,0x5B,0x5A,0x02,0x02,
    0x02,0x02,0x3A,0x3A,0x12,0x32,0x3B,0x3B,0x4A,0x4A,0x12,0x3A,0x02,0x02,0x2A,0x1B,
    0x02,0x02,0x32,0x32,0x02,0x02,0x53,0x53,0x02,0x02,0x3A,0x3A,0x2B,0x2B,0x02,0x02,
    0x02,0x02,0x02,0x02,0x33,0x33,0x02,0x02,0x02,0x02,0x32,0x1B,0x1B,0x1B,0x2B,0x2B,
    0x70,0x48,0x68,0x52,0x5A,0x5A,0x2B,0x2B,0x4A,0x4A,0x3A,0x3A,0x78,0x78,0x02,0x02,
    0x70,0x70,0x6A,0x68,0x70,0x70,0x33,0x33,0x40,0x40,0x00,0x20,0x68,0x68,0x02,0x02,
    0x68,0x68,0x02,0x02,0x22,0x22,0x3A,0x3A,0x52,0x4A,0x42,0x52,0x22,0x02,0x02,0x02,
    0x02,0x02,0x4A,0x4A,0x42,0x2A,0x32,0x32,0x72,0x72,0x72,0x72,0x22,0x22,0x32,0x32,
    0x00,0x00,0x6A,0x32,0x50,0x50,0x00,0x00,0x78,0x78,0x72,0x70,0x68,0x68,0x00,0x00,
    0x00,0x00,0x00,0x00,0x48,0x28,0x00,0x00,0x78,0x78,0x42,0x4A,0x6A,0x4A,0x00,0x00,
    0x00,0x00,0x00,0x00,0x00,0x00,0x00,0x00,0x00,0x00,0x00,0x00,0x00,0x00,0x00,0x00,
    0x00,0x00,0x00,0x00,0x00,0x00,0x00,0x00,0x00,0x00,0x00,0x00,0x00,0x00,0x00,0x00,
    0x02,0x02,0x02,0x02,0x02,0x02,0x02,0x02,0x02,0x02,0x02,0x02,0x02,0x02,0x02,0x02,
    0x02,0x02,0x02,0x02,0x78,0x78,0x02,0x02,0x02,0x02,0x28,0x20,0x68,0x68,0x02,0x02,
    0x50,0x72,0x22,0x22,0x42,0x42,0x02,0x02,0x00,0x28,0x22,0x4A,0x62,0x62,0x02,0x02,
    0x02,0x02,0x2A,0x52,0x02,0x22,0x2A,0x2A,0x30,0x28,0x4A,0x4A,0x42,0x22,0x3A,0x3A,
    0x4A,0x4A,0x60,0x62,0x40,0x68,0x68,0x68,0x48,0x48,0x68,0x6A,0x40,0x40,0x70,0x70,
    0x6A,0x6A,0x48,0x48,0x40,0x60,0x72,0x6A,0x10,0x59,0x62,0x42,0x60,0x62,0x68,0x42,
    0x00,0x00,0x68,0x68,0x68,0x28,0x00,0x00,0x00,0x00,0x68,0x60,0x48,0x48,0x00,0x00,
    0x00,0x00,0x00,0x00,0x28,0x50,0x00,0x00,0x70,0x70,0x42,0x4A,0x50,0x28,0x6A,0x6A,
    0x39,0x39,0x51,0x39,0x29,0x29,0x00,0x00,0x00,0x00,0x00,0x00,0x00,0x00,0x00,0x00,
    0x00,0x00,0x30,0x30,0x51,0x59,0x00,0x00,0x51,0x29,0x11,0x11,0x51,0x51,0x59,0x59,
    0x38,0x31,0x00,0x08,0x08,0x00,0x68,0x68,0x09,0x31,0x10,0x00,0x08,0x00,0x68,0x68,
    0x00,0x00,0x28,0x50,0x00,0x00,0x48,0x60,0x29,0x51,0x18,0x20,0x08,0x00,0x72,0x72,
    0x29,0x31,0x01,0x01,0x09,0x09,0x48,0x48,0x29,0x51,0x01,0x11,0x51,0x29,0x01,0x01,
    0x38,0x38,0x01,0x01,0x09,0x09,0x51,0x38,0x31,0x31,0x09,0x09,0x01,0x01,0x59,0x10,
    0x29,0x29,0x29,0x09,0x09,0x09,0x59,0x59,0x29,0x51,0x51,0x31,0x11,0x59,0x01,0x01,
    0x01,0x01,0x01,0x01,0x29,0x29,0x58,0x58,0x01,0x01,0x31,0x31,0x09,0x29,0x31,0x31,
    0x03,0x03,0x03,0x03,0x03,0x03,0x03,0x03,0x03,0x03,0x03,0x03,0x03,0x03,0x03,0x03,
    0x03,0x03,0x03,0x03,0x03,0x03,0x03,0x03,0x03,0x03,0x03,0x03,0x53,0x53,0x53,0x53,
    0x2B,0x2B,0x1B,0x5B,0x3B,0x33,0x03,0x03,0x03,0x03,0x33,0x3B,0x3A,0x3A,0x5B,0x5B,
    0x03,0x03,0x03,0x03,0x03,0x03,0x32,0x32,0x03,0x03,0x5A,0x5A,0x2A,0x52,0x33,0x33,
    0x02,0x02,0x02,0x02,0x02,0x02,0x02,0x02,0x02,0x02,0x02,0x02,0x02,0x02,0x02,0x02,
    0x02,0x02,0x02,0x02,0x72,0x72,0x02,0x02,0x02,0x02,0x2A,0x2A,0x48,0x4A,0x2A,0x52,
    0x02,0x02,0x02,0x02,0x02,0x02,0x2B,0x2B,0x02,0x02,0x02,0x02,0x02,0x02,0x02,0x02,
    0x02,0x02,0x02,0x02,0x02,0x02,0x02,0x02,0x02,0x02,0x02,0x02,0x5A,0x5A,0x2B,0x2B,
    0x02,0x02,0x02,0x02,0x28,0x28,0x02,0x02,0x50,0x50,0x02,0x02,0x02,0x02,0x02,0x02,
    0x02,0x02,0x02,0x02,0x28,0x28,0x02,0x02,0x02,0x02,0x28,0x28,0x00,0x00,0x02,0x02,
    0x02,0x02,0x28,0x50,0x20,0x20,0x02,0x02,0x28,0x28,0x48,0x28,0x00,0x28,0x00,0x00,
    0x02,0x02,0x02,0x02,0x02,0x02,0x02,0x02,0x28,0x28,0x50,0x00,0x28,0x28,0x00,0x00,
    0x00,0x00,0x00,0x00,0x30,0x30,0x00,0x00,0x50,0x50,0x00,0x00,0x00,0x00,0x00,0x00,
    0x00,0x00,0x00,0x00,0x59,0x59,0x00,0x00,0x00,0x00,0x70,0x70,0x18,0x31,0x00,0x00,
    0x00,0x00,0x59,0x59,0x00,0x00,0x00,0x00,0x00,0x00,0x00,0x00,0x00,0x00,0x72,0x72,
    0x00,0x00,0x00,0x00,0x00,0x00,0x00,0x00,0x00,0x00,0x00,0x00,0x00,0x00,0x2A,0x2A,
    0x02,0x02,0x02,0x02,0x02,0x02,0x02,0x02,0x02,0x02,0x02,0x02,0x02,0x02,0x02,0x02,
    0x02,0x02,0x02,0x02,0x02,0x02,0x02,0x02,0x02,0x02,0x02,0x02,0x02,0x02,0x02,0x02,
    0x02,0x02,0x02,0x02,0x02,0x02,0x02,0x02,0x02,0x02,0x02,0x02,0x02,0x02,0x02,0x02,
    0x02,0x02,0x02,0x02,0x02,0x02,0x02,0x02,0x02,0x02,0x02,0x02,0x02,0x02,0x02,0x02,
    0x00,0x00,0x00,0x00,0x30,0x30,0x50,0x50,0x58,0x58,0x00,0x00,0x00,0x00,0x00,0x00,
    0x00,0x00,0x58,0x58,0x30,0x30,0x50,0x50,0x31,0x31,0x31,0x31,0x50,0x00,0x28,0x28,
    0x00,0x00,0x00,0x00,0x00,0x00,0x00,0x00,0x00,0x00,0x28,0x28,0x00,0x00,0x28,0x28,
    0x00,0x00,0x00,0x00,0x00,0x00,0x00,0x00,0x00,0x00,0x59,0x59,0x30,0x30,0x58,0x58,
    0x00,0x00,0x00,0x00,0x51,0x29,0x00,0x00,0x29,0x29,0x00,0x00,0x00,0x00,0x00,0x00,
    0x00,0x00,0x00,0x00,0x00,0x00,0x00,0x00,0x00,0x00,0x00,0x00,0x59,0x59,0x00,0x00,
    0x51,0x51,0x00,0x00,0x29,0x31,0x00,0x00,0x29,0x29,0x01,0x01,0x31,0x31,0x38,0x38,
    0x00,0x00,0x00,0x00,0x00,0x00,0x00,0x00,0x29,0x29,0x29,0x29,0x31,0x09,0x39,0x39,
    0x01,0x01,0x51,0x51,0x31,0x29,0x01,0x01,0x29,0x29,0x31,0x31,0x01,0x01,0x01,0x01,
    0x01,0x01,0x01,0x01,0x29,0x29,0x29,0x29,0x01,0x01,0x31,0x31,0x09,0x09,0x29,0x29,
    0x01,0x01,0x01,0x01,0x51,0x51,0x39,0x39,0x01,0x01,0x01,0x01,0x01,0x01,0x30,0x30,
    0x01,0x01,0x01,0x01,0x01,0x01,0x29,0x29,0x01,0x01,0x01,0x01,0x29,0x29,0x19,0x19,
    0x3B,0x5B,0x2B,0x2B,0x53,0x53,0x03,0x03,0x03,0x03,0x03,0x03,0x03,0x03,0x03,0x03,
    0x03,0x03,0x03,0x03,0x03,0x03,0x03,0x03,0x03,0x03,0x03,0x03,0x03,0x03,0x03,0x03,
    0x03,0x03,0x03,0x03,0x5B,0x33,0x03,0x03,0x03,0x03,0x03,0x03,0x03,0x03,0x03,0x03,
    0x03,0x03,0x03,0x03,0x03,0x03,0x03,0x03,0x2B,0x2B,0x03,0x03,0x03,0x03,0x03,0x03,
    0x02,0x02,0x02,0x02,0x02,0x02,0x02,0x02,0x02,0x02,0x02,0x02,0x02,0x02,0x02,0x02,
    0x02,0x02,0x02,0x02,0x02,0x02,0x02,0x02,0x02,0x02,0x02,0x02,0x53,0x53,0x02,0x02,
    0x02,0x02,0x02,0x02,0x02,0x02,0x02,0x02,0x02,0x02,0x02,0x02,0x02,0x02,0x02,0x02,
    0x02,0x02,0x02,0x02,0x02,0x02,0x02,0x02,0x02,0x02,0x02,0x02,0x02,0x02,0x02,0x02,
    0x02,0x02,0x02,0x02,0x02,0x02,0x02,0x02,0x02,0x02,0x02,0x02,0x02,0x02,0x02,0x02,
    0x02,0x02,0x02,0x02,0x02,0x02,0x02,0x02,0x02,0x02,0x02,0x02,0x02,0x02,0x02,0x02,
    0x02,0x02,0x02,0x02,0x02,0x02,0x02,0x02,0x02,0x02,0x02,0x02,0x02,0x02,0x02,0x02,
    0x02,0x02,0x02,0x02,0x02,0x02,0x02,0x02,0x02,0x02,0x02,0x02,0x02,0x02,0x02,0x02,
    0x00,0x00,0x00,0x00,0x00,0x00,0x00,0x00,0x00,0x00,0x00,0x00,0x00,0x00,0x00,0x00,
    0x00,0x00,0x00,0x00,0x00,0x00,0x00,0x00,0x00,0x00,0x00,0x00,0x00,0x00,0x00,0x00,
    0x00,0x00,0x00,0x00,0x00,0x00,0x00,0x00,0x00,0x00,0x00,0x00,0x00,0x00,0x00,0x00,
    0x00,0x00,0x00,0x00,0x00,0x00,0x00,0x00,0x00,0x00,0x00,0x00,0x00,0x00,0x00,0x00,
    0x02,0x02,0x02,0x02,0x02,0x02,0x02,0x02,0x02,0x02,0x02,0x02,0x02,0x02,0x02,0x02,
    0x02,0x02,0x02,0x02,0x02,0x02,0x02,0x02,0x02,0x02,0x02,0x02,0x02,0x02,0x02,0x02,
    0x02,0x02,0x02,0x02,0x02,0x02,0x02,0x02,0x02,0x02,0x02,0x02,0x02,0x02,0x02,0x02,
    0x02,0x02,0x02,0x02,0x02,0x02,0x02,0x02,0x02,0x02,0x02,0x02,0x02,0x02,0x02,0x02,
    0x00,0x00,0x00,0x00,0x00,0x00,0x00,0x00,0x00,0x00,0x00,0x00,0x00,0x00,0x00,0x00,
    0x00,0x00,0x00,0x00,0x00,0x00,0x00,0x00,0x00,0x00,0x00,0x00,0x00,0x00,0x00,0x00,
    0x00,0x00,0x00,0x00,0x00,0x00,0x00,0x00,0x00,0x00,0x00,0x00,0x00,0x00,0x00,0x00,
    0x00,0x00,0x00,0x00,0x00,0x00,0x00,0x00,0x00,0x00,0x00,0x00,0x00,0x00,0x00,0x00,
    0x00,0x00,0x00,0x00,0x00,0x00,0x00,0x00,0x00,0x00,0x00,0x00,0x00,0x00,0x00,0x00,
    0x00,0x00,0x00,0x00,0x00,0x00,0x00,0x00,0x00,0x00,0x00,0x00,0x00,0x00,0x00,0x00,
    0x00,0x00,0x00,0x00,0x50,0x50,0x00,0x00,0x00,0x00,0x50,0x50,0x52,0x52,0x00,0x00,
    0x00,0x00,0x00,0x00,0x00,0x00,0x00,0x00,0x00,0x00,0x00,0x00,0x00,0x00,0x00,0x00,
    0x01,0x01,0x01,0x01,0x01,0x01,0x01,0x01,0x01,0x01,0x01,0x01,0x01,0x01,0x01,0x01,
    0x01,0x01,0x01,0x01,0x58,0x58,0x01,0x01,0x01,0x01,0x01,0x01,0x01,0x01,0x01,0x01,
    0x01,0x01,0x01,0x01,0x01,0x01,0x01,0x01,0x01,0x01,0x01,0x01,0x01,0x01,0x01,0x01,
    0x01,0x01,0x01,0x01,0x01,0x01,0x01,0x01,0x01,0x01,0x01,0x01,0x01,0x01,0x01,0x01,
    0x32,0x5A,0x32,0x3A,0x03,0x03,0x03,0x03,0x03,0x03,0x03,0x03,0x03,0x03,0x03,0x03,
    0x52,0x52,0x03,0x03,0x33,0x33,0x03,0x03,0x03,0x03,0x03,0x03,0x03,0x03,0x03,0x03,
    0x03,0x03,0x1B,0x13,0x5B,0x33,0x03,0x03,0x03,0x03,0x13,0x13,0x53,0x33,0x03,0x03,
    0x03,0x03,0x70,0x5B,0x3A,0x32,0x3A,0x3A,0x4A,0x4A,0x1B,0x13,0x13,0x13,0x33,0x53,
    0x6A,0x6A,0x12,0x52,0x2A,0x32,0x7B,0x7B,0x68,0x4A,0x32,0x2A,0x32,0x32,0x02,0x02,
    0x02,0x02,0x2A,0x32,0x4A,0x12,0x52,0x52,0x72,0x72,0x02,0x0A,0x2A,0x12,0x2B,0x2B,
    0x02,0x02,0x02,0x02,0x48,0x50,0x02,0x02,0x00,0x28,0x48,0x48,0x02,0x02,0x02,0x02,
    0x50,0x50,0x02,0x02,0x70,0x70,0x02,0x02,0x02,0x02,0x52,0x52,0x52,0x52,0x02,0x02,
    0x4A,0x4A,0x4A,0x52,0x4A,0x52,0x02,0x02,0x02,0x02,0x52,0x52,0x02,0x02,0x02,0x02,
    0x02,0x02,0x02,0x02,0x4A,0x72,0x02,0x02,0x4A,0x4A,0x52,0x52,0x02,0x02,0x02,0x02,
    0x02,0x02,0x22,0x02,0x6A,0x4A,0x02,0x02,0x50,0x50,0x2A,0x22,0x52,0x52,0x52,0x52,
    0x02,0x02,0x6A,0x60,0x72,0x60,0x2A,0x4A,0x02,0x02,0x22,0x02,0x2A,0x22,0x4A,0x4A,
    0x30,0x28,0x60,0x48,0x50,0x70,0x00,0x00,0x00,0x28,0x28,0x28,0x00,0x00,0x00,0x00,
    0x50,0x50,0x00,0x00,0x40,0x70,0x00,0x00,0x48,0x48,0x6A,0x4A,0x68,0x68,0x00,0x00,
    0x00,0x00,0x00,0x00,0x00,0x00,0x00,0x00,0x00,0x00,0x28,0x28,0x00,0x00,0x00,0x00,
    0x00,0x00,0x00,0x00,0x00,0x00,0x00,0x00,0x00,0x00,0x28,0x28,0x00,0x00,0x00,0x00,
    0x58,0x58,0x38,0x38,0x02,0x02,0x02,0x02,0x02,0x02,0x02,0x02,0x02,0x02,0x02,0x02,
    0x02,0x02,0x02,0x02,0x02,0x02,0x02,0x02,0x02,0x02,0x02,0x02,0x02,0x02,0x02,0x02,
    0x02,0x02,0x68,0x68,0x70,0x70,0x02,0x02,0x02,0x02,0x48,0x28,0x02,0x02,0x02,0x02,
    0x31,0x39,0x50,0x78,0x7A,0x78,0x50,0x50,0x02,0x02,0x72,0x50,0x68,0x70,0x2A,0x2A,
    0x50,0x58,0x58,0x50,0x58,0x50,0x00,0x00,0x39,0x39,0x78,0x79,0x00,0x00,0x00,0x00,
    0x00,0x00,0x58,0x58,0x48,0x50,0x28,0x28,0x00,0x00,0x50,0x68,0x60,0x6A,0x4A,0x4A,
    0x00,0x00,0x00,0x00,0x50,0x78,0x00,0x00,0x51,0x51,0x00,0x00,0x00,0x28,0x00,0x00,
    0x00,0x00,0x00,0x00,0x59,0x59,0x59,0x59,0x29,0x29,0x2A,0x78,0x48,0x68,0x00,0x00,
    0x29,0x51,0x11,0x59,0x39,0x39,0x00,0x00,0x00,0x00,0x58,0x58,0x00,0x00,0x00,0x00,
    0x00,0x00,0x31,0x51,0x00,0x00,0x00,0x00,0x00,0x00,0x31,0x31,0x59,0x59,0x00,0x00,
    0x51,0x51,0x28,0x10,0x29,0x39,0x29,0x29,0x31,0x31,0x10,0x08,0x38,0x38,0x28,0x28,
    0x00,0x00,0x11,0x59,0x51,0x39,0x31,0x31,0x29,0x29,0x10,0x00,0x38,0x08,0x50,0x28,
    0x51,0x31,0x01,0x09,0x01,0x01,0x31,0x31,0x29,0x51,0x29,0x29,0x31,0x31,0x01,0x01,
    0x01,0x01,0x29,0x09,0x01,0x01,0x31,0x31,0x51,0x51,0x01,0x01,0x09,0x01,0x51,0x31,
    0x01,0x01,0x29,0x29,0x01,0x01,0x01,0x01,0x01,0x01,0x51,0x29,0x29,0x29,0x01,0x01,
    0x01,0x01,0x51,0x51,0x29,0x29,0x01,0x01,0x01,0x01,0x29,0x29,0x29,0x29,0x01,0x01,
    0x2B,0x33,0x33,0x33,0x13,0x0B,0x2B,0x53,0x53,0x53,0x2B,0x33,0x03,0x03,0x03,0x03,
    0x03,0x03,0x5A,0x5B,0x2B,0x03,0x03,0x03,0x33,0x5B,0x2B,0x2B,0x2B,0x2B,0x03,0x03,
    0x33,0x33,0x03,0x03,0x03,0x03,0x2B,0x2B,0x3B,0x33,0x13,0x13,0x03,0x03,0x03,0x03,
    0x03,0x03,0x33,0x33,0x0B,0x03,0x2B,0x2B,0x13,0x13,0x13,0x13,0x03,0x03,0x2B,0x2B,
    0x2B,0x0B,0x0B,0x2B,0x33,0x13,0x13,0x33,0x33,0x33,0x2B,0x03,0x2B,0x2B,0x02,0x02,
    0x2B,0x2B,0x13,0x3B,0x1B,0x13,0x13,0x13,0x13,0x13,0x0B,0x0B,0x1B,0x0B,0x33,0x13,
    0x02,0x02,0x02,0x02,0x70,0x70,0x02,0x02,0x68,0x72,0x3A,0x32,0x2B,0x2B,0x02,0x02,
    0x02,0x02,0x5A,0x5A,0x1A,0x32,0x13,0x53,0x6A,0x7B,0x32,0x1A,0x1B,0x5B,0x2B,0x2B,
    0x4A,0x2A,0x2A,0x4A,0x4A,0x78,0x33,0x33,0x2A,0x2A,0x13,0x13,0x02,0x02,0x02,0x02,
    0x72,0x6A,0x6A,0x70,0x6A,0x4A,0x3A,0x5A,0x6A,0x48,0x48,0x4A,0x02,0x02,0x02,0x02,
    0x02,0x02,0x2A,0x22,0x02,0x02,0x32,0x32,0x4A,0x4A,0x4A,0x42,0x22,0x02,0x02,0x02,
    0x02,0x02,0x20,0x48,0x60,0x60,0x32,0x52,0x68,0x70,0x50,0x78,0x22,0x02,0x3B,0x3B,
    0x48,0x68,0x2A,0x48,0x28,0x28,0x78,0x78,0x50,0x00,0x50,0x50,0x78,0x78,0x00,0x00,
    0x28,0x28,0x00,0x28,0x28,0x20,0x00,0x00,0x28,0x50,0x2A,0x42,0x4A,0x72,0x00,0x00,
    0x00,0x00,0x00,0x00,0x00,0x28,0x00,0x00,0x28,0x50,0x50,0x00,0x50,0x50,0x00,0x00,
    0x00,0x00,0x00,0x00,0x28,0x28,0x00,0x00,0x50,0x50,0x00,0x00,0x00,0x00,0x00,0x00,
    0x52,0x52,0x2A,0x2A,0x52,0x2A,0x2A,0x2A,0x02,0x02,0x52,0x2A,0x02,0x02,0x02,0x02,
    0x02,0x02,0x2A,0x2A,0x2A,0x2A,0x02,0x02,0x02,0x02,0x3A,0x3A,0x02,0x02,0x02,0x02,
    0x4A,0x4A,0x02,0x02,0x02,0x02,0x6A,0x4A,0x70,0x68,0x4A,0x52,0x2A,0x02,0x02,0x02,
    0x02,0x02,0x2A,0x4A,0x42,0x42,0x6A,0x6A,0x48,0x68,0x62,0x4A,0x22,0x02,0x52,0x32,
    0x42,0x52,0x22,0x22,0x62,0x42,0x22,0x4A,0x6A,0x6A,0x22,0x22,0x52,0x4A,0x00,0x00,
    0x00,0x00,0x4A,0x4A,0x42,0x42,0x42,0x2A,0x2A,0x4A,0x02,0x02,0x22,0x22,0x2A,0x2A,
    0x00,0x00,0x52,0x4A,0x20,0x28,0x00,0x00,0x20,0x00,0x00,0x50,0x40,0x40,0x00,0x00,
    0x30,0x30,0x48,0x48,0x28,0x00,0x60,0x60,0x30,0x50,0x28,0x20,0x40,0x48,0x4A,0x4A,
    0x30,0x10,0x59,0x38,0x39,0x50,0x00,0x00,0x50,0x50,0x28,0x58,0x00,0x00,0x00,0x00,
    0x00,0x00,0x31,0x31,0x59,0x30,0x50,0x50,0x30,0x30,0x58,0x50,0x2A,0x2A,0x00,0x00,
    0x19,0x39,0x08,0x00,0x00,0x00,0x00,0x00,0x30,0x38,0x28,0x08,0x00,0x00,0x28,0x28,
    0x00,0x00,0x28,0x28,0x08,0x00,0x50,0x50,0x38,0x39,0x10,0x30,0x00,0x00,0x68,0x68,
    0x31,0x31,0x01,0x09,0x11,0x11,0x10,0x30,0x01,0x19,0x01,0x09,0x29,0x01,0x01,0x01,
    0x01,0x01,0x01,0x01,0x09,0x19,0x10,0x10,0x39,0x31,0x01,0x09,0x09,0x09,0x28,0x28,
    0x01,0x01,0x29,0x09,0x09,0x29,0x01,0x01,0x11,0x29,0x11,0x31,0x29,0x59,0x01,0x01,
    0x01,0x01,0x01,0x01,0x39,0x39,0x29,0x29,0x29,0x29,0x29,0x58,0x29,0x31,0x29,0x29,
    0x03,0x03,0x03,0x03,0x5A,0x5A,0x03,0x03,0x03,0x03,0x03,0x03,0x03,0x03,0x03,0x03,
    0x03,0x03,0x03,0x03,0x03,0x03,0x03,0x03,0x03,0x03,0x53,0x53,0x03,0x03,0x03,0x03,
    0x03,0x03,0x2B,0x2B,0x1B,0x33,0x03,0x03,0x03,0x03,0x0B,0x03,0x53,0x33,0x03,0x03,
    0x03,0x03,0x03,0x03,0x03,0x03,0x2B,0x2B,0x72,0x72,0x33,0x33,0x33,0x13,0x2B,0x53,
    0x02,0x02,0x3B,0x3B,0x32,0x32,0x32,0x32,0x02,0x02,0x52,0x52,0x02,0x02,0x02,0x02,
    0x02,0x02,0x02,0x02,0x2A,0x32,0x3B,0x3A,0x70,0x70,0x0A,0x32,0x0A,0x2A,0x33,0x33,
    0x02,0x02,0x02,0x02,0x02,0x02,0x5B,0x5B,0x02,0x02,0x72,0x72,0x5B,0x5B,0x02,0x02,
    0x02,0x02,0x02,0x02,0x6A,0x6A,0x02,0x02,0x02,0x02,0x2A,0x2A,0x2A,0x2A,0x3A,0x3A,
    0x50,0x50,0x48,0x48,0x78,0x50,0x02,0x02,0x02,0x02,0x68,0x68,0x02,0x02,0x02,0x02,
    0x02,0x02,0x02,0x02,0x70,0x70,0x02,0x02,0x48,0x48,0x50,0x50,0x02,0x02,0x02,0x02,
    0x02,0x02,0x42,0x42,0x48,0x48,0x50,0x50,0x28,0x28,0x6A,0x6A,0x28,0x28,0x02,0x02,
    0x02,0x02,0x02,0x02,0x50,0x40,0x50,0x48,0x48,0x48,0x62,0x62,0x70,0x70,0x6A,0x6A,
    0x00,0x00,0x00,0x30,0x50,0x28,0x6A,0x6A,0x00,0x00,0x48,0x48,0x00,0x00,0x00,0x00,
    0x00,0x00,0x48,0x48,0x28,0x20,0x00,0x00,0x00,0x00,0x00,0x28,0x28,0x00,0x68,0x68,
    0x00,0x00,0x00,0x00,0x38,0x38,0x72,0x72,0x00,0x00,0x00,0x50,0x50,0x50,0x00,0x00,
    0x00,0x00,0x00,0x00,0x30,0x30,0x50,0x28,0x00,0x00,0x00,0x00,0x28,0x28,0x00,0x00,
    0x02,0x02,0x02,0x02,0x02,0x02,0x02,0x02,0x02,0x02,0x02,0x02,0x02,0x02,0x02,0x02,
    0x02,0x02,0x02,0x02,0x02,0x02,0x02,0x02,0x02,0x02,0x02,0x02,0x02,0x02,0x02,0x02,
    0x02,0x02,0x02,0x02,0x02,0x02,0x02,0x02,0x02,0x02,0x02,0x02,0x30,0x30,0x02,0x02,
    0x02,0x02,0x02,0x02,0x28,0x28,0x50,0x50,0x50,0x50,0x59,0x59,0x50,0x20,0x02,0x02,
    0x59,0x38,0x30,0x59,0x31,0x31,0x30,0x30,0x38,0x38,0x48,0x48,0x72,0x72,0x00,0x00,
    0x00,0x00,0x39,0x39,0x29,0x30,0x18,0x18,0x30,0x30,0x28,0x50,0x00,0x00,0x28,0x28,
    0x00,0x00,0x00,0x00,0x50,0x50,0x00,0x00,0x00,0x00,0x38,0x38,0x28,0x28,0x28,0x28,
    0x00,0x00,0x00,0x00,0x39,0x39,0x18,0x18,0x31,0x31,0x11,0x11,0x50,0x30,0x68,0x68,
    0x01,0x01,0x51,0x29,0x29,0x09,0x31,0x31,0x29,0x29,0x29,0x29,0x00,0x00,0x00,0x00,
    0x51,0x51,0x31,0x31,0x29,0x29,0x29,0x29,0x29,0x29,0x31,0x31,0x39,0x39,0x00,0x00,
    0x51,0x29,0x11,0x59,0x29,0x38,0x11,0x11,0x09,0x09,0x58,0x31,0x11,0x11,0x38,0x38,
    0x00,0x00,0x29,0x51,0x09,0x09,0x11,0x51,0x29,0x09,0x11,0x11,0x11,0x38,0x19,0x19,
    0x29,0x29,0x01,0x29,0x01,0x29,0x11,0x11,0x29,0x29,0x29,0x29,0x01,0x01,0x01,0x01,
    0x01,0x01,0x31,0x31,0x01,0x01,0x11,0x11,0x01,0x01,0x01,0x01,0x29,0x01,0x51,0x11,
    0x01,0x01,0x51,0x29,0x29,0x29,0x38,0x38,0x01,0x01,0x01,0x01,0x38,0x38,0x38,0x38,
    0x01,0x01,0x01,0x01,0x29,0x29,0x38,0x30,0x01,0x01,0x01,0x01,0x09,0x09,0x09,0x29,
    0x0B,0x3A,0x13,0x33,0x0B,0x2B,0x2B,0x2B,0x53,0x2B,0x2B,0x2B,0x03,0x03,0x03,0x03,
    0x2B,0x33,0x2B,0x53,0x2B,0x2B,0x03,0x03,0x3B,0x13,0x53,0x2B,0x03,0x03,0x03,0x03,
    0x32,0x53,0x33,0x33,0x13,0x33,0x2B,0x2B,0x03,0x3B,0x03,0x03,0x2B,0x2B,0x03,0x03,
    0x2A,0x2A,0x3B,0x32,0x13,0x2B,0x53,0x2B,0x13,0x3B,0x0B,0x0B,0x03,0x03,0x53,0x33,
    0x3B,0x13,0x13,0x13,0x1B,0x13,0x0B,0x2B,0x3A,0x1B,0x13,0x33,0x3B,0x3B,0x02,0x02,
    0x2B,0x2B,0x1A,0x32,0x1B,0x33,0x0B,0x2B,0x3B,0x3A,0x2B,0x3A,0x13,0x13,0x02,0x02,
    0x02,0x02,0x02,0x02,0x2B,0x2B,0x02,0x02,0x5B,0x33,0x13,0x33,0x02,0x02,0x02,0x02,
    0x02,0x02,0x02,0x02,0x1B,0x3B,0x03,0x03,0x53,0x1B,0x1B,0x3B,0x33,0x13,0x53,0x53,
    0x5B,0x5B,0x33,0x2B,0x3A,0x3A,0x33,0x33,0x5A,0x3B,0x1B,0x1B,0x02,0x02,0x02,0x02,
    0x02,0x02,0x02,0x02,0x5A,0x5A,0x02,0x02,0x02,0x02,0x52,0x4A,0x32,0x32,0x02,0x02,
    0x02,0x02,0x5B,0x5B,0x12,0x12,0x3A,0x3A,0x52,0x32,0x1B,0x32,0x3B,0x3B,0x02,0x02,
    0x02,0x02,0x02,0x02,0x70,0x5B,0x5B,0x5B,0x32,0x32,0x32,0x2A,0x2A,0x70,0x33,0x33,
    0x00,0x00,0x00,0x00,0x68,0x72,0x33,0x33,0x78,0x50,0x00,0x00,0x00,0x00,0x00,0x00,
    0x00,0x00,0x00,0x00,0x50,0x50,0x00,0x00,0x00,0x00,0x00,0x00,0x00,0x00,0x00,0x00,
    0x00,0x00,0x00,0x00,0x00,0x00,0x00,0x00,0x00,0x00,0x00,0x00,0x00,0x00,0x00,0x00,
    0x00,0x00,0x00,0x00,0x00,0x00,0x00,0x00,0x00,0x00,0x00,0x00,0x00,0x00,0x00,0x00,
    0x48,0x72,0x2A,0x2A,0x4A,0x4A,0x02,0x02,0x02,0x02,0x02,0x02,0x02,0x02,0x02,0x02,
    0x48,0x48,0x02,0x02,0x2A,0x2A,0x02,0x02,0x02,0x02,0x02,0x02,0x02,0x02,0x02,0x02,
    0x70,0x70,0x4A,0x4A,0x68,0x68,0x2A,0x2A,0x70,0x68,0x52,0x2A,0x2A,0x2A,0x02,0x02,
    0x02,0x02,0x68,0x6A,0x20,0x68,0x02,0x02,0x28,0x28,0x48,0x6A,0x48,0x68,0x02,0x02,
    0x4A,0x72,0x68,0x2A,0x68,0x68,0x72,0x72,0x50,0x50,0x6A,0x70,0x2A,0x2A,0x00,0x00,
    0x32,0x32,0x50,0x68,0x48,0x6A,0x52,0x32,0x60,0x48,0x68,0x52,0x60,0x60,0x68,0x68,
    0x00,0x00,0x00,0x00,0x28,0x50,0x00,0x00,0x48,0x48,0x28,0x28,0x00,0x00,0x00,0x00,
    0x00,0x00,0x28,0x50,0x00,0x00,0x50,0x50,0x50,0x48,0x50,0x40,0x48,0x48,0x00,0x00,
    0x38,0x38,0x50,0x58,0x38,0x38,0x00,0x00,0x58,0x58,0x70,0x70,0x00,0x00,0x00,0x00,
    0x49,0x49,0x00,0x00,0x39,0x39,0x00,0x00,0x31,0x31,0x00,0x00,0x50,0x50,0x00,0x00,
    0x19,0x31,0x31,0x30,0x30,0x30,0x50,0x50,0x59,0x59,0x30,0x10,0x00,0x00,0x00,0x00,
    0x00,0x00,0x00,0x00,0x51,0x28,0x00,0x00,0x51,0x39,0x31,0x38,0x29,0x31,0x00,0x00,
    0x29,0x31,0x38,0x30,0x10,0x38,0x30,0x30,0x31,0x31,0x30,0x50,0x01,0x01,0x01,0x01,
    0x01,0x01,0x30,0x30,0x10,0x38,0x28,0x28,0x39,0x59,0x59,0x18,0x30,0x39,0x01,0x01,
    0x01,0x01,0x51,0x51,0x29,0x29,0x01,0x01,0x01,0x01,0x38,0x38,0x29,0x29,0x01,0x01,
    0x01,0x01,0x01,0x01,0x01,0x01,0x01,0x01,0x51,0x51,0x31,0x31,0x31,0x31,0x01,0x01,
    0x3B,0x33,0x13,0x0B,0x1A,0x1A,0x32,0x32,0x33,0x33,0x33,0x2B,0x2B,0x53,0x03,0x03,
    0x03,0x03,0x13,0x33,0x1B,0x13,0x2B,0x2B,0x3B,0x33,0x0B,0x2B,0x03,0x03,0x33,0x33,
    0x3A,0x1A,0x13,0x13,0x13,0x0B,0x13,0x2B,0x52,0x1B,0x13,0x13,0x13,0x13,0x53,0x2B,
    0x03,0x03,0x52,0x3B,0x3A,0x1A,0x3A,0x53,0x52,0x5A,0x13,0x13,0x13,0x13,0x03,0x03,
    0x52,0x32,0x32,0x32,0x2A,0x32,0x33,0x5B,0x4A,0x52,0x32,0x5A,0x2A,0x32,0x02,0x02,
    0x33,0x33,0x52,0x5A,0x2A,0x12,0x3B,0x3B,0x68,0x5A,0x4A,0x32,0x12,0x12,0x33,0x2B,
    0x02,0x02,0x72,0x52,0x6A,0x52,0x3B,0x3B,0x6A,0x68,0x52,0x52,0x5A,0x5A,0x02,0x02,
    0x02,0x02,0x70,0x70,0x4A,0x68,0x52,0x52,0x6A,0x72,0x42,0x72,0x4A,0x32,0x3A,0x3A,
    0x40,0x60,0x62,0x62,0x68,0x60,0x62,0x62,0x2A,0x42,0x4A,0x2A,0x68,0x68,0x02,0x02,
    0x02,0x02,0x28,0x6A,0x60,0x60,0x4A,0x4A,0x48,0x72,0x72,0x2A,0x6A,0x4A,0x52,0x52,
    0x20,0x40,0x62,0x22,0x20,0x40,0x42,0x6A,0x60,0x60,0x62,0x42,0x42,0x2A,0x2A,0x2A,
    0x02,0x02,0x60,0x6A,0x40,0x40,0x62,0x6A,0x40,0x50,0x62,0x42,0x60,0x42,0x22,0x02,
    0x38,0x28,0x48,0x28,0x00,0x40,0x68,0x28,0x30,0x28,0x48,0x20,0x68,0x40,0x00,0x00,
    0x28,0x28,0x28,0x48,0x50,0x20,0x68,0x68,0x48,0x28,0x40,0x48,0x40,0x50,0x72,0x72,
    0x00,0x00,0x28,0x28,0x28,0x28,0x00,0x00,0x28,0x28,0x00,0x00,0x28,0x28,0x00,0x00,
    0x00,0x00,0x00,0x00,0x28,0x28,0x28,0x28,0x50,0x28,0x28,0x28,0x28,0x28,0x00,0x00,
    0x02,0x02,0x52,0x52,0x02,0x02,0x02,0x02,0x02,0x02,0x02,0x02,0x02,0x02,0x02,0x02,
    0x02,0x02,0x02,0x02,0x02,0x02,0x02,0x02,0x02,0x02,0x02,0x02,0x02,0x02,0x02,0x02,
    0x02,0x02,0x70,0x72,0x70,0x70,0x48,0x48,0x38,0x38,0x68,0x68,0x72,0x72,0x02,0x02,
    0x02,0x02,0x59,0x79,0x51,0x38,0x28,0x28,0x31,0x51,0x50,0x59,0x50,0x60,0x2A,0x52,
    0x11,0x19,0x59,0x59,0x11,0x39,0x50,0x78,0x11,0x29,0x30,0x58,0x50,0x50,0x00,0x00,
    0x51,0x58,0x58,0x59,0x30,0x50,0x7A,0x78,0x31,0x29,0x50,0x50,0x20,0x40,0x6A,0x6A,
    0x00,0x00,0x50,0x48,0x50,0x50,0x50,0x50,0x39,0x38,0x59,0x38,0x28,0x00,0x72,0x72,
    0x00,0x00,0x11,0x29,0x29,0x59,0x38,0x39,0x29,0x29,0x31,0x11,0x48,0x00,0x6A,0x6A,
    0x09,0x11,0x18,0x18,0x11,0x11,0x18,0x39,0x29,0x51,0x18,0x38,0x31,0x31,0x00,0x00,
    0x38,0x38,0x51,0x51,0x29,0x31,0x38,0x38,0x29,0x29,0x11,0x11,0x38,0x38,0x28,0x28,
    0x01,0x11,0x18,0x10,0x09,0x11,0x31,0x39,0x11,0x11,0x18,0x10,0x11,0x29,0x08,0x08,
    0x00,0x00,0x39,0x39,0x31,0x11,0x38,0x31,0x09,0x31,0x18,0x10,0x19,0x10,0x00,0x08,
    0x01,0x09,0x01,0x01,0x01,0x01,0x59,0x31,0x51,0x29,0x09,0x09,0x29,0x01,0x01,0x01,
    0x01,0x29,0x01,0x01,0x01,0x01,0x31,0x11,0x29,0x29,0x01,0x01,0x01,0x01,0x09,0x11,
    0x31,0x51,0x01,0x01,0x51,0x01,0x09,0x09,0x29,0x29,0x01,0x09,0x01,0x01,0x51,0x51,
    0x01,0x01,0x51,0x29,0x29,0x01,0x29,0x01,0x29,0x29,0x29,0x01,0x01,0x01,0x29,0x01,
    0x13,0x3A,0x0B,0x2B,0x0B,0x0B,0x2B,0x2B,0x2B,0x53,0x2B,0x2B,0x53,0x53,0x03,0x03,
    0x03,0x03,0x33,0x13,0x13,0x0B,0x2B,0x2B,0x52,0x3B,0x03,0x2B,0x03,0x13,0x03,0x03,
    0x3A,0x3A,0x03,0x03,0x03,0x03,0x3B,0x2B,0x13,0x1B,0x0B,0x0B,0x03,0x03,0x2B,0x2B,
    0x03,0x03,0x13,0x03,0x0B,0x0B,0x2B,0x3B,0x1B,0x3A,0x13,0x13,0x0B,0x03,0x13,0x2B,
    0x5A,0x5B,0x1A,0x1B,0x1A,0x1A,0x33,0x1B,0x12,0x32,0x12,0x1A,0x3A,0x3A,0x02,0x02,
    0x3A,0x3A,0x1A,0x1A,0x12,0x1A,0x5B,0x3B,0x12,0x12,0x1B,0x13,0x1B,0x1A,0x1B,0x33,
    0x02,0x02,0x2A,0x2A,0x1A,0x1A,0x2B,0x2B,0x32,0x32,0x3A,0x3A,0x3A,0x3A,0x02,0x02,
    0x02,0x02,0x2A,0x2A,0x0A,0x32,0x32,0x32,0x32,0x12,0x12,0x12,0x12,0x12,0x13,0x13,
    0x4A,0x52,0x62,0x42,0x40,0x70,0x53,0x53,0x2A,0x2A,0x3A,0x3A,0x02,0x02,0x02,0x02,
    0x02,0x02,0x6A,0x68,0x28,0x70,0x53,0x53,0x28,0x48,0x6A,0x4A,0x52,0x22,0x02,0x02,
    0x28,0x48,0x22,0x0A,0x22,0x22,0x3A,0x3A,0x68,0x70,0x22,0x42,0x02,0x02,0x33,0x33,
    0x02,0x02,0x2A,0x68,0x22,0x22,0x5A,0x52,0x48,0x70,0x68,0x60,0x02,0x02,0x1A,0x1A,
    0x28,0x50,0x62,0x68,0x48,0x48,0x5A,0x5A,0x68,0x68,0x52,0x4A,0x72,0x72,0x00,0x00,
    0x00,0x00,0x48,0x48,0x4A,0x2A,0x00,0x00,0x4A,0x4A,0x42,0x22,0x42,0x22,0x00,0x00,
    0x00,0x00,0x00,0x00,0x50,0x50,0x00,0x00,0x00,0x00,0x50,0x50,0x50,0x50,0x00,0x00,
    0x00,0x00,0x00,0x00,0x00,0x00,0x00,0x00,0x00,0x00,0x00,0x00,0x00,0x00,0x00,0x00,
    0x02,0x02,0x32,0x0A,0x4A,0x4A,0x52,0x52,0x02,0x02,0x2A,0x52,0x02,0x02,0x02,0x02,
    0x02,0x02,0x52,0x2A,0x2A,0x02,0x02,0x02,0x4A,0x4A,0x5A,0x72,0x52,0x52,0x52,0x52,
    0x48,0x70,0x22,0x22,0x42,0x22,0x52,0x52,0x48,0x40,0x42,0x6A,0x2A,0x22,0x02,0x02,
    0x02,0x02,0x4A,0x52,0x22,0x22,0x2A,0x4A,0x28,0x68,0x42,0x42,0x42,0x22,0x52,0x5A,
    0x68,0x70,0x62,0x4A,0x60,0x42,0x50,0x48,0x00,0x48,0x62,0x42,0x48,0x60,0x00,0x00,
    0x68,0x72,0x62,0x60,0x62,0x42,0x48,0x68,0x28,0x70,0x42,0x22,0x62,0x42,0x42,0x22,
    0x50,0x50,0x4A,0x68,0x48,0x72,0x6A,0x6A,0x28,0x28,0x68,0x48,0x40,0x40,0x52,0x52,
    0x00,0x00,0x28,0x28,0x00,0x00,0x50,0x48,0x00,0x28,0x20,0x00,0x00,0x20,0x48,0x40,
    0x29,0x29,0x59,0x58,0x09,0x31,0x58,0x58,0x51,0x79,0x58,0x58,0x00,0x00,0x00,0x00,
    0x00,0x00,0x31,0x29,0x01,0x31,0x00,0x00,0x29,0x29,0x51,0x29,0x59,0x31,0x00,0x00,
    0x01,0x31,0x08,0x08,0x08,0x00,0x72,0x72,0x11,0x29,0x10,0x10,0x00,0x00,0x72,0x72,
    0x00,0x00,0x08,0x08,0x08,0x08,0x28,0x10,0x09,0x31,0x18,0x18,0x10,0x08,0x30,0x50,
    0x29,0x31,0x01,0x09,0x09,0x11,0x38,0x39,0x01,0x09,0x01,0x01,0x01,0x11,0x01,0x01,
    0x31,0x31,0x01,0x01,0x09,0x11,0x29,0x38,0x39,0x31,0x01,0x09,0x01,0x09,0x19,0x10,
    0x01,0x29,0x01,0x01,0x09,0x01,0x29,0x29,0x29,0x29,0x09,0x11,0x01,0x01,0x01,0x01,
    0x01,0x01,0x51,0x51,0x11,0x11,0x38,0x38,0x59,0x31,0x09,0x09,0x01,0x09,0x19,0x19,
    0x03,0x03,0x5B,0x3B,0x03,0x03,0x03,0x03,0x03,0x03,0x53,0x53,0x03,0x03,0x03,0x03,
    0x03,0x03,0x2B,0x2B,0x13,0x2B,0x03,0x03,0x03,0x03,0x53,0x2B,0x3A,0x2B,0x2B,0x2B,
    0x03,0x03,0x13,0x13,0x3A,0x13,0x5B,0x3A,0x2A,0x52,0x13,0x0B,0x13,0x33,0x5B,0x5B,
    0x03,0x03,0x32,0x32,0x52,0x52,0x5B,0x33,0x32,0x32,0x13,0x0B,0x1A,0x1B,0x0B,0x13,
    0x02,0x02,0x53,0x53,0x2A,0x52,0x5B,0x5B,0x02,0x02,0x5B,0x53,0x02,0x02,0x02,0x02,
    0x02,0x02,0x3A,0x3A,0x4A,0x2A,0x3A,0x1A,0x02,0x02,0x2A,0x2A,0x32,0x32,0x12,0x32,
    0x02,0x02,0x2A,0x2A,0x32,0x2A,0x33,0x33,0x02,0x02,0x70,0x70,0x32,0x32,0x2B,0x2B,
    0x02,0x02,0x02,0x02,0x6A,0x6A,0x02,0x02,0x02,0x02,0x72,0x72,0x52,0x2A,0x52,0x13,
    0x02,0x02,0x02,0x02,0x48,0x48,0x02,0x02,0x02,0x02,0x70,0x70,0x02,0x02,0x02,0x02,
    0x02,0x02,0x02,0x02,0x28,0x28,0x02,0x02,0x02,0x02,0x02,0x02,0x72,0x48,0x02,0x02,
    0x28,0x28,0x62,0x4A,0x00,0x50,0x68,0x68,0x50,0x20,0x60,0x42,0x28,0x48,0x02,0x02,
    0x02,0x02,0x68,0x68,0x40,0x40,0x68,0x68,0x28,0x28,0x62,0x42,0x20,0x60,0x42,0x4A,
    0x00,0x00,0x40,0x00,0x28,0x00,0x48,0x48,0x00,0x00,0x48,0x48,0x00,0x00,0x00,0x00,
    0x00,0x00,0x79,0x79,0x28,0x00,0x68,0x68,0x00,0x00,0x00,0x00,0x28,0x08,0x10,0x28,
    0x00,0x00,0x30,0x30,0x00,0x00,0x2A,0x2A,0x00,0x00,0x28,0x28,0x00,0x00,0x2A,0x2A,
    0x00,0x00,0x00,0x00,0x00,0x00,0x50,0x50,0x00,0x00,0x50,0x50,0x58,0x58,0x42,0x42,
    0x02,0x02,0x02,0x02,0x02,0x02,0x02,0x02,0x02,0x02,0x02,0x02,0x02,0x02,0x02,0x02,
    0x02,0x02,0x02,0x02,0x02,0x02,0x02,0x02,0x02,0x02,0x02,0x02,0x02,0x02,0x02,0x02,
    0x02,0x02,0x2A,0x2A,0x68,0x50,0x02,0x02,0x02,0x02,0x6A,0x6A,0x02,0x02,0x02,0x02,
    0x02,0x02,0x4A,0x4A,0x02,0x02,0x02,0x02,0x02,0x02,0x52,0x72,0x7A,0x7A,0x52,0x52,
    0x00,0x00,0x72,0x7A,0x79,0x78,0x31,0x31,0x30,0x30,0x51,0x51,0x00,0x00,0x00,0x00,
    0x00,0x00,0x72,0x72,0x59,0x52,0x39,0x39,0x51,0x51,0x52,0x79,0x6A,0x4A,0x52,0x42,
    0x00,0x00,0x20,0x50,0x28,0x28,0x70,0x70,0x00,0x00,0x00,0x28,0x28,0x28,0x52,0x52,
    0x00,0x00,0x00,0x00,0x39,0x38,0x38,0x38,0x29,0x29,0x11,0x39,0x29,0x30,0x40,0x40,
    0x00,0x00,0x00,0x00,0x29,0x29,0x00,0x00,0x29,0x29,0x29,0x29,0x00,0x00,0x00,0x00,
    0x00,0x00,0x00,0x00,0x59,0x59,0x00,0x00,0x00,0x00,0x00,0x00,0x29,0x29,0x00,0x00,
    0x59,0x59,0x38,0x30,0x29,0x31,0x31,0x31,0x51,0x09,0x11,0x18,0x09,0x29,0x58,0x58,
    0x00,0x00,0x31,0x31,0x29,0x29,0x31,0x31,0x01,0x01,0x09,0x11,0x01,0x09,0x31,0x38,
    0x01,0x01,0x01,0x29,0x01,0x01,0x39,0x39,0x29,0x29,0x01,0x01,0x31,0x31,0x01,0x01,
    0x01,0x01,0x29,0x51,0x01,0x01,0x31,0x39,0x51,0x51,0x01,0x01,0x01,0x01,0x01,0x01,
    0x01,0x01,0x01,0x01,0x29,0x29,0x11,0x11,0x01,0x01,0x51,0x29,0x51,0x29,0x10,0x10,
    0x01,0x01,0x29,0x29,0x01,0x29,0x29,0x29,0x01,0x01,0x51,0x29,0x29,0x01,0x29,0x29,
    0x2B,0x33,0x0B,0x2B,0x0B,0x03,0x03,0x03,0x53,0x53,0x53,0x2B,0x53,0x33,0x03,0x03,
    0x1A,0x1A,0x2B,0x0B,0x2B,0x2B,0x03,0x03,0x1B,0x1B,0x2B,0x53,0x0B,0x03,0x4B,0x4B,
    0x03,0x03,0x03,0x03,0x03,0x03,0x2B,0x2B,0x2B,0x33,0x03,0x03,0x13,0x2B,0x03,0x03,
    0x53,0x53,0x2B,0x2B,0x3B,0x2B,0x2B,0x2B,0x2B,0x13,0x03,0x0B,0x03,0x03,0x2B,0x2B,
    0x1B,0x3B,0x1B,0x03,0x3B,0x13,0x23,0x2B,0x33,0x5A,0x53,0x33,0x33,0x33,0x02,0x02,
    0x33,0x53,0x5B,0x2B,0x3B,0x1B,0x2B,0x2B,0x33,0x33,0x1B,0x03,0x1B,0x1B,0x2B,0x2B,
    0x02,0x02,0x02,0x02,0x02,0x02,0x02,0x02,0x02,0x02,0x02,0x02,0x02,0x02,0x02,0x02,
    0x02,0x02,0x53,0x53,0x2B,0x2B,0x2B,0x2B,0x3A,0x3A,0x02,0x02,0x2B,0x2B,0x02,0x02,
    0x3A,0x72,0x3A,0x33,0x32,0x32,0x2B,0x2B,0x5A,0x4A,0x5B,0x5B,0x02,0x02,0x02,0x02,
    0x72,0x72,0x2A,0x42,0x3A,0x32,0x02,0x02,0x62,0x62,0x32,0x32,0x32,0x52,0x02,0x02,
    0x68,0x68,0x70,0x4A,0x48,0x6A,0x33,0x5A,0x3A,0x12,0x5A,0x7B,0x4A,0x2A,0x33,0x33,
    0x02,0x02,0x02,0x02,0x33,0x7B,0x02,0x02,0x3B,0x3B,0x5B,0x33,0x5B,0x32,0x2B,0x2B,
    0x58,0x30,0x52,0x52,0x78,0x78,0x00,0x00,0x78,0x78,0x50,0x50,0x00,0x00,0x00,0x00,
    0x00,0x00,0x00,0x00,0x70,0x70,0x00,0x00,0x00,0x00,0x50,0x50,0x68,0x50,0x5B,0x5B,
    0x00,0x00,0x00,0x00,0x00,0x00,0x00,0x00,0x00,0x00,0x00,0x00,0x00,0x00,0x00,0x00,
    0x00,0x00,0x00,0x00,0x00,0x00,0x00,0x00,0x00,0x00,0x00,0x00,0x00,0x00,0x00,0x00,
    0x48,0x48,0x52,0x2A,0x2A,0x2A,0x02,0x02,0x02,0x02,0x02,0x02,0x02,0x02,0x02,0x02,
    0x50,0x50,0x32,0x32,0x02,0x02,0x02,0x02,0x68,0x68,0x2A,0x2A,0x50,0x50,0x02,0x02,
    0x02,0x22,0x0A,0x2A,0x2A,0x02,0x2A,0x2A,0x62,0x62,0x02,0x02,0x5A,0x32,0x32,0x32,
    0x02,0x02,0x02,0x02,0x4A,0x4A,0x2A,0x2A,0x72,0x68,0x2A,0x2A,0x02,0x0A,0x02,0x02,
    0x2A,0x4A,0x2A,0x12,0x42,0x42,0x2A,0x2A,0x6A,0x6A,0x22,0x22,0x78,0x52,0x00,0x00,
    0x2A,0x2A,0x2A,0x2A,0x4A,0x42,0x2A,0x2A,0x4A,0x52,0x4A,0x2A,0x4A,0x22,0x4A,0x2A,
    0x00,0x00,0x72,0x5A,0x52,0x52,0x00,0x00,0x00,0x00,0x00,0x00,0x72,0x72,0x00,0x00,
    0x00,0x00,0x00,0x00,0x4A,0x4A,0x00,0x00,0x00,0x00,0x00,0x00,0x4A,0x4A,0x00,0x00,
    0x39,0x39,0x28,0x10,0x28,0x28,0x00,0x00,0x38,0x38,0x00,0x00,0x00,0x00,0x00,0x00,
    0x39,0x39,0x38,0x18,0x50,0x72,0x00,0x00,0x11,0x51,0x10,0x28,0x50,0x30,0x00,0x00,
    0x50,0x30,0x38,0x30,0x30,0x30,0x00,0x00,0x39,0x39,0x08,0x28,0x50,0x50,0x00,0x00,
    0x00,0x00,0x38,0x38,0x50,0x50,0x00,0x00,0x39,0x58,0x50,0x30,0x78,0x58,0x00,0x00,
    0x09,0x11,0x11,0x19,0x09,0x09,0x28,0x28,0x11,0x11,0x10,0x10,0x59,0x59,0x01,0x01,
    0x31,0x51,0x31,0x38,0x09,0x11,0x38,0x38,0x29,0x51,0x11,0x19,0x09,0x11,0x31,0x31,
    0x29,0x51,0x51,0x29,0x29,0x29,0x01,0x01,0x29,0x29,0x29,0x29,0x29,0x51,0x01,0x01,
    0x01,0x01,0x01,0x01,0x01,0x01,0x01,0x01,0x01,0x01,0x29,0x51,0x01,0x01,0x01,0x01,
    0x2B,0x33,0x0B,0x0B,0x33,0x2B,0x03,0x03,0x3B,0x3B,0x13,0x13,0x03,0x03,0x03,0x03,
    0x73,0x73,0x0B,0x2B,0x3B,0x0B,0x03,0x03,0x53,0x5B,0x0B,0x03,0x03,0x03,0x53,0x2B,
    0x3B,0x13,0x0B,0x03,0x0B,0x0B,0x5B,0x2B,0x1B,0x3A,0x0B,0x03,0x03,0x03,0x2B,0x2B,
    0x03,0x03,0x0B,0x0B,0x0B,0x03,0x0B,0x2B,0x3A,0x3B,0x13,0x0B,0x0B,0x0B,0x2B,0x2B,
    0x52,0x2A,0x0A,0x12,0x12,0x12,0x13,0x0B,0x3A,0x4A,0x02,0x0A,0x02,0x0A,0x02,0x02,
    0x78,0x52,0x02,0x0A,0x12,0x12,0x03,0x13,0x5B,0x5A,0x02,0x0A,0x0A,0x0A,0x2B,0x03,
    0x02,0x02,0x3B,0x33,0x53,0x2B,0x2B,0x2B,0x68,0x70,0x5B,0x33,0x3A,0x3A,0x02,0x02,
    0x02,0x02,0x78,0x78,0x5B,0x5B,0x2B,0x2B,0x70,0x70,0x53,0x2B,0x33,0x2B,0x03,0x2B,
    0x42,0x68,0x42,0x22,0x42,0x42,0x0A,0x32,0x6A,0x70,0x4A,0x2A,0x52,0x52,0x02,0x02,
    0x02,0x02,0x68,0x6A,0x72,0x6A,0x2A,0x2A,0x70,0x68,0x62,0x72,0x68,0x6A,0x48,0x48,
    0x20,0x40,0x40,0x62,0x40,0x40,0x4A,0x0A,0x4A,0x6A,0x40,0x62,0x68,0x62,0x2A,0x2A,
    0x02,0x02,0x42,0x6A,0x60,0x60,0x2A,0x02,0x6A,0x4A,0x60,0x62,0x60,0x60,0x42,0x02,
    0x39,0x48,0x28,0x40,0x6A,0x68,0x2A,0x52,0x78,0x38,0x00,0x00,0x48,0x28,0x00,0x00,
    0x70,0x70,0x20,0x28,0x50,0x48,0x42,0x2A,0x50,0x50,0x20,0x40,0x28,0x20,0x51,0x52,
    0x50,0x50,0x38,0x30,0x68,0x6A,0x00,0x00,0x00,0x00,0x28,0x28,0x00,0x00,0x00,0x00,
    0x00,0x00,0x00,0x00,0x00,0x00,0x00,0x00,0x00,0x00,0x78,0x78,0x58,0x58,0x00,0x00,
    0x30,0x30,0x58,0x58,0x02,0x02,0x02,0x02,0x02,0x02,0x02,0x02,0x02,0x02,0x02,0x02,
    0x02,0x02,0x02,0x02,0x02,0x02,0x02,0x02,0x48,0x48,0x02,0x02,0x50,0x50,0x02,0x02,
    0x28,0x28,0x40,0x40,0x28,0x20,0x52,0x52,0x48,0x48,0x70,0x48,0x28,0x28,0x02,0x02,
    0x02,0x02,0x68,0x72,0x28,0x70,0x28,0x28,0x58,0x11,0x50,0x70,0x28,0x40,0x50,0x50,
    0x30,0x48,0x00,0x20,0x38,0x68,0x70,0x60,0x50,0x59,0x00,0x30,0x70,0x48,0x50,0x50,
    0x38,0x30,0x00,0x28,0x28,0x20,0x50,0x40,0x38,0x50,0x00,0x00,0x00,0x00,0x68,0x2A,
    0x00,0x00,0x68,0x68,0x72,0x68,0x6A,0x6A,0x59,0x59,0x7A,0x39,0x70,0x48,0x68,0x68,
    0x00,0x00,0x79,0x79,0x50,0x50,0x28,0x28,0x29,0x09,0x79,0x79,0x48,0x28,0x4A,0x4A,
    0x11,0x38,0x10,0x18,0x11,0x18,0x30,0x58,0x38,0x18,0x28,0x38,0x59,0x31,0x00,0x00,
    0x29,0x29,0x19,0x38,0x38,0x38,0x38,0x38,0x51,0x11,0x31,0x39,0x38,0x59,0x30,0x30,
    0x09,0x19,0x19,0x18,0x11,0x11,0x19,0x08,0x11,0x01,0x19,0x18,0x11,0x19,0x00,0x28,
    0x00,0x00,0x30,0x10,0x11,0x18,0x59,0x18,0x11,0x29,0x19,0x18,0x11,0x19,0x18,0x28,
    0x01,0x09,0x01,0x09,0x09,0x09,0x29,0x11,0x01,0x09,0x01,0x01,0x01,0x09,0x01,0x01,
    0x29,0x29,0x01,0x01,0x09,0x09,0x38,0x11,0x01,0x29,0x01,0x01,0x01,0x01,0x11,0x31,
    0x01,0x29,0x09,0x01,0x29,0x29,0x59,0x31,0x29,0x29,0x01,0x09,0x31,0x31,0x01,0x01,
    0x01,0x01,0x01,0x01,0x29,0x29,0x01,0x29,0x29,0x29,0x01,0x09,0x51,0x01,0x51,0x29,
    0x03,0x2B,0x03,0x03,0x0B,0x0B,0x03,0x2B,0x03,0x2B,0x03,0x2B,0x2B,0x2B,0x03,0x03,
    0x3A,0x3A,0x03,0x03,0x2B,0x0B,0x2B,0x2B,0x0B,0x2B,0x33,0x0B,0x03,0x03,0x2B,0x2B,
    0x0B,0x03,0x03,0x0B,0x03,0x03,0x33,0x03,0x0B,0x32,0x0B,0x0B,0x0B,0x0B,0x2B,0x2B,
    0x03,0x03,0x53,0x2B,0x13,0x13,0x2B,0x2B,0x13,0x33,0x0B,0x03,0x13,0x0B,0x0B,0x03,
    0x0A,0x0A,0x12,0x1B,0x12,0x1A,0x3B,0x0B,0x1B,0x32,0x13,0x13,0x33,0x53,0x02,0x02,
    0x2B,0x2B,0x33,0x13,0x12,0x12,0x3B,0x13,0x1A,0x32,0x1A,0x13,0x12,0x12,0x13,0x03,
    0x02,0x02,0x3B,0x1B,0x53,0x32,0x2B,0x53,0x3B,0x3B,0x1A,0x33,0x5B,0x5B,0x02,0x02,
    0x02,0x02,0x3A,0x52,0x12,0x12,0x32,0x3A,0x32,0x1A,0x1A,0x1B,0x12,0x1A,0x3A,0x03,
    0x72,0x52,0x02,0x5A,0x5B,0x5B,0x0B,0x2B,0x52,0x52,0x5A,0x3A,0x5B,0x5B,0x02,0x02,
    0x02,0x02,0x2A,0x4A,0x78,0x72,0x3A,0x3A,0x6A,0x6A,0x32,0x4A,0x02,0x2A,0x02,0x02,
    0x52,0x52,0x4A,0x2A,0x52,0x12,0x3B,0x33,0x52,0x68,0x32,0x32,0x52,0x52,0x2B,0x2B,
    0x02,0x02,0x2A,0x52,0x5A,0x2A,0x13,0x33,0x52,0x4A,0x32,0x3B,0x22,0x52,0x32,0x3B,
    0x48,0x48,0x4A,0x78,0x70,0x52,0x33,0x7B,0x78,0x70,0x5B,0x3A,0x78,0x78,0x00,0x00,
    0x00,0x00,0x68,0x68,0x4A,0x68,0x00,0x00,0x50,0x50,0x70,0x70,0x4A,0x6A,0x00,0x00,
    0x00,0x00,0x00,0x00,0x00,0x00,0x00,0x00,0x00,0x00,0x50,0x50,0x00,0x00,0x00,0x00,
    0x00,0x00,0x00,0x00,0x00,0x00,0x00,0x00,0x00,0x00,0x50,0x50,0x00,0x00,0x00,0x00,
    0x52,0x52,0x4A,0x2A,0x2A,0x2A,0x2A,0x2A,0x2A,0x2A,0x52,0x2A,0x52,0x52,0x02,0x02,
    0x50,0x50,0x02,0x02,0x52,0x4A,0x2A,0x2A,0x50,0x50,0x2A,0x2A,0x70,0x70,0x02,0x02,
    0x4A,0x4A,0x52,0x52,0x6A,0x6A,0x32,0x2A,0x62,0x62,0x52,0x4A,0x72,0x72,0x02,0x02,
    0x02,0x02,0x4A,0x4A,0x48,0x2A,0x52,0x52,0x68,0x72,0x60,0x42,0x48,0x4A,0x68,0x68,
    0x20,0x20,0x40,0x60,0x40,0x40,0x4A,0x42,0x40,0x20,0x4A,0x42,0x50,0x68,0x00,0x00,
    0x52,0x72,0x60,0x42,0x40,0x40,0x4A,0x22,0x48,0x6A,0x62,0x4A,0x40,0x40,0x62,0x22,
    0x00,0x00,0x4A,0x2A,0x68,0x4A,0x2A,0x2A,0x28,0x28,0x48,0x4A,0x4A,0x4A,0x00,0x00,
    0x00,0x00,0x28,0x48,0x40,0x40,0x70,0x6A,0x48,0x70,0x60,0x68,0x40,0x40,0x4A,0x4A,
    0x10,0x10,0x30,0x10,0x39,0x59,0x50,0x48,0x39,0x39,0x50,0x59,0x00,0x00,0x00,0x00,
    0x38,0x38,0x38,0x18,0x39,0x38,0x28,0x28,0x31,0x31,0x38,0x50,0x51,0x31,0x00,0x00,
    0x11,0x11,0x18,0x10,0x39,0x38,0x72,0x68,0x11,0x39,0x19,0x10,0x29,0x59,0x28,0x6A,
    0x00,0x00,0x28,0x10,0x39,0x30,0x72,0x6A,0x11,0x31,0x19,0x30,0x19,0x10,0x50,0x72,
    0x01,0x09,0x11,0x11,0x09,0x11,0x28,0x10,0x51,0x59,0x31,0x19,0x09,0x09,0x01,0x01,
    0x31,0x31,0x19,0x11,0x09,0x11,0x08,0x10,0x31,0x39,0x11,0x11,0x09,0x11,0x18,0x10,
    0x01,0x29,0x09,0x11,0x31,0x09,0x38,0x38,0x29,0x29,0x11,0x01,0x01,0x09,0x01,0x01,
    0x01,0x01,0x51,0x51,0x29,0x29,0x51,0x38,0x01,0x01,0x11,0x19,0x09,0x01,0x01,0x01,
    0x03,0x03,0x03,0x03,0x03,0x03,0x03,0x03,0x03,0x03,0x03,0x03,0x03,0x03,0x03,0x03,
    0x03,0x03,0x03,0x03,0x03,0x03,0x03,0x03,0x03,0x03,0x03,0x03,0x03,0x03,0x03,0x03,
    0x53,0x53,0x3B,0x33,0x33,0x33,0x5A,0x5A,0x03,0x03,0x5A,0x3A,0x03,0x03,0x03,0x03,
    0x03,0x03,0x03,0x03,0x03,0x03,0x03,0x03,0x03,0x03,0x3A,0x33,0x3A,0x3A,0x5A,0x3A,
    0x02,0x02,0x3A,0x3B,0x2A,0x52,0x7B,0x7B,0x72,0x72,0x5A,0x5A,0x50,0x28,0x02,0x02,
    0x02,0x02,0x53,0x53,0x50,0x5B,0x5A,0x3A,0x02,0x02,0x32,0x32,0x33,0x33,0x2B,0x2B,
    0x02,0x02,0x02,0x02,0x02,0x02,0x02,0x02,0x02,0x02,0x02,0x02,0x02,0x02,0x02,0x02,
    0x02,0x02,0x02,0x02,0x02,0x02,0x02,0x02,0x02,0x02,0x2A,0x72,0x52,0x2A,0x53,0x53,
    0x48,0x48,0x4A,0x5A,0x68,0x72,0x02,0x02,0x28,0x28,0x6A,0x6A,0x02,0x02,0x02,0x02,
    0x02,0x02,0x02,0x02,0x02,0x02,0x02,0x02,0x28,0x28,0x02,0x02,0x48,0x28,0x02,0x02,
    0x02,0x02,0x52,0x68,0x48,0x68,0x6A,0x6A,0x50,0x48,0x68,0x6A,0x28,0x28,0x02,0x02,
    0x02,0x02,0x02,0x02,0x48,0x48,0x6A,0x72,0x28,0x50,0x48,0x48,0x00,0x20,0x70,0x28,
    0x00,0x00,0x72,0x72,0x68,0x68,0x4A,0x4A,0x00,0x00,0x4A,0x4A,0x00,0x00,0x00,0x00,
    0x00,0x00,0x00,0x00,0x48,0x48,0x2A,0x2A,0x00,0x00,0x68,0x68,0x28,0x28,0x00,0x00,
    0x00,0x00,0x00,0x00,0x00,0x00,0x00,0x00,0x00,0x00,0x00,0x00,0x00,0x00,0x00,0x00,
    0x00,0x00,0x00,0x00,0x00,0x00,0x00,0x00,0x00,0x00,0x00,0x00,0x00,0x00,0x00,0x00,
    0x02,0x02,0x02,0x02,0x02,0x02,0x02,0x02,0x02,0x02,0x02,0x02,0x02,0x02,0x02,0x02,
    0x02,0x02,0x02,0x02,0x02,0x02,0x02,0x02,0x02,0x02,0x02,0x02,0x02,0x02,0x02,0x02,
    0x02,0x02,0x50,0x50,0x02,0x02,0x02,0x02,0x02,0x02,0x02,0x02,0x02,0x02,0x02,0x02,
    0x02,0x02,0x02,0x02,0x02,0x02,0x02,0x02,0x02,0x02,0x50,0x30,0x30,0x30,0x02,0x02,
    0x50,0x28,0x30,0x30,0x19,0x30,0x28,0x30,0x38,0x39,0x38,0x38,0x00,0x00,0x00,0x00,
    0x59,0x38,0x28,0x39,0x18,0x18,0x28,0x10,0x30,0x38,0x50,0x70,0x28,0x28,0x28,0x28,
    0x00,0x00,0x28,0x28,0x68,0x68,0x28,0x28,0x00,0x00,0x39,0x59,0x58,0x58,0x28,0x28,
    0x00,0x00,0x00,0x00,0x31,0x29,0x30,0x50,0x29,0x29,0x11,0x31,0x31,0x38,0x28,0x70,
    0x29,0x29,0x31,0x31,0x31,0x29,0x59,0x38,0x29,0x29,0x19,0x31,0x00,0x00,0x00,0x00,
    0x00,0x00,0x29,0x29,0x29,0x29,0x31,0x51,0x00,0x00,0x00,0x00,0x29,0x51,0x00,0x00,
    0x29,0x29,0x19,0x19,0x11,0x19,0x39,0x19,0x09,0x29,0x11,0x11,0x29,0x29,0x30,0x39,
    0x00,0x00,0x29,0x29,0x31,0x31,0x39,0x39,0x01,0x11,0x11,0x11,0x11,0x09,0x29,0x09,
    0x51,0x29,0x09,0x09,0x01,0x09,0x11,0x09,0x29,0x29,0x29,0x01,0x31,0x31,0x01,0x01,
    0x01,0x01,0x51,0x51,0x01,0x01,0x09,0x01,0x29,0x29,0x01,0x09,0x29,0x29,0x51,0x29,
    0x01,0x01,0x51,0x29,0x29,0x29,0x38,0x59,0x01,0x01,0x29,0x29,0x29,0x29,0x58,0x58,
    0x01,0x01,0x01,0x01,0x51,0x51,0x29,0x29,0x51,0x51,0x29,0x01,0x51,0x29,0x29,0x29,
    0x13,0x33,0x2B,0x33,0x2B,0x2B,0x03,0x03,0x53,0x5B,0x2B,0x2B,0x03,0x03,0x03,0x03,
    0x5A,0x5A,0x2B,0x2B,0x2B,0x2B,0x03,0x03,0x1A,0x1A,0x33,0x0B,0x33,0x53,0x03,0x03,
    0x2B,0x13,0x03,0x0B,0x03,0x03,0x03,0x03,0x2B,0x5B,0x03,0x0B,0x0B,0x2B,0x03,0x03,
    0x03,0x03,0x2B,0x2B,0x33,0x2B,0x03,0x03,0x3B,0x5B,0x0B,0x0B,0x03,0x0B,0x03,0x03,
    0x32,0x33,0x3A,0x3B,0x1A,0x32,0x03,0x2B,0x3B,0x1B,0x2B,0x0B,0x2B,0x2B,0x02,0x02,
    0x02,0x02,0x2B,0x2B,0x33,0x33,0x33,0x5B,0x3A,0x5A,0x3A,0x3B,0x33,0x3A,0x02,0x02,
    0x02,0x02,0x02,0x02,0x02,0x02,0x02,0x02,0x33,0x33,0x2B,0x53,0x2B,0x2B,0x02,0x02,
    0x02,0x02,0x02,0x02,0x53,0x2B,0x2B,0x2B,0x02,0x02,0x53,0x33,0x33,0x2B,0x03,0x03,
    0x72,0x4A,0x4A,0x5A,0x1B,0x5A,0x02,0x02,0x2A,0x52,0x32,0x52,0x02,0x02,0x02,0x02,
    0x02,0x02,0x52,0x32,0x4A,0x4A,0x02,0x02,0x72,0x6A,0x02,0x02,0x2A,0x4A,0x02,0x02,
    0x02,0x02,0x78,0x78,0x70,0x52,0x53,0x53,0x4A,0x52,0x2A,0x32,0x5A,0x32,0x02,0x02,
    0x02,0x02,0x4A,0x52,0x33,0x33,0x53,0x53,0x32,0x32,0x32,0x3A,0x2A,0x4A,0x32,0x52,
    0x00,0x00,0x00,0x00,0x70,0x70,0x00,0x00,0x70,0x70,0x4A,0x4A,0x00,0x00,0x00,0x00,
    0x00,0x00,0x00,0x00,0x78,0x78,0x00,0x00,0x00,0x00,0x00,0x00,0x00,0x00,0x00,0x00,
    0x00,0x00,0x00,0x00,0x00,0x00,0x00,0x00,0x00,0x00,0x00,0x00,0x00,0x00,0x00,0x00,
    0x00,0x00,0x00,0x00,0x00,0x00,0x00,0x00,0x00,0x00,0x00,0x00,0x00,0x00,0x00,0x00,
    0x4A,0x4A,0x52,0x52,0x2A,0x2A,0x02,0x02,0x02,0x02,0x02,0x02,0x02,0x02,0x02,0x02,
    0x78,0x78,0x48,0x48,0x02,0x02,0x02,0x02,0x52,0x52,0x78,0x78,0x02,0x02,0x02,0x02,
    0x2A,0x42,0x02,0x6A,0x42,0x22,0x02,0x02,0x70,0x28,0x22,0x4A,0x4A,0x52,0x02,0x02,
    0x02,0x02,0x02,0x02,0x48,0x6A,0x52,0x52,0x48,0x48,0x4A,0x4A,0x4A,0x22,0x02,0x02,
    0x70,0x4A,0x48,0x2A,0x48,0x4A,0x00,0x00,0x68,0x48,0x4A,0x4A,0x52,0x4A,0x00,0x00,
    0x00,0x00,0x78,0x78,0x50,0x40,0x00,0x00,0x6A,0x4A,0x48,0x68,0x68,0x70,0x00,0x00,
    0x00,0x00,0x00,0x00,0x68,0x50,0x00,0x00,0x70,0x70,0x00,0x00,0x00,0x00,0x00,0x00,
    0x00,0x00,0x00,0x00,0x00,0x00,0x00,0x00,0x28,0x28,0x68,0x68,0x2A,0x4A,0x00,0x00,
    0x58,0x31,0x38,0x39,0x58,0x30,0x00,0x00,0x50,0x50,0x50,0x50,0x00,0x00,0x00,0x00,
    0x08,0x08,0x31,0x30,0x28,0x28,0x00,0x00,0x58,0x38,0x30,0x30,0x38,0x38,0x00,0x00,
    0x59,0x29,0x30,0x30,0x39,0x08,0x00,0x00,0x10,0x30,0x30,0x28,0x59,0x38,0x00,0x00,
    0x00,0x00,0x00,0x00,0x59,0x38,0x00,0x00,0x19,0x39,0x30,0x50,0x38,0x39,0x00,0x00,
    0x29,0x09,0x11,0x09,0x09,0x11,0x01,0x01,0x11,0x51,0x38,0x38,0x01,0x01,0x01,0x01,
    0x51,0x51,0x71,0x49,0x09,0x11,0x50,0x50,0x11,0x59,0x31,0x31,0x01,0x11,0x01,0x01,
    0x01,0x01,0x01,0x01,0x01,0x01,0x01,0x01,0x01,0x01,0x01,0x01,0x01,0x01,0x01,0x01,
    0x01,0x01,0x01,0x01,0x01,0x01,0x01,0x01,0x01,0x01,0x01,0x01,0x01,0x01,0x01,0x01,
    0x03,0x03,0x53,0x53,0x2B,0x2B,0x03,0x03,0x03,0x03,0x53,0x33,0x03,0x03,0x03,0x03,
    0x03,0x03,0x5B,0x33,0x33,0x2B,0x03,0x03,0x7B,0x7B,0x2B,0x13,0x0B,0x53,0x03,0x03,
    0x1B,0x32,0x0B,0x0B,0x0B,0x03,0x5B,0x5B,0x3A,0x5A,0x13,0x13,0x03,0x03,0x03,0x03,
    0x03,0x03,0x2B,0x2B,0x0B,0x0B,0x2B,0x53,0x52,0x52,0x33,0x33,0x0B,0x0B,0x5B,0x5B,
    0x52,0x52,0x02,0x0A,0x32,0x3A,0x53,0x3A,0x72,0x72,0x02,0x0A,0x2A,0x2A,0x02,0x02,
    0x02,0x02,0x02,0x02,0x0A,0x0A,0x70,0x33,0x72,0x6A,0x0A,0x0A,0x02,0x0A,0x3A,0x2B,
    0x02,0x02,0x02,0x02,0x02,0x02,0x5B,0x53,0x02,0x02,0x32,0x5A,0x32,0x32,0x02,0x02,
    0x02,0x02,0x48,0x48,0x4A,0x4A,0x52,0x52,0x50,0x70,0x4A,0x5A,0x32,0x4A,0x3A,0x3A,
    0x68,0x68,0x2A,0x2A,0x6A,0x4A,0x4A,0x4A,0x70,0x60,0x4A,0x3A,0x68,0x68,0x02,0x02,
    0x02,0x02,0x02,0x02,0x48,0x68,0x52,0x52,0x6A,0x6A,0x6A,0x6A,0x70,0x72,0x02,0x02,
    0x48,0x28,0x20,0x40,0x20,0x20,0x4A,0x4A,0x70,0x70,0x40,0x62,0x48,0x48,0x52,0x52,
    0x02,0x02,0x68,0x70,0x20,0x40,0x4A,0x52,0x68,0x60,0x60,0x60,0x20,0x40,0x68,0x68,
    0x38,0x38,0x20,0x20,0x48,0x70,0x52,0x2A,0x30,0x30,0x20,0x40,0x30,0x28,0x00,0x00,
    0x00,0x00,0x20,0x30,0x48,0x20,0x4A,0x4A,0x59,0x59,0x00,0x20,0x00,0x00,0x00,0x00,
    0x00,0x00,0x00,0x00,0x00,0x00,0x00,0x00,0x00,0x00,0x28,0x50,0x58,0x58,0x00,0x00,
    0x00,0x00,0x00,0x00,0x28,0x28,0x00,0x00,0x00,0x00,0x50,0x48,0x28,0x28,0x00,0x00,
    0x02,0x02,0x02,0x02,0x02,0x02,0x02,0x02,0x02,0x02,0x02,0x02,0x02,0x02,0x02,0x02,
    0x02,0x02,0x02,0x02,0x02,0x02,0x02,0x02,0x02,0x02,0x02,0x02,0x02,0x02,0x02,0x02,
    0x70,0x70,0x28,0x50,0x28,0x30,0x28,0x50,0x02,0x02,0x48,0x28,0x00,0x28,0x50,0x50,
    0x02,0x02,0x50,0x50,0x30,0x58,0x48,0x48,0x38,0x58,0x58,0x59,0x50,0x28,0x2A,0x2A,
    0x50,0x30,0x08,0x08,0x50,0x68,0x62,0x72,0x30,0x30,0x28,0x20,0x50,0x00,0x28,0x28,
    0x00,0x00,0x08,0x00,0x28,0x48,0x28,0x28,0x30,0x50,0x20,0x08,0x00,0x20,0x28,0x28,
    0x00,0x00,0x50,0x50,0x00,0x00,0x4A,0x4A,0x00,0x00,0x52,0x72,0x28,0x28,0x00,0x00,
    0x00,0x00,0x51,0x51,0x31,0x38,0x50,0x50,0x29,0x29,0x31,0x59,0x30,0x28,0x50,0x68,
    0x31,0x51,0x38,0x29,0x39,0x38,0x38,0x38,0x39,0x19,0x38,0x30,0x00,0x00,0x00,0x00,
    0x31,0x31,0x51,0x51,0x38,0x58,0x38,0x38,0x00,0x00,0x38,0x38,0x59,0x59,0x00,0x00,
    0x29,0x51,0x11,0x11,0x11,0x11,0x39,0x18,0x31,0x11,0x19,0x19,0x31,0x29,0x28,0x28,
    0x00,0x00,0x59,0x59,0x11,0x29,0x19,0x39,0x11,0x19,0x11,0x19,0x11,0x11,0x29,0x39,
    0x01,0x29,0x01,0x09,0x11,0x11,0x38,0x19,0x29,0x51,0x01,0x09,0x31,0x29,0x01,0x01,
    0x01,0x01,0x01,0x01,0x09,0x11,0x39,0x19,0x29,0x51,0x01,0x01,0x01,0x01,0x29,0x29,
    0x01,0x01,0x29,0x59,0x29,0x38,0x31,0x51,0x01,0x01,0x29,0x29,0x39,0x38,0x01,0x01,
    0x01,0x01,0x01,0x01,0x29,0x51,0x29,0x29,0x51,0x51,0x01,0x11,0x31,0x29,0x29,0x51,
    0x53,0x53,0x2B,0x2B,0x03,0x03,0x03,0x03,0x03,0x03,0x03,0x03,0x03,0x03,0x03,0x03,
    0x03,0x03,0x53,0x2B,0x2B,0x2B,0x03,0x03,0x03,0x03,0x2B,0x2B,0x2B,0x2B,0x2B,0x2B,
    0x33,0x33,0x13,0x2B,0x13,0x03,0x03,0x03,0x3A,0x3B,0x03,0x2B,0x5B,0x33,0x03,0x03,
    0x03,0x03,0x53,0x53,0x33,0x53,0x53,0x53,0x03,0x03,0x2B,0x2B,0x13,0x03,0x2B,0x53,
    0x32,0x4A,0x32,0x3A,0x3A,0x1A,0x33,0x33,0x32,0x70,0x53,0x2B,0x5B,0x7A,0x02,0x02,
    0x02,0x02,0x32,0x3A,0x52,0x1A,0x3B,0x3B,0x78,0x78,0x3A,0x2B,0x12,0x12,0x02,0x02,
    0x02,0x02,0x02,0x02,0x02,0x02,0x02,0x02,0x02,0x02,0x02,0x02,0x02,0x02,0x02,0x02,
    0x02,0x02,0x02,0x02,0x3A,0x3A,0x02,0x02,0x02,0x02,0x3B,0x2B,0x33,0x53,0x2B,0x2B,
    0x28,0x28,0x2A,0x4A,0x53,0x5B,0x53,0x53,0x70,0x70,0x02,0x02,0x70,0x70,0x02,0x02,
    0x28,0x28,0x48,0x68,0x02,0x02,0x02,0x02,0x28,0x28,0x28,0x48,0x72,0x72,0x02,0x02,
    0x28,0x28,0x68,0x4A,0x4A,0x4A,0x33,0x33,0x02,0x02,0x70,0x70,0x70,0x78,0x02,0x02,
    0x02,0x02,0x02,0x02,0x3A,0x3A,0x2A,0x52,0x68,0x68,0x2A,0x5A,0x52,0x72,0x02,0x02,
    0x00,0x00,0x60,0x60,0x48,0x68,0x79,0x79,0x00,0x00,0x50,0x70,0x28,0x28,0x00,0x00,
    0x00,0x00,0x00,0x00,0x40,0x48,0x00,0x00,0x00,0x00,0x52,0x52,0x6A,0x2A,0x00,0x00,
    0x00,0x00,0x00,0x00,0x00,0x00,0x00,0x00,0x00,0x00,0x00,0x00,0x00,0x00,0x00,0x00,
    0x00,0x00,0x00,0x00,0x00,0x00,0x00,0x00,0x00,0x00,0x00,0x00,0x00,0x00,0x00,0x00,
    0x02,0x02,0x02,0x02,0x02,0x02,0x02,0x02,0x02,0x02,0x02,0x02,0x02,0x02,0x02,0x02,
    0x02,0x02,0x02,0x02,0x02,0x02,0x02,0x02,0x50,0x50,0x28,0x00,0x02,0x02,0x02,0x02,
    0x50,0x50,0x68,0x68,0x48,0x28,0x02,0x02,0x50,0x50,0x70,0x70,0x00,0x28,0x02,0x02,
    0x02,0x02,0x02,0x02,0x28,0x28,0x02,0x02,0x50,0x50,0x48,0x48,0x28,0x68,0x02,0x02,
    0x50,0x50,0x28,0x68,0x40,0x28,0x52,0x52,0x28,0x28,0x48,0x68,0x28,0x28,0x00,0x00,
    0x00,0x00,0x28,0x48,0x28,0x40,0x00,0x00,0x28,0x28,0x00,0x00,0x28,0x20,0x00,0x00,
    0x00,0x00,0x00,0x00,0x00,0x00,0x00,0x00,0x00,0x00,0x00,0x00,0x00,0x00,0x00,0x00,
    0x00,0x00,0x00,0x00,0x00,0x00,0x00,0x00,0x00,0x00,0x72,0x72,0x48,0x48,0x00,0x00,
    0x30,0x30,0x30,0x30,0x00,0x00,0x00,0x00,0x00,0x00,0x00,0x00,0x00,0x00,0x00,0x00,
    0x00,0x00,0x00,0x00,0x00,0x00,0x00,0x00,0x31,0x31,0x29,0x29,0x51,0x31,0x00,0x00,
    0x29,0x29,0x10,0x30,0x00,0x30,0x00,0x00,0x19,0x19,0x08,0x28,0x28,0x10,0x00,0x00,
    0x00,0x00,0x28,0x28,0x28,0x00,0x00,0x00,0x30,0x30,0x28,0x48,0x30,0x08,0x00,0x00,
    0x29,0x09,0x11,0x11,0x11,0x11,0x01,0x01,0x31,0x31,0x39,0x39,0x31,0x59,0x01,0x01,
    0x01,0x01,0x39,0x39,0x29,0x11,0x50,0x50,0x01,0x01,0x38,0x31,0x11,0x11,0x51,0x51,
    0x01,0x01,0x01,0x01,0x51,0x51,0x01,0x01,0x01,0x01,0x39,0x39,0x01,0x01,0x01,0x01,
    0x01,0x01,0x01,0x01,0x01,0x01,0x01,0x01,0x01,0x01,0x01,0x01,0x59,0x59,0x01,0x01,
    0x03,0x03,0x03,0x03,0x03,0x03,0x03,0x03,0x03,0x03,0x03,0x03,0x03,0x03,0x03,0x03,
    0x03,0x03,0x03,0x03,0x03,0x03,0x03,0x03,0x03,0x03,0x03,0x03,0x03,0x03,0x03,0x03,
    0x03,0x03,0x03,0x03,0x03,0x03,0x03,0x03,0x03,0x03,0x03,0x03,0x03,0x03,0x03,0x03,
    0x03,0x03,0x03,0x03,0x03,0x03,0x03,0x03,0x03,0x03,0x03,0x03,0x03,0x03,0x03,0x03,
    0x02,0x02,0x02,0x02,0x02,0x02,0x02,0x02,0x02,0x02,0x02,0x02,0x28,0x28,0x02,0x02,
    0x02,0x02,0x02,0x02,0x50,0x50,0x02,0x02,0x02,0x02,0x28,0x28,0x28,0x28,0x02,0x02,
    0x02,0x02,0x02,0x02,0x02,0x02,0x02,0x02,0x02,0x02,0x02,0x02,0x02,0x02,0x02,0x02,
    0x02,0x02,0x02,0x02,0x02,0x02,0x02,0x02,0x02,0x02,0x02,0x02,0x02,0x02,0x02,0x02,
    0x02,0x02,0x02,0x02,0x02,0x02,0x02,0x02,0x02,0x02,0x02,0x02,0x02,0x02,0x02,0x02,
    0x02,0x02,0x02,0x02,0x02,0x02,0x02,0x02,0x02,0x02,0x28,0x28,0x28,0x28,0x02,0x02,
    0x02,0x02,0x02,0x02,0x02,0x02,0x02,0x02,0x02,0x02,0x28,0x28,0x50,0x28,0x02,0x02,
    0x02,0x02,0x02,0x02,0x02,0x02,0x02,0x02,0x02,0x02,0x28,0x28,0x50,0x28,0x50,0x50,
    0x00,0x00,0x00,0x00,0x00,0x00,0x00,0x00,0x00,0x00,0x00,0x00,0x00,0x00,0x00,0x00,
    0x00,0x00,0x00,0x00,0x00,0x00,0x00,0x00,0x00,0x00,0x00,0x00,0x00,0x00,0x00,0x00,
    0x00,0x00,0x00,0x00,0x00,0x00,0x00,0x00,0x00,0x00,0x00,0x00,0x00,0x00,0x00,0x00,
    0x00,0x00,0x00,0x00,0x00,0x00,0x00,0x00,0x00,0x00,0x00,0x00,0x00,0x00,0x00,0x00,
    0x02,0x02,0x02,0x02,0x02,0x02,0x02,0x02,0x02,0x02,0x02,0x02,0x02,0x02,0x02,0x02,
    0x02,0x02,0x02,0x02,0x02,0x02,0x02,0x02,0x02,0x02,0x02,0x02,0x02,0x02,0x02,0x02,
    0x02,0x02,0x02,0x02,0x02,0x02,0x02,0x02,0x02,0x02,0x02,0x02,0x02,0x02,0x02,0x02,
    0x02,0x02,0x02,0x02,0x02,0x02,0x02,0x02,0x02,0x02,0x02,0x02,0x02,0x02,0x02,0x02,
    0x00,0x00,0x00,0x00,0x00,0x00,0x00,0x00,0x00,0x00,0x00,0x00,0x00,0x00,0x00,0x00,
    0x00,0x00,0x00,0x00,0x00,0x00,0x00,0x00,0x00,0x00,0x38,0x39,0x00,0x00,0x00,0x00,
    0x00,0x00,0x00,0x00,0x00,0x00,0x00,0x00,0x00,0x00,0x00,0x00,0x00,0x00,0x00,0x00,
    0x00,0x00,0x00,0x00,0x00,0x00,0x00,0x00,0x00,0x00,0x00,0x00,0x00,0x00,0x00,0x00,
    0x00,0x00,0x00,0x00,0x00,0x00,0x00,0x00,0x00,0x00,0x00,0x00,0x00,0x00,0x00,0x00,
    0x00,0x00,0x00,0x00,0x00,0x00,0x00,0x00,0x00,0x00,0x00,0x00,0x00,0x00,0x00,0x00,
    0x00,0x00,0x00,0x00,0x00,0x00,0x00,0x00,0x00,0x00,0x51,0x51,0x00,0x00,0x00,0x00,
    0x00,0x00,0x00,0x00,0x00,0x00,0x00,0x00,0x00,0x00,0x00,0x00,0x00,0x00,0x00,0x00,
    0x01,0x01,0x01,0x01,0x01,0x01,0x01,0x01,0x01,0x01,0x01,0x01,0x01,0x01,0x01,0x01,
    0x01,0x01,0x01,0x01,0x01,0x01,0x01,0x01,0x01,0x01,0x01,0x01,0x01,0x01,0x01,0x01,
    0x01,0x01,0x01,0x01,0x01,0x01,0x01,0x01,0x01,0x01,0x01,0x01,0x01,0x01,0x01,0x01,
    0x01,0x01,0x01,0x01,0x01,0x01,0x01,0x01,0x01,0x01,0x01,0x01,0x01,0x01,0x51,0x51,
    0x3B,0x3B,0x33,0x33,0x2B,0x2B,0x03,0x03,0x2B,0x2B,0x03,0x03,0x03,0x03,0x03,0x03,
    0x3B,0x3B,0x33,0x33,0x53,0x53,0x03,0x03,0x13,0x13,0x2B,0x2B,0x33,0x33,0x03,0x03,
    0x2B,0x2B,0x33,0x33,0x33,0x33,0x03,0x03,0x2B,0x03,0x2B,0x53,0x2B,0x2B,0x03,0x03,
    0x03,0x03,0x03,0x03,0x03,0x03,0x03,0x03,0x33,0x53,0x33,0x33,0x2B,0x2B,0x03,0x03,
    0x3A,0x3A,0x33,0x33,0x33,0x2B,0x02,0x02,0x2B,0x3B,0x2B,0x2B,0x33,0x33,0x02,0x02,
    0x02,0x02,0x5B,0x5B,0x13,0x2B,0x02,0x02,0x5A,0x5A,0x33,0x33,0x33,0x2B,0x53,0x53,
    0x02,0x02,0x02,0x02,0x02,0x02,0x02,0x02,0x02,0x02,0x02,0x02,0x02,0x02,0x02,0x02,
    0x02,0x02,0x02,0x02,0x02,0x02,0x02,0x02,0x02,0x02,0x32,0x32,0x2B,0x2B,0x02,0x02,
    0x02,0x02,0x02,0x02,0x52,0x2A,0x02,0x02,0x02,0x02,0x02,0x02,0x02,0x02,0x02,0x02,
    0x02,0x02,0x02,0x02,0x5A,0x5A,0x02,0x02,0x52,0x52,0x02,0x02,0x5A,0x5A,0x02,0x02,
    0x02,0x02,0x52,0x52,0x02,0x02,0x02,0x02,0x2A,0x2A,0x5B,0x32,0x52,0x52,0x02,0x02,
    0x02,0x02,0x02,0x02,0x02,0x02,0x02,0x02,0x2A,0x2A,0x3A,0x3A,0x52,0x2A,0x02,0x02,
    0x00,0x00,0x00,0x00,0x72,0x72,0x00,0x00,0x00,0x00,0x00,0x00,0x00,0x00,0x00,0x00,
    0x00,0x00,0x00,0x00,0x78,0x78,0x00,0x00,0x00,0x00,0x00,0x00,0x00,0x00,0x00,0x00,
    0x00,0x00,0x00,0x00,0x00,0x00,0x00,0x00,0x00,0x00,0x00,0x00,0x00,0x00,0x00,0x00,
    0x00,0x00,0x00,0x00,0x00,0x00,0x00,0x00,0x00,0x00,0x00,0x00,0x00,0x00,0x00,0x00,
    0x52,0x72,0x02,0x02,0x02,0x02,0x02,0x02,0x7B,0x7B,0x02,0x02,0x02,0x02,0x02,0x02,
    0x30,0x30,0x02,0x02,0x02,0x02,0x02,0x02,0x50,0x50,0x02,0x02,0x3A,0x3A,0x02,0x02,
    0x72,0x72,0x3A,0x3A,0x5B,0x5B,0x02,0x02,0x78,0x78,0x02,0x02,0x02,0x02,0x02,0x02,
    0x02,0x02,0x5A,0x5A,0x02,0x02,0x02,0x02,0x28,0x28,0x02,0x02,0x2A,0x4A,0x02,0x02,
    0x52,0x2A,0x4A,0x4A,0x2A,0x2A,0x00,0x00,0x00,0x00,0x00,0x00,0x00,0x00,0x00,0x00,
    0x2A,0x2A,0x6A,0x6A,0x22,0x32,0x2A,0x2A,0x2A,0x2A,0x52,0x4A,0x4A,0x32,0x32,0x32,
    0x00,0x00,0x00,0x00,0x00,0x00,0x00,0x00,0x00,0x00,0x00,0x00,0x00,0x00,0x00,0x00,
    0x00,0x00,0x00,0x00,0x00,0x00,0x00,0x00,0x00,0x00,0x00,0x00,0x2A,0x52,0x00,0x00,
    0x31,0x31,0x30,0x30,0x50,0x50,0x00,0x00,0x38,0x38,0x28,0x28,0x00,0x00,0x00,0x00,
    0x58,0x58,0x10,0x10,0x48,0x48,0x00,0x00,0x51,0x51,0x39,0x39,0x31,0x31,0x00,0x00,
    0x38,0x38,0x50,0x50,0x30,0x30,0x00,0x00,0x28,0x28,0x30,0x30,0x00,0x00,0x00,0x00,
    0x00,0x00,0x59,0x59,0x00,0x00,0x00,0x00,0x39,0x39,0x38,0x38,0x58,0x30,0x00,0x00,
    0x31,0x31,0x38,0x38,0x01,0x01,0x01,0x01,0x29,0x29,0x01,0x01,0x01,0x01,0x01,0x01,
    0x38,0x38,0x31,0x31,0x38,0x38,0x01,0x01,0x29,0x29,0x39,0x39,0x39,0x39,0x51,0x51,
    0x51,0x51,0x59,0x59,0x01,0x01,0x01,0x01,0x01,0x01,0x01,0x01,0x71,0x71,0x01,0x01,
    0x01,0x01,0x01,0x01,0x01,0x01,0x01,0x01,0x01,0x01,0x01,0x01,0x01,0x01,0x01,0x01,
    0x0B,0x0B,0x13,0x13,0x5B,0x3A,0x03,0x03,0x3B,0x3B,0x3B,0x3B,0x03,0x03,0x03,0x03,
    0x7B,0x7B,0x2B,0x5B,0x5B,0x2B,0x4B,0x4B,0x3A,0x3A,0x2B,0x13,0x53,0x2B,0x3B,0x3B,
    0x5B,0x2B,0x0B,0x03,0x0B,0x0B,0x03,0x03,0x2B,0x2B,0x13,0x13,0x03,0x03,0x2B,0x53,
    0x03,0x03,0x33,0x33,0x0B,0x03,0x53,0x53,0x5A,0x5A,0x13,0x33,0x0B,0x0B,0x33,0x2B,
    0x4A,0x4A,0x02,0x02,0x5A,0x3A,0x02,0x02,0x5B,0x68,0x02,0x02,0x32,0x32,0x5A,0x5A,
    0x52,0x52,0x02,0x0A,0x32,0x12,0x5A,0x3B,0x72,0x53,0x02,0x02,0x0A,0x02,0x3A,0x33,
    0x02,0x02,0x33,0x33,0x7B,0x7B,0x02,0x02,0x02,0x02,0x32,0x32,0x02,0x02,0x02,0x02,
    0x02,0x02,0x02,0x02,0x68,0x68,0x02,0x02,0x72,0x72,0x52,0x68,0x5B,0x5B,0x33,0x5B,
    0x2A,0x52,0x52,0x6A,0x6A,0x4A,0x02,0x02,0x02,0x02,0x72,0x72,0x02,0x02,0x02,0x02,
    0x50,0x50,0x60,0x60,0x68,0x4A,0x4A,0x4A,0x48,0x48,0x68,0x6A,0x48,0x68,0x02,0x02,
    0x48,0x48,0x62,0x42,0x60,0x62,0x52,0x52,0x6A,0x68,0x60,0x62,0x4A,0x4A,0x72,0x72,
    0x02,0x02,0x2A,0x2A,0x68,0x40,0x4A,0x4A,0x72,0x72,0x62,0x6A,0x68,0x42,0x2A,0x2A,
    0x38,0x38,0x40,0x40,0x30,0x50,0x00,0x00,0x28,0x28,0x08,0x48,0x08,0x50,0x00,0x00,
    0x00,0x00,0x40,0x60,0x6A,0x40,0x00,0x00,0x50,0x50,0x48,0x60,0x40,0x40,0x52,0x52,
    0x00,0x00,0x00,0x00,0x00,0x00,0x00,0x00,0x00,0x00,0x28,0x28,0x00,0x00,0x00,0x00,
    0x00,0x00,0x00,0x00,0x00,0x00,0x00,0x00,0x00,0x00,0x00,0x00,0x50,0x50,0x00,0x00,
    0x50,0x50,0x02,0x02,0x02,0x02,0x02,0x02,0x02,0x02,0x02,0x02,0x02,0x02,0x02,0x02,
    0x02,0x02,0x02,0x02,0x02,0x02,0x02,0x02,0x02,0x02,0x02,0x02,0x02,0x02,0x02,0x02,
    0x50,0x50,0x28,0x48,0x28,0x28,0x28,0x28,0x02,0x02,0x6A,0x6A,0x48,0x48,0x02,0x02,
    0x02,0x02,0x58,0x38,0x72,0x6A,0x02,0x02,0x02,0x02,0x68,0x68,0x50,0x68,0x02,0x02,
    0x28,0x10,0x00,0x08,0x38,0x50,0x28,0x28,0x38,0x28,0x10,0x20,0x28,0x00,0x28,0x28,
    0x48,0x48,0x00,0x08,0x28,0x40,0x00,0x28,0x38,0x30,0x00,0x00,0x00,0x20,0x48,0x2A,
    0x00,0x00,0x68,0x68,0x30,0x30,0x00,0x00,0x29,0x29,0x30,0x30,0x68,0x68,0x6A,0x2A,
    0x00,0x00,0x00,0x00,0x38,0x39,0x00,0x00,0x00,0x00,0x29,0x51,0x38,0x50,0x00,0x00,
    0x59,0x11,0x38,0x31,0x39,0x31,0x30,0x58,0x59,0x39,0x38,0x31,0x39,0x50,0x00,0x00,
    0x29,0x29,0x10,0x38,0x38,0x58,0x28,0x30,0x31,0x31,0x59,0x10,0x38,0x50,0x00,0x00,
    0x31,0x11,0x18,0x19,0x39,0x18,0x39,0x30,0x19,0x39,0x18,0x18,0x39,0x18,0x50,0x30,
    0x00,0x00,0x50,0x38,0x39,0x38,0x19,0x38,0x29,0x31,0x19,0x19,0x11,0x18,0x38,0x38,
    0x01,0x29,0x01,0x01,0x09,0x09,0x31,0x29,0x29,0x29,0x01,0x01,0x51,0x29,0x01,0x01,
    0x31,0x51,0x01,0x09,0x01,0x01,0x11,0x31,0x01,0x51,0x01,0x01,0x01,0x01,0x29,0x51,
    0x01,0x01,0x11,0x31,0x29,0x29,0x01,0x01,0x29,0x29,0x51,0x29,0x01,0x01,0x51,0x51,
    0x01,0x01,0x01,0x01,0x51,0x51,0x01,0x01,0x01,0x01,0x29,0x29,0x29,0x29,0x01,0x01,
    0x2B,0x2B,0x03,0x03,0x0B,0x03,0x2B,0x2B,0x2B,0x53,0x2B,0x2B,0x2B,0x2B,0x03,0x03,
    0x2B,0x2B,0x03,0x03,0x03,0x0B,0x33,0x33,0x33,0x33,0x2B,0x2B,0x03,0x03,0x2B,0x03,
    0x03,0x03,0x0B,0x03,0x03,0x03,0x33,0x2B,0x13,0x3B,0x03,0x03,0x0B,0x0B,0x2B,0x2B,
    0x03,0x03,0x33,0x0B,0x0B,0x03,0x2B,0x13,0x13,0x13,0x0B,0x0B,0x0B,0x0B,0x0B,0x03,
    0x0A,0x0A,0x12,0x1A,0x12,0x1A,0x3B,0x0B,0x3B,0x5B,0x13,0x13,0x33,0x1B,0x02,0x02,
    0x2B,0x2B,0x13,0x13,0x12,0x1A,0x33,0x13,0x1B,0x5B,0x1B,0x13,0x12,0x1A,0x13,0x03,
    0x02,0x02,0x32,0x3A,0x3A,0x3A,0x53,0x53,0x32,0x3A,0x3A,0x33,0x33,0x5B,0x02,0x02,
    0x02,0x02,0x52,0x72,0x1A,0x32,0x13,0x13,0x1A,0x1A,0x1A,0x1B,0x12,0x12,0x33,0x33,
    0x52,0x32,0x02,0x02,0x52,0x3A,0x2B,0x2B,0x5B,0x4A,0x5A,0x32,0x02,0x02,0x02,0x02,
    0x02,0x02,0x02,0x2A,0x72,0x4A,0x3A,0x3A,0x6A,0x6A,0x2A,0x32,0x42,0x22,0x02,0x02,
    0x6A,0x6A,0x4A,0x2A,0x42,0x42,0x3B,0x3B,0x6A,0x72,0x4A,0x52,0x2A,0x42,0x52,0x78,
    0x02,0x02,0x6A,0x50,0x52,0x42,0x32,0x3A,0x52,0x52,0x52,0x52,0x2A,0x2A,0x4A,0x2A,
    0x50,0x50,0x50,0x4A,0x72,0x68,0x00,0x00,0x70,0x70,0x7A,0x70,0x48,0x28,0x00,0x00,
    0x50,0x50,0x48,0x48,0x70,0x40,0x00,0x00,0x48,0x48,0x48,0x40,0x4A,0x68,0x72,0x72,
    0x00,0x00,0x00,0x00,0x00,0x00,0x00,0x00,0x00,0x00,0x28,0x28,0x00,0x00,0x00,0x00,
    0x00,0x00,0x00,0x00,0x00,0x00,0x00,0x00,0x00,0x00,0x00,0x00,0x00,0x00,0x00,0x00,
    0x02,0x02,0x32,0x52,0x4A,0x2A,0x02,0x02,0x32,0x32,0x32,0x5A,0x02,0x02,0x02,0x02,
    0x02,0x02,0x2A,0x2A,0x32,0x3A,0x02,0x02,0x02,0x02,0x02,0x02,0x5A,0x5A,0x02,0x02,
    0x4A,0x52,0x4A,0x32,0x22,0x42,0x3A,0x3A,0x70,0x68,0x4A,0x2A,0x2A,0x6A,0x02,0x02,
    0x02,0x02,0x2A,0x2A,0x6A,0x6A,0x52,0x32,0x48,0x60,0x68,0x4A,0x6A,0x42,0x52,0x6A,
    0x20,0x20,0x40,0x62,0x40,0x40,0x68,0x42,0x40,0x00,0x60,0x42,0x48,0x48,0x00,0x00,
    0x6A,0x52,0x62,0x52,0x40,0x20,0x6A,0x42,0x60,0x48,0x60,0x42,0x40,0x60,0x42,0x2A,
    0x00,0x00,0x68,0x72,0x4A,0x28,0x4A,0x4A,0x28,0x28,0x48,0x68,0x70,0x68,0x00,0x00,
    0x00,0x00,0x4A,0x70,0x48,0x40,0x48,0x60,0x48,0x28,0x40,0x68,0x40,0x40,0x6A,0x02,
    0x18,0x18,0x28,0x28,0x19,0x18,0x28,0x28,0x59,0x50,0x30,0x30,0x58,0x30,0x00,0x00,
    0x00,0x00,0x10,0x10,0x51,0x38,0x08,0x30,0x38,0x38,0x38,0x30,0x39,0x38,0x00,0x00,
    0x09,0x11,0x10,0x10,0x10,0x08,0x10,0x10,0x09,0x18,0x10,0x10,0x58,0x10,0x28,0x28,
    0x00,0x00,0x00,0x00,0x10,0x08,0x00,0x48,0x11,0x30,0x10,0x10,0x18,0x10,0x48,0x38,
    0x01,0x01,0x09,0x11,0x09,0x11,0x31,0x08,0x39,0x31,0x11,0x18,0x09,0x11,0x01,0x01,
    0x19,0x39,0x09,0x11,0x09,0x11,0x28,0x00,0x31,0x29,0x09,0x11,0x11,0x11,0x19,0x10,
    0x09,0x31,0x09,0x09,0x01,0x01,0x51,0x51,0x31,0x51,0x09,0x11,0x09,0x01,0x31,0x31,
    0x01,0x01,0x59,0x59,0x31,0x29,0x29,0x31,0x31,0x31,0x11,0x11,0x01,0x01,0x29,0x29,
    0x03,0x03,0x03,0x03,0x03,0x03,0x03,0x03,0x03,0x03,0x03,0x03,0x03,0x03,0x03,0x03,
    0x03,0x03,0x03,0x03,0x3A,0x3A,0x03,0x03,0x03,0x03,0x2B,0x2B,0x2B,0x2B,0x03,0x03,
    0x03,0x03,0x33,0x13,0x5A,0x3B,0x5B,0x3A,0x03,0x03,0x3A,0x33,0x2B,0x2B,0x03,0x03,
    0x03,0x03,0x5A,0x5A,0x3B,0x3A,0x53,0x53,0x03,0x03,0x32,0x3B,0x1A,0x1B,0x33,0x53,
    0x02,0x02,0x3B,0x13,0x68,0x7B,0x5A,0x3A,0x78,0x78,0x72,0x70,0x48,0x48,0x02,0x02,
    0x02,0x02,0x5B,0x5B,0x4A,0x3A,0x3B,0x3A,0x28,0x28,0x50,0x70,0x72,0x5A,0x3B,0x3B,
    0x02,0x02,0x02,0x02,0x4A,0x5B,0x53,0x53,0x02,0x02,0x02,0x02,0x02,0x02,0x02,0x02,
    0x02,0x02,0x02,0x02,0x52,0x52,0x02,0x02,0x02,0x02,0x02,0x02,0x52,0x2A,0x3B,0x5A,
    0x02,0x02,0x6A,0x6A,0x68,0x68,0x02,0x02,0x02,0x02,0x02,0x02,0x50,0x50,0x02,0x02,
    0x02,0x02,0x02,0x02,0x68,0x68,0x02,0x02,0x02,0x02,0x00,0x50,0x28,0x00,0x02,0x02,
    0x50,0x28,0x6A,0x68,0x28,0x68,0x48,0x52,0x48,0x28,0x68,0x68,0x28,0x00,0x28,0x28,
    0x02,0x02,0x72,0x72,0x70,0x6A,0x68,0x52,0x28,0x48,0x20,0x48,0x28,0x48,0x68,0x68,
    0x00,0x00,0x5A,0x5A,0x30,0x58,0x4A,0x4A,0x50,0x50,0x72,0x6A,0x6A,0x6A,0x00,0x00,
    0x00,0x00,0x00,0x00,0x50,0x50,0x68,0x68,0x00,0x00,0x28,0x50,0x50,0x48,0x70,0x70,
    0x00,0x00,0x00,0x00,0x00,0x00,0x00,0x00,0x00,0x00,0x00,0x00,0x00,0x00,0x00,0x00,
    0x00,0x00,0x00,0x00,0x00,0x00,0x00,0x00,0x00,0x00,0x50,0x50,0x00,0x00,0x00,0x00,
    0x02,0x02,0x02,0x02,0x02,0x02,0x02,0x02,0x02,0x02,0x02,0x02,0x02,0x02,0x02,0x02,
    0x02,0x02,0x02,0x02,0x02,0x02,0x02,0x02,0x02,0x02,0x02,0x02,0x02,0x02,0x02,0x02,
    0x02,0x02,0x28,0x28,0x78,0x70,0x02,0x02,0x02,0x02,0x28,0x28,0x28,0x28,0x02,0x02,
    0x02,0x02,0x78,0x78,0x02,0x02,0x02,0x02,0x58,0x39,0x38,0x38,0x30,0x59,0x30,0x30,
    0x28,0x50,0x28,0x30,0x30,0x38,0x28,0x18,0x30,0x30,0x31,0x59,0x28,0x28,0x70,0x48,
    0x58,0x30,0x28,0x28,0x38,0x30,0x00,0x08,0x30,0x50,0x08,0x30,0x28,0x00,0x00,0x28,
    0x00,0x00,0x68,0x68,0x58,0x58,0x28,0x28,0x00,0x00,0x58,0x50,0x28,0x50,0x28,0x28,
    0x00,0x00,0x00,0x00,0x39,0x11,0x59,0x39,0x39,0x38,0x29,0x39,0x38,0x28,0x30,0x30,
    0x29,0x29,0x39,0x31,0x29,0x29,0x31,0x31,0x29,0x29,0x29,0x29,0x59,0x59,0x00,0x00,
    0x59,0x59,0x00,0x00,0x31,0x31,0x30,0x30,0x51,0x51,0x38,0x38,0x38,0x38,0x00,0x00,
    0x51,0x31,0x11,0x19,0x11,0x19,0x59,0x19,0x09,0x51,0x11,0x18,0x11,0x11,0x28,0x30,
    0x00,0x00,0x39,0x39,0x29,0x29,0x58,0x31,0x29,0x09,0x11,0x18,0x11,0x11,0x38,0x19,
    0x29,0x29,0x01,0x01,0x01,0x01,0x09,0x09,0x29,0x29,0x29,0x29,0x29,0x29,0x01,0x01,
    0x29,0x29,0x29,0x29,0x01,0x01,0x39,0x11,0x29,0x51,0x29,0x01,0x09,0x09,0x31,0x39,
    0x01,0x01,0x29,0x29,0x51,0x29,0x01,0x01,0x01,0x01,0x29,0x29,0x29,0x29,0x01,0x01,
    0x01,0x01,0x29,0x29,0x29,0x29,0x29,0x29,0x01,0x01,0x29,0x29,0x51,0x29,0x29,0x29,
    0x3B,0x1B,0x3B,0x2B,0x2B,0x33,0x03,0x03,0x0B,0x0B,0x53,0x2B,0x03,0x03,0x03,0x03,
    0x3A,0x3A,0x2B,0x0B,0x2B,0x2B,0x03,0x03,0x5A,0x5B,0x2B,0x2B,0x0B,0x53,0x03,0x03,
    0x3A,0x1B,0x03,0x2B,0x13,0x2B,0x2B,0x2B,0x0B,0x3B,0x03,0x13,0x33,0x2B,0x03,0x03,
    0x52,0x52,0x3B,0x3B,0x1B,0x33,0x2B,0x2B,0x13,0x3A,0x13,0x13,0x0B,0x0B,0x03,0x03,
    0x13,0x2B,0x3B,0x13,0x1A,0x0B,0x33,0x33,0x2A,0x32,0x3B,0x33,0x02,0x02,0x02,0x02,
    0x32,0x32,0x2B,0x3B,0x13,0x33,0x2B,0x2B,0x1B,0x3A,0x1B,0x1B,0x3B,0x3B,0x2B,0x53,
    0x02,0x02,0x02,0x02,0x02,0x02,0x02,0x02,0x02,0x02,0x33,0x33,0x02,0x02,0x02,0x02,
    0x02,0x02,0x02,0x02,0x02,0x02,0x02,0x02,0x5A,0x5A,0x3B,0x33,0x2B,0x2B,0x02,0x02,
    0x6A,0x6A,0x3A,0x3A,0x32,0x52,0x02,0x02,0x52,0x6A,0x02,0x02,0x02,0x02,0x02,0x02,
    0x50,0x50,0x02,0x02,0x02,0x02,0x02,0x02,0x6A,0x6A,0x52,0x52,0x2A,0x2A,0x02,0x02,
    0x02,0x02,0x02,0x02,0x4A,0x4A,0x02,0x02,0x32,0x52,0x68,0x32,0x6A,0x6A,0x02,0x02,
    0x02,0x02,0x02,0x02,0x52,0x52,0x02,0x02,0x32,0x12,0x4A,0x3A,0x2A,0x2A,0x02,0x02,
    0x31,0x31,0x00,0x00,0x00,0x00,0x00,0x00,0x00,0x00,0x00,0x00,0x00,0x00,0x00,0x00,
    0x00,0x00,0x00,0x00,0x78,0x78,0x00,0x00,0x00,0x00,0x00,0x00,0x00,0x00,0x00,0x00,
    0x00,0x00,0x00,0x00,0x00,0x00,0x00,0x00,0x00,0x00,0x00,0x00,0x00,0x00,0x00,0x00,
    0x00,0x00,0x00,0x00,0x00,0x00,0x00,0x00,0x00,0x00,0x00,0x00,0x00,0x00,0x00,0x00,
    0x72,0x72,0x6A,0x6A,0x68,0x6A,0x02,0x02,0x02,0x02,0x02,0x02,0x02,0x02,0x02,0x02,
    0x30,0x30,0x52,0x52,0x02,0x02,0x02,0x02,0x48,0x28,0x28,0x68,0x02,0x02,0x02,0x02,
    0x70,0x48,0x4A,0x52,0x48,0x68,0x2A,0x2A,0x68,0x72,0x52,0x52,0x4A,0x4A,0x02,0x02,
    0x50,0x50,0x28,0x20,0x00,0x20,0x02,0x02,0x50,0x20,0x48,0x70,0x68,0x6A,0x02,0x02,
    0x4A,0x62,0x4A,0x2A,0x6A,0x6A,0x6A,0x6A,0x72,0x72,0x6A,0x68,0x00,0x00,0x00,0x00,
    0x00,0x00,0x4A,0x2A,0x68,0x68,0x4A,0x2A,0x48,0x20,0x40,0x68,0x4A,0x68,0x6A,0x6A,
    0x00,0x00,0x3A,0x3A,0x00,0x00,0x00,0x00,0x28,0x28,0x28,0x28,0x00,0x00,0x00,0x00,
    0x00,0x00,0x00,0x00,0x00,0x00,0x00,0x00,0x50,0x50,0x50,0x48,0x6A,0x70,0x00,0x00,
    0x58,0x38,0x31,0x50,0x50,0x50,0x00,0x00,0x31,0x31,0x00,0x00,0x00,0x00,0x00,0x00,
    0x51,0x51,0x18,0x18,0x00,0x00,0x00,0x00,0x39,0x38,0x10,0x10,0x29,0x59,0x00,0x00,
    0x18,0x31,0x31,0x38,0x39,0x30,0x00,0x00,0x30,0x58,0x58,0x70,0x59,0x59,0x00,0x00,
    0x00,0x00,0x38,0x38,0x31,0x50,0x00,0x00,0x11,0x59,0x39,0x38,0x31,0x59,0x00,0x00,
    0x29,0x09,0x39,0x28,0x30,0x38,0x01,0x01,0x11,0x28,0x38,0x38,0x01,0x01,0x01,0x01,
    0x51,0x51,0x59,0x59,0x31,0x39,0x01,0x01,0x11,0x51,0x28,0x58,0x11,0x51,0x01,0x01,
    0x01,0x01,0x71,0x71,0x01,0x01,0x01,0x01,0x01,0x01,0x38,0x38,0x01,0x01,0x01,0x01,
    0x01,0x01,0x01,0x01,0x01,0x01,0x01,0x01,0x01,0x01,0x58,0x58,0x01,0x01,0x01,0x01,
    0x33,0x33,0x0B,0x2B,0x13,0x13,0x03,0x03,0x2B,0x33,0x53,0x2B,0x53,0x53,0x03,0x03,
    0x5A,0x5A,0x3B,0x53,0x0B,0x0B,0x2B,0x2B,0x33,0x3B,0x13,0x2B,0x13,0x0B,0x2B,0x0B,
    0x1A,0x1A,0x13,0x0B,0x0B,0x0B,0x33,0x5B,0x1A,0x1A,0x13,0x13,0x03,0x03,0x53,0x33,
    0x03,0x03,0x53,0x13,0x33,0x2B,0x0B,0x33,0x1A,0x78,0x1B,0x13,0x13,0x0B,0x13,0x2B,
    0x6A,0x32,0x0A,0x02,0x32,0x52,0x5A,0x53,0x6A,0x6A,0x02,0x02,0x4A,0x32,0x02,0x02,
    0x52,0x52,0x22,0x02,0x4A,0x2A,0x3A,0x3B,0x60,0x20,0x42,0x02,0x02,0x02,0x32,0x2B,
    0x02,0x02,0x72,0x79,0x78,0x78,0x5A,0x5A,0x50,0x28,0x28,0x48,0x52,0x3A,0x02,0x02,
    0x02,0x02,0x00,0x00,0x48,0x28,0x28,0x50,0x70,0x70,0x48,0x32,0x52,0x52,0x4A,0x5A,
    0x40,0x68,0x42,0x4A,0x40,0x60,0x48,0x6A,0x48,0x48,0x4A,0x4A,0x02,0x02,0x02,0x02,
    0x4A,0x4A,0x62,0x6A,0x48,0x60,0x5A,0x32,0x48,0x50,0x20,0x60,0x40,0x40,0x70,0x68,
    0x40,0x60,0x62,0x42,0x60,0x60,0x4A,0x2A,0x6A,0x48,0x60,0x42,0x62,0x62,0x4A,0x52,
    0x02,0x02,0x62,0x6A,0x40,0x20,0x62,0x4A,0x40,0x40,0x40,0x62,0x60,0x62,0x68,0x2A,
    0x50,0x50,0x00,0x20,0x48,0x60,0x6A,0x72,0x30,0x58,0x00,0x00,0x28,0x28,0x00,0x00,
    0x50,0x50,0x20,0x20,0x40,0x20,0x48,0x48,0x10,0x28,0x00,0x00,0x20,0x20,0x62,0x72,
    0x00,0x00,0x00,0x00,0x00,0x00,0x00,0x00,0x50,0x50,0x28,0x28,0x00,0x00,0x00,0x00,
    0x00,0x00,0x00,0x00,0x28,0x50,0x00,0x00,0x00,0x00,0x50,0x28,0x48,0x48,0x70,0x70,
    0x02,0x02,0x02,0x02,0x02,0x02,0x02,0x02,0x02,0x02,0x02,0x02,0x02,0x02,0x02,0x02,
    0x02,0x02,0x02,0x02,0x02,0x02,0x02,0x02,0x02,0x02,0x02,0x02,0x02,0x02,0x02,0x02,
    0x28,0x28,0x20,0x60,0x20,0x00,0x02,0x02,0x48,0x48,0x40,0x50,0x28,0x28,0x02,0x02,
    0x02,0x02,0x50,0x50,0x59,0x20,0x28,0x28,0x31,0x31,0x60,0x50,0x30,0x40,0x02,0x02,
    0x10,0x50,0x00,0x00,0x58,0x50,0x68,0x50,0x38,0x59,0x00,0x00,0x00,0x28,0x00,0x00,
    0x28,0x30,0x08,0x08,0x28,0x08,0x30,0x28,0x19,0x58,0x00,0x00,0x00,0x00,0x48,0x42,
    0x00,0x00,0x30,0x28,0x70,0x50,0x48,0x70,0x00,0x00,0x48,0x28,0x48,0x28,0x70,0x70,
    0x00,0x00,0x51,0x51,0x31,0x31,0x48,0x50,0x29,0x29,0x50,0x70,0x28,0x48,0x48,0x28,
    0x11,0x31,0x18,0x18,0x11,0x11,0x10,0x30,0x31,0x31,0x38,0x38,0x29,0x29,0x00,0x00,
    0x31,0x31,0x18,0x59,0x39,0x38,0x38,0x38,0x59,0x11,0x31,0x38,0x11,0x11,0x28,0x28,
    0x11,0x11,0x10,0x10,0x11,0x19,0x31,0x39,0x11,0x31,0x18,0x10,0x19,0x10,0x30,0x30,
    0x00,0x00,0x28,0x10,0x11,0x18,0x10,0x38,0x11,0x29,0x18,0x10,0x18,0x10,0x30,0x38,
    0x01,0x09,0x01,0x01,0x01,0x09,0x29,0x01,0x29,0x29,0x01,0x01,0x29,0x01,0x29,0x29,
    0x29,0x01,0x01,0x01,0x01,0x01,0x31,0x11,0x29,0x29,0x01,0x01,0x01,0x01,0x29,0x31,
    0x01,0x01,0x31,0x01,0x51,0x29,0x01,0x01,0x51,0x51,0x29,0x39,0x31,0x29,0x59,0x59,
    0x01,0x01,0x01,0x01,0x51,0x51,0x01,0x01,0x01,0x01,0x29,0x38,0x29,0x29,0x29,0x29,
    0x03,0x2B,0x03,0x03,0x0B,0x0B,0x03,0x03,0x2B,0x2B,0x03,0x2B,0x2B,0x53,0x03,0x03,
    0x2B,0x2B,0x03,0x03,0x0B,0x0B,0x53,0x53,0x3B,0x33,0x0B,0x2B,0x03,0x03,0x2B,0x2B,
    0x0B,0x13,0x03,0x03,0x03,0x03,0x2B,0x2B,0x13,0x32,0x03,0x03,0x03,0x03,0x2B,0x2B,
    0x03,0x03,0x03,0x33,0x0B,0x03,0x33,0x33,0x13,0x3A,0x0B,0x03,0x0B,0x03,0x13,0x33,
    0x0A,0x02,0x12,0x12,0x0A,0x12,0x3B,0x13,0x0A,0x02,0x1A,0x1A,0x3B,0x3A,0x02,0x02,
    0x50,0x50,0x1A,0x1A,0x0A,0x0A,0x3B,0x13,0x12,0x52,0x12,0x1B,0x12,0x12,0x1B,0x13,
    0x02,0x02,0x32,0x3A,0x3A,0x5A,0x02,0x02,0x70,0x70,0x33,0x33,0x02,0x02,0x02,0x02,
    0x02,0x02,0x02,0x02,0x32,0x12,0x3A,0x5A,0x5A,0x5A,0x32,0x32,0x12,0x0A,0x2B,0x2B,
    0x00,0x48,0x02,0x42,0x7A,0x6A,0x02,0x02,0x2A,0x4A,0x52,0x2A,0x02,0x02,0x02,0x02,
    0x28,0x28,0x22,0x4A,0x4A,0x4A,0x02,0x02,0x40,0x70,0x60,0x4A,0x42,0x42,0x02,0x02,
    0x52,0x28,0x22,0x02,0x02,0x02,0x2A,0x2A,0x62,0x6A,0x22,0x0A,0x42,0x42,0x72,0x72,
    0x02,0x02,0x4A,0x52,0x42,0x22,0x02,0x02,0x68,0x68,0x62,0x62,0x02,0x02,0x2A,0x2A,
    0x28,0x48,0x60,0x62,0x60,0x60,0x00,0x00,0x48,0x6A,0x48,0x28,0x48,0x48,0x00,0x00,
    0x00,0x00,0x4A,0x4A,0x60,0x68,0x00,0x00,0x72,0x72,0x60,0x68,0x62,0x60,0x00,0x00,
    0x00,0x00,0x00,0x00,0x00,0x00,0x00,0x00,0x00,0x00,0x00,0x00,0x00,0x00,0x00,0x00,
    0x00,0x00,0x00,0x00,0x00,0x00,0x00,0x00,0x00,0x00,0x00,0x00,0x00,0x00,0x00,0x00,
    0x02,0x02,0x2A,0x2A,0x32,0x32,0x02,0x02,0x02,0x02,0x2A,0x2A,0x02,0x02,0x02,0x02,
    0x70,0x70,0x52,0x52,0x2A,0x52,0x02,0x02,0x48,0x48,0x4A,0x72,0x72,0x78,0x5A,0x5A,
    0x28,0x28,0x22,0x22,0x22,0x22,0x02,0x02,0x50,0x30,0x42,0x4A,0x22,0x22,0x02,0x02,
    0x02,0x02,0x4A,0x22,0x22,0x22,0x52,0x2A,0x28,0x48,0x40,0x68,0x42,0x22,0x3A,0x52,
    0x00,0x20,0x40,0x40,0x20,0x40,0x62,0x6A,0x00,0x00,0x62,0x62,0x60,0x40,0x00,0x00,
    0x4A,0x52,0x60,0x60,0x20,0x40,0x6A,0x42,0x00,0x00,0x40,0x42,0x40,0x40,0x60,0x42,
    0x50,0x50,0x68,0x2A,0x4A,0x72,0x00,0x00,0x00,0x00,0x68,0x6A,0x5A,0x5A,0x00,0x00,
    0x00,0x00,0x48,0x48,0x50,0x00,0x50,0x48,0x28,0x50,0x20,0x48,0x20,0x40,0x68,0x68,
    0x29,0x09,0x30,0x30,0x29,0x31,0x00,0x00,0x31,0x31,0x30,0x30,0x38,0x38,0x00,0x00,
    0x09,0x09,0x31,0x59,0x31,0x31,0x00,0x00,0x31,0x31,0x19,0x31,0x31,0x11,0x30,0x30,
    0x09,0x11,0x10,0x10,0x08,0x08,0x59,0x59,0x01,0x09,0x10,0x10,0x10,0x08,0x39,0x51,
    0x00,0x00,0x08,0x08,0x08,0x08,0x58,0x50,0x09,0x29,0x19,0x18,0x10,0x10,0x28,0x10,
    0x01,0x01,0x09,0x11,0x01,0x09,0x39,0x38,0x09,0x01,0x09,0x09,0x01,0x09,0x01,0x01,
    0x11,0x39,0x01,0x09,0x09,0x11,0x38,0x39,0x29,0x31,0x09,0x11,0x09,0x09,0x18,0x28,
    0x11,0x31,0x09,0x09,0x29,0x01,0x29,0x29,0x01,0x01,0x09,0x09,0x29,0x01,0x01,0x01,
    0x01,0x01,0x01,0x01,0x29,0x29,0x29,0x29,0x01,0x01,0x29,0x29,0x29,0x01,0x51,0x51,
    0x03,0x03,0x2B,0x2B,0x53,0x53,0x03,0x03,0x03,0x03,0x2B,0x2B,0x03,0x03,0x03,0x03,
    0x03,0x03,0x53,0x2B,0x33,0x2B,0x03,0x03,0x03,0x03,0x33,0x3B,0x33,0x0B,0x33,0x0B,
    0x78,0x78,0x1B,0x13,0x3A,0x13,0x5B,0x5B,0x52,0x52,0x1B,0x13,0x33,0x33,0x53,0x53,
    0x03,0x03,0x32,0x32,0x3B,0x3A,0x2B,0x53,0x52,0x52,0x1B,0x13,0x3A,0x13,0x13,0x03,
    0x5B,0x5B,0x12,0x2A,0x4A,0x52,0x02,0x02,0x48,0x48,0x02,0x02,0x02,0x02,0x02,0x02,
    0x02,0x02,0x4A,0x4A,0x4A,0x22,0x2A,0x78,0x78,0x78,0x42,0x02,0x4A,0x4A,0x12,0x3A,
    0x02,0x02,0x72,0x72,0x52,0x52,0x02,0x02,0x02,0x02,0x02,0x02,0x2A,0x2A,0x52,0x52,
    0x02,0x02,0x02,0x02,0x02,0x02,0x02,0x02,0x02,0x02,0x02,0x02,0x4A,0x72,0x02,0x02,
    0x02,0x02,0x02,0x02,0x28,0x28,0x02,0x02,0x02,0x02,0x02,0x02,0x02,0x02,0x02,0x02,
    0x02,0x02,0x02,0x02,0x28,0x28,0x02,0x02,0x02,0x02,0x28,0x28,0x28,0x28,0x28,0x28,
    0x48,0x70,0x60,0x6A,0x48,0x48,0x68,0x68,0x48,0x48,0x40,0x68,0x28,0x28,0x28,0x28,
    0x02,0x02,0x02,0x02,0x48,0x28,0x02,0x02,0x28,0x28,0x40,0x60,0x20,0x40,0x40,0x6A,
    0x29,0x29,0x00,0x20,0x30,0x38,0x00,0x00,0x00,0x00,0x28,0x48,0x38,0x38,0x00,0x00,
    0x51,0x51,0x28,0x28,0x10,0x08,0x72,0x72,0x00,0x00,0x00,0x08,0x10,0x10,0x50,0x38,
    0x00,0x00,0x51,0x29,0x00,0x00,0x00,0x00,0x00,0x00,0x00,0x00,0x00,0x00,0x00,0x00,
    0x00,0x00,0x00,0x00,0x00,0x00,0x00,0x00,0x00,0x00,0x00,0x00,0x00,0x00,0x00,0x00,
    0x02,0x02,0x02,0x02,0x02,0x02,0x02,0x02,0x02,0x02,0x02,0x02,0x02,0x02,0x02,0x02,
    0x02,0x02,0x02,0x02,0x02,0x02,0x02,0x02,0x02,0x02,0x02,0x02,0x02,0x02,0x02,0x02,
    0x02,0x02,0x28,0x50,0x02,0x02,0x02,0x02,0x02,0x02,0x02,0x02,0x30,0x30,0x02,0x02,
    0x02,0x02,0x02,0x02,0x02,0x02,0x02,0x02,0x02,0x02,0x02,0x02,0x70,0x70,0x02,0x02,
    0x00,0x00,0x78,0x70,0x38,0x30,0x00,0x00,0x59,0x59,0x00,0x00,0x00,0x00,0x00,0x00,
    0x00,0x00,0x00,0x00,0x50,0x50,0x00,0x00,0x00,0x00,0x38,0x58,0x28,0x48,0x50,0x50,
    0x00,0x00,0x50,0x50,0x50,0x28,0x00,0x00,0x00,0x00,0x50,0x28,0x28,0x28,0x00,0x00,
    0x00,0x00,0x00,0x00,0x00,0x00,0x00,0x00,0x00,0x00,0x59,0x59,0x38,0x30,0x00,0x00,
    0x00,0x00,0x00,0x00,0x29,0x29,0x00,0x00,0x00,0x00,0x00,0x00,0x00,0x00,0x00,0x00,
    0x00,0x00,0x00,0x00,0x00,0x00,0x00,0x00,0x00,0x00,0x00,0x00,0x31,0x31,0x59,0x59,
    0x51,0x29,0x19,0x30,0x11,0x39,0x29,0x29,0x29,0x09,0x11,0x18,0x31,0x29,0x29,0x31,
    0x00,0x00,0x00,0x00,0x51,0x39,0x00,0x00,0x29,0x29,0x19,0x38,0x09,0x11,0x39,0x38,
    0x01,0x01,0x01,0x01,0x01,0x01,0x31,0x31,0x51,0x51,0x29,0x29,0x29,0x29,0x01,0x01,
    0x01,0x01,0x29,0x01,0x01,0x01,0x31,0x29,0x01,0x01,0x01,0x01,0x01,0x01,0x01,0x29,
    0x51,0x51,0x29,0x29,0x29,0x29,0x01,0x01,0x01,0x01,0x29,0x51,0x29,0x51,0x01,0x01,
    0x01,0x01,0x01,0x01,0x01,0x01,0x01,0x01,0x01,0x01,0x51,0x51,0x29,0x29,0x31,0x51,
    0x13,0x13,0x03,0x03,0x03,0x03,0x03,0x03,0x33,0x33,0x2B,0x2B,0x03,0x03,0x03,0x03,
    0x33,0x33,0x33,0x33,0x03,0x03,0x03,0x03,0x2B,0x2B,0x0B,0x0B,0x03,0x03,0x53,0x53,
    0x0B,0x0B,0x03,0x03,0x03,0x03,0x03,0x03,0x13,0x13,0x03,0x03,0x03,0x03,0x2B,0x2B,
    0x03,0x03,0x2B,0x2B,0x0B,0x0B,0x03,0x03,0x3B,0x3B,0x03,0x03,0x03,0x03,0x53,0x53,
    0x1B,0x1B,0x1B,0x1B,0x1B,0x1B,0x02,0x02,0x3A,0x3A,0x3B,0x3B,0x02,0x02,0x02,0x02,
    0x2B,0x2B,0x2B,0x2B,0x13,0x13,0x02,0x02,0x3B,0x3B,0x13,0x13,0x1B,0x1B,0x03,0x03,
    0x02,0x02,0x02,0x02,0x02,0x02,0x02,0x02,0x53,0x53,0x02,0x02,0x02,0x02,0x02,0x02,
    0x02,0x02,0x02,0x02,0x02,0x02,0x02,0x02,0x02,0x02,0x5B,0x5B,0x53,0x53,0x02,0x02,
    0x2A,0x2A,0x42,0x42,0x2A,0x2A,0x02,0x02,0x02,0x02,0x02,0x02,0x5A,0x5A,0x02,0x02,
    0x02,0x02,0x22,0x22,0x2A,0x2A,0x02,0x02,0x52,0x52,0x32,0x32,0x42,0x42,0x02,0x02,
    0x2A,0x2A,0x52,0x52,0x0A,0x0A,0x02,0x02,0x3A,0x3A,0x4A,0x4A,0x42,0x42,0x02,0x02,
    0x02,0x02,0x4A,0x4A,0x68,0x68,0x02,0x02,0x02,0x02,0x2A,0x2A,0x52,0x52,0x02,0x02,
    0x00,0x00,0x00,0x00,0x30,0x30,0x00,0x00,0x00,0x00,0x00,0x00,0x00,0x00,0x00,0x00,
    0x00,0x00,0x00,0x00,0x00,0x00,0x00,0x00,0x00,0x00,0x00,0x00,0x72,0x72,0x00,0x00,
    0x00,0x00,0x00,0x00,0x00,0x00,0x00,0x00,0x00,0x00,0x00,0x00,0x00,0x00,0x00,0x00,
    0x00,0x00,0x00,0x00,0x00,0x00,0x00,0x00,0x00,0x00,0x00,0x00,0x00,0x00,0x00,0x00,
    0x02,0x02,0x02,0x02,0x02,0x02,0x02,0x02,0x02,0x02,0x02,0x02,0x02,0x02,0x02,0x02,
    0x02,0x02,0x02,0x02,0x32,0x32,0x7B,0x7B,0x02,0x02,0x2A,0x2A,0x3A,0x3A,0x02,0x02,
    0x5A,0x5A,0x32,0x32,0x32,0x32,0x02,0x02,0x32,0x32,0x0A,0x0A,0x1A,0x1A,0x3B,0x3B,
    0x02,0x02,0x4A,0x4A,0x32,0x32,0x02,0x02,0x02,0x02,0x52,0x52,0x2A,0x2A,0x2B,0x2B,
    0x6A,0x6A,0x42,0x42,0x42,0x42,0x52,0x52,0x68,0x68,0x6A,0x6A,0x42,0x42,0x00,0x00,
    0x2A,0x2A,0x0A,0x0A,0x4A,0x4A,0x22,0x22,0x68,0x68,0x4A,0x4A,0x62,0x62,0x2A,0x2A,
    0x32,0x32,0x2A,0x2A,0x00,0x00,0x00,0x00,0x00,0x00,0x00,0x00,0x52,0x52,0x00,0x00,
    0x00,0x00,0x00,0x00,0x28,0x28,0x00,0x00,0x00,0x00,0x50,0x50,0x68,0x68,0x00,0x00,
    0x59,0x59,0x28,0x28,0x00,0x00,0x00,0x00,0x00,0x00,0x00,0x00,0x00,0x00,0x00,0x00,
    0x00,0x00,0x58,0x58,0x58,0x58,0x00,0x00,0x31,0x31,0x38,0x38,0x59,0x59,0x00,0x00,
    0x39,0x39,0x30,0x30,0x38,0x38,0x00,0x00,0x11,0x11,0x28,0x28,0x58,0x58,0x52,0x52,
    0x00,0x00,0x00,0x00,0x59,0x59,0x52,0x52,0x31,0x31,0x10,0x10,0x39,0x39,0x68,0x68,
    0x11,0x11,0x11,0x11,0x11,0x11,0x01,0x01,0x11,0x11,0x31,0x31,0x38,0x38,0x01,0x01,
    0x39,0x39,0x11,0x11,0x11,0x11,0x38,0x38,0x31,0x31,0x11,0x11,0x11,0x11,0x38,0x38,
    0x09,0x09,0x11,0x11,0x39,0x39,0x01,0x01,0x01,0x01,0x11,0x11,0x29,0x29,0x01,0x01,
    0x01,0x01,0x01,0x01,0x01,0x01,0x01,0x01,0x01,0x01,0x01,0x01,0x29,0x29,0x01,0x01,
    0x5A,0x5A,0x0B,0x0B,0x03,0x03,0x03,0x03,0x2B,0x2B,0x13,0x13,0x03,0x03,0x03,0x03,
    0x2B,0x2B,0x03,0x03,0x53,0x13,0x33,0x33,0x3B,0x3B,0x13,0x13,0x0B,0x0B,0x0B,0x0B,
    0x1B,0x1B,0x1B,0x2B,0x0B,0x2B,0x13,0x13,0x1B,0x1B,0x32,0x2B,0x03,0x03,0x0B,0x0B,
    0x03,0x03,0x0B,0x0B,0x13,0x52,0x0B,0x0B,0x1A,0x1A,0x33,0x13,0x0B,0x13,0x33,0x2B,
    0x52,0x52,0x0A,0x53,0x1A,0x3B,0x13,0x13,0x52,0x52,0x02,0x02,0x0A,0x0A,0x2B,0x2B,
    0x5A,0x5A,0x33,0x5B,0x7B,0x33,0x13,0x2B,0x78,0x78,0x02,0x02,0x0A,0x3B,0x33,0x2B,
    0x02,0x02,0x1B,0x33,0x3B,0x3B,0x33,0x33,0x70,0x70,0x52,0x52,0x3B,0x3B,0x53,0x53,
    0x02,0x02,0x02,0x02,0x52,0x52,0x02,0x02,0x72,0x72,0x52,0x52,0x3A,0x3A,0x33,0x53,
    0x68,0x68,0x42,0x42,0x62,0x62,0x52,0x52,0x42,0x42,0x22,0x22,0x02,0x02,0x02,0x02,
    0x02,0x02,0x52,0x52,0x60,0x60,0x02,0x02,0x68,0x68,0x72,0x72,0x6A,0x6A,0x6A,0x6A,
    0x60,0x60,0x22,0x22,0x40,0x2A,0x4A,0x4A,0x62,0x62,0x42,0x4A,0x4A,0x4A,0x42,0x42,
    0x2A,0x2A,0x4A,0x4A,0x60,0x60,0x02,0x02,0x60,0x60,0x42,0x2A,0x68,0x52,0x52,0x22,
    0x50,0x50,0x00,0x68,0x48,0x48,0x52,0x52,0x58,0x58,0x00,0x00,0x28,0x28,0x00,0x00,
    0x38,0x38,0x00,0x00,0x28,0x28,0x4A,0x4A,0x00,0x00,0x20,0x20,0x00,0x00,0x70,0x70,
    0x00,0x00,0x58,0x58,0x48,0x48,0x00,0x00,0x50,0x50,0x08,0x08,0x28,0x28,0x00,0x00,
    0x00,0x00,0x00,0x00,0x38,0x38,0x00,0x00,0x00,0x00,0x20,0x20,0x30,0x30,0x00,0x00,
    0x02,0x02,0x02,0x02,0x52,0x52,0x02,0x02,0x02,0x02,0x02,0x02,0x02,0x02,0x02,0x02,
    0x02,0x02,0x02,0x02,0x02,0x02,0x02,0x02,0x02,0x02,0x02,0x02,0x02,0x02,0x02,0x02,
    0x28,0x28,0x40,0x40,0x48,0x48,0x48,0x48,0x30,0x30,0x40,0x40,0x48,0x48,0x02,0x02,
    0x02,0x02,0x60,0x60,0x60,0x60,0x60,0x60,0x38,0x38,0x60,0x60,0x40,0x40,0x4A,0x4A,
    0x28,0x28,0x00,0x00,0x20,0x20,0x68,0x68,0x68,0x68,0x00,0x00,0x00,0x00,0x48,0x48,
    0x28,0x28,0x20,0x20,0x00,0x00,0x60,0x60,0x30,0x30,0x00,0x00,0x00,0x00,0x48,0x48,
    0x4A,0x4A,0x20,0x20,0x20,0x70,0x68,0x68,0x00,0x00,0x30,0x30,0x00,0x00,0x68,0x68,
    0x00,0x00,0x00,0x00,0x30,0x30,0x28,0x28,0x51,0x51,0x72,0x72,0x00,0x00,0x4A,0x52,
    0x11,0x11,0x10,0x10,0x11,0x11,0x31,0x31,0x30,0x30,0x00,0x00,0x00,0x00,0x00,0x00,
    0x38,0x38,0x19,0x19,0x19,0x19,0x78,0x78,0x38,0x38,0x18,0x18,0x11,0x11,0x38,0x38,
    0x19,0x19,0x28,0x30,0x30,0x19,0x18,0x50,0x11,0x11,0x28,0x30,0x18,0x18,0x08,0x08,
    0x00,0x00,0x10,0x10,0x11,0x11,0x10,0x10,0x11,0x11,0x38,0x28,0x38,0x18,0x28,0x30,
    0x09,0x09,0x31,0x29,0x51,0x31,0x11,0x11,0x29,0x29,0x01,0x01,0x01,0x01,0x51,0x51,
    0x09,0x09,0x58,0x31,0x29,0x01,0x38,0x39,0x01,0x01,0x31,0x31,0x31,0x09,0x39,0x59,
    0x09,0x09,0x29,0x31,0x09,0x59,0x01,0x01,0x29,0x29,0x29,0x51,0x29,0x01,0x31,0x31,
    0x01,0x01,0x01,0x01,0x01,0x01,0x09,0x09,0x29,0x29,0x51,0x01,0x01,0x29,0x51,0x29,
    0x0B,0x0B,0x13,0x13,0x0B,0x0B,0x2B,0x2B,0x2B,0x2B,0x2B,0x2B,0x03,0x03,0x03,0x03,
    0x03,0x03,0x13,0x13,0x0B,0x0B,0x03,0x03,0x33,0x33,0x13,0x13,0x0B,0x0B,0x03,0x03,
    0x13,0x13,0x03,0x03,0x2B,0x2B,0x23,0x23,0x13,0x13,0x33,0x53,0x03,0x03,0x2B,0x2B,
    0x03,0x03,0x0B,0x0B,0x03,0x03,0x0B,0x0B,0x13,0x13,0x0B,0x0B,0x2B,0x2B,0x2B,0x53,
    0x3A,0x3A,0x2B,0x2B,0x12,0x33,0x13,0x13,0x12,0x12,0x2B,0x1B,0x12,0x12,0x53,0x53,
    0x33,0x33,0x1A,0x1A,0x33,0x12,0x13,0x13,0x3A,0x3A,0x53,0x2B,0x32,0x3B,0x52,0x1B,
    0x02,0x02,0x33,0x33,0x3B,0x3B,0x2B,0x53,0x5B,0x5B,0x1B,0x2B,0x33,0x33,0x53,0x53,
    0x02,0x02,0x32,0x32,0x1A,0x1A,0x13,0x13,0x3B,0x3B,0x1B,0x1B,0x53,0x1A,0x1B,0x1B,
    0x52,0x52,0x2A,0x2A,0x5B,0x5B,0x0B,0x2B,0x52,0x52,0x33,0x33,0x3B,0x3B,0x02,0x02,
    0x6A,0x6A,0x42,0x42,0x70,0x70,0x3A,0x3A,0x60,0x60,0x52,0x52,0x52,0x52,0x02,0x02,
    0x70,0x70,0x02,0x02,0x02,0x02,0x1B,0x2B,0x5A,0x5A,0x2A,0x3A,0x02,0x02,0x33,0x33,
    0x02,0x02,0x4A,0x4A,0x02,0x02,0x1A,0x1A,0x5A,0x5A,0x5A,0x5A,0x32,0x02,0x52,0x33,
    0x48,0x48,0x4A,0x4A,0x68,0x68,0x33,0x33,0x68,0x28,0x42,0x42,0x62,0x62,0x00,0x00,
    0x00,0x00,0x68,0x68,0x62,0x62,0x00,0x00,0x48,0x48,0x22,0x22,0x42,0x42,0x00,0x00,
    0x00,0x00,0x00,0x00,0x00,0x00,0x00,0x00,0x00,0x00,0x28,0x28,0x00,0x00,0x00,0x00,
    0x00,0x00,0x00,0x00,0x00,0x00,0x00,0x00,0x00,0x00,0x00,0x00,0x00,0x00,0x00,0x00,
    0x52,0x52,0x4A,0x4A,0x2A,0x2A,0x02,0x02,0x02,0x02,0x02,0x02,0x02,0x02,0x02,0x02,
    0x02,0x02,0x3A,0x3A,0x4A,0x4A,0x02,0x02,0x72,0x72,0x6A,0x6A,0x6A,0x6A,0x02,0x02,
    0x62,0x62,0x02,0x02,0x22,0x22,0x4A,0x4A,0x60,0x60,0x42,0x42,0x22,0x22,0x02,0x02,
    0x02,0x02,0x22,0x22,0x02,0x02,0x52,0x4A,0x52,0x52,0x42,0x42,0x22,0x72,0x42,0x42,
    0x42,0x42,0x2A,0x52,0x52,0x72,0x62,0x62,0x20,0x20,0x62,0x62,0x60,0x60,0x00,0x00,
    0x6A,0x6A,0x60,0x60,0x6A,0x4A,0x4A,0x4A,0x40,0x40,0x2A,0x2A,0x68,0x62,0x50,0x2A,
    0x00,0x00,0x42,0x42,0x60,0x60,0x4A,0x52,0x00,0x00,0x62,0x4A,0x70,0x72,0x4A,0x4A,
    0x00,0x00,0x72,0x72,0x20,0x20,0x4A,0x4A,0x48,0x48,0x60,0x68,0x6A,0x68,0x4A,0x42,
    0x18,0x18,0x10,0x10,0x50,0x59,0x2A,0x2A,0x00,0x00,0x6A,0x6A,0x50,0x50,0x00,0x00,
    0x30,0x30,0x08,0x28,0x10,0x10,0x28,0x28,0x39,0x39,0x10,0x10,0x58,0x58,0x4A,0x4A,
    0x18,0x18,0x28,0x68,0x72,0x48,0x40,0x52,0x30,0x48,0x08,0x48,0x00,0x72,0x6A,0x6A,
    0x00,0x00,0x08,0x08,0x00,0x50,0x48,0x48,0x11,0x11,0x30,0x70,0x78,0x08,0x70,0x68,
    0x09,0x09,0x38,0x01,0x11,0x11,0x38,0x38,0x01,0x01,0x01,0x58,0x09,0x09,0x01,0x01,
    0x01,0x01,0x38,0x59,0x11,0x38,0x10,0x10,0x31,0x31,0x31,0x38,0x31,0x31,0x18,0x18,
    0x31,0x31,0x51,0x11,0x11,0x28,0x31,0x31,0x01,0x01,0x29,0x11,0x09,0x51,0x01,0x01,
    0x01,0x01,0x01,0x01,0x09,0x09,0x11,0x11,0x01,0x01,0x29,0x11,0x59,0x31,0x30,0x11,
    0x03,0x03,0x03,0x03,0x03,0x03,0x03,0x03,0x03,0x03,0x03,0x03,0x03,0x03,0x03,0x03,
    0x03,0x03,0x03,0x03,0x03,0x03,0x03,0x03,0x03,0x03,0x03,0x03,0x03,0x03,0x03,0x03,
    0x03,0x03,0x1B,0x1B,0x1A,0x1A,0x3A,0x3A,0x03,0x03,0x1A,0x1A,0x7B,0x7B,0x03,0x03,
    0x03,0x03,0x03,0x03,0x03,0x03,0x03,0x03,0x03,0x03,0x1A,0x1A,0x1A,0x1A,0x2B,0x2B,
    0x02,0x02,0x5B,0x7B,0x5B,0x5B,0x4A,0x4A,0x48,0x48,0x3A,0x3A,0x30,0x30,0x02,0x02,
    0x02,0x02,0x2B,0x2B,0x32,0x32,0x3B,0x3B,0x28,0x28,0x72,0x72,0x3A,0x3A,0x3A,0x3A,
    0x02,0x02,0x5B,0x5B,0x78,0x78,0x33,0x53,0x02,0x02,0x02,0x02,0x02,0x02,0x53,0x53,
    0x02,0x02,0x02,0x02,0x4A,0x4A,0x02,0x02,0x02,0x02,0x52,0x52,0x2A,0x2A,0x13,0x2B,
    0x02,0x02,0x02,0x02,0x28,0x28,0x02,0x02,0x28,0x28,0x72,0x72,0x28,0x28,0x02,0x02,
    0x28,0x28,0x02,0x02,0x28,0x28,0x28,0x28,0x28,0x28,0x00,0x00,0x48,0x48,0x50,0x50,
    0x02,0x02,0x68,0x68,0x40,0x40,0x68,0x68,0x00,0x00,0x40,0x40,0x20,0x20,0x02,0x02,
    0x02,0x02,0x02,0x02,0x02,0x02,0x50,0x50,0x48,0x48,0x60,0x60,0x28,0x40,0x28,0x28,
    0x00,0x00,0x00,0x00,0x68,0x68,0x6A,0x6A,0x00,0x00,0x68,0x68,0x00,0x00,0x00,0x00,
    0x00,0x00,0x00,0x00,0x30,0x30,0x4A,0x4A,0x00,0x00,0x48,0x48,0x48,0x48,0x00,0x00,
    0x00,0x00,0x50,0x50,0x00,0x00,0x52,0x52,0x00,0x00,0x00,0x00,0x00,0x00,0x52,0x52,
    0x00,0x00,0x00,0x00,0x00,0x00,0x00,0x00,0x00,0x00,0x00,0x00,0x28,0x28,0x2A,0x2A,
    0x02,0x02,0x02,0x02,0x02,0x02,0x02,0x02,0x02,0x02,0x02,0x02,0x02,0x02,0x02,0x02,
    0x02,0x02,0x02,0x02,0x02,0x02,0x02,0x02,0x02,0x02,0x02,0x02,0x02,0x02,0x02,0x02,
    0x02,0x02,0x02,0x02,0x50,0x50,0x28,0x28,0x02,0x02,0x30,0x30,0x00,0x00,0x02,0x02,
    0x02,0x02,0x02,0x02,0x02,0x02,0x02,0x02,0x02,0x02,0x48,0x48,0x28,0x28,0x02,0x02,
    0x30,0x30,0x48,0x48,0x10,0x10,0x50,0x50,0x30,0x30,0x50,0x50,0x31,0x31,0x00,0x00,
    0x28,0x28,0x48,0x48,0x50,0x08,0x10,0x10,0x39,0x39,0x30,0x30,0x08,0x28,0x48,0x48,
    0x00,0x00,0x00,0x00,0x50,0x50,0x00,0x00,0x00,0x00,0x00,0x00,0x28,0x28,0x00,0x00,
    0x00,0x00,0x00,0x00,0x51,0x51,0x00,0x00,0x00,0x00,0x30,0x30,0x59,0x59,0x28,0x28,
    0x51,0x51,0x31,0x31,0x31,0x31,0x38,0x38,0x29,0x29,0x31,0x31,0x00,0x00,0x00,0x00,
    0x00,0x00,0x00,0x00,0x39,0x39,0x31,0x31,0x00,0x00,0x29,0x29,0x29,0x29,0x00,0x00,
    0x29,0x29,0x11,0x11,0x11,0x58,0x19,0x59,0x09,0x09,0x11,0x11,0x58,0x19,0x19,0x19,
    0x00,0x00,0x29,0x29,0x59,0x11,0x11,0x11,0x71,0x21,0x11,0x11,0x59,0x11,0x39,0x30,
    0x29,0x29,0x11,0x29,0x09,0x09,0x11,0x58,0x29,0x29,0x09,0x09,0x01,0x01,0x01,0x01,
    0x29,0x29,0x51,0x29,0x51,0x09,0x01,0x51,0x29,0x29,0x09,0x09,0x29,0x51,0x29,0x29,
    0x01,0x01,0x29,0x29,0x29,0x29,0x39,0x39,0x01,0x01,0x29,0x29,0x29,0x29,0x38,0x38,
    0x01,0x01,0x01,0x01,0x29,0x29,0x29,0x29,0x01,0x01,0x09,0x09,0x09,0x09,0x31,0x31,
    0x13,0x13,0x03,0x03,0x03,0x03,0x2B,0x2B,0x2B,0x2B,0x2B,0x2B,0x2B,0x2B,0x03,0x03,
    0x03,0x03,0x2B,0x2B,0x03,0x03,0x2B,0x2B,0x3B,0x3B,0x03,0x03,0x0B,0x0B,0x03,0x03,
    0x13,0x13,0x0B,0x0B,0x0B,0x0B,0x2B,0x2B,0x0B,0x0B,0x03,0x03,0x0B,0x0B,0x03,0x03,
    0x03,0x03,0x2B,0x2B,0x0B,0x0B,0x2B,0x2B,0x0B,0x0B,0x0B,0x0B,0x0B,0x0B,0x2B,0x2B,
    0x1B,0x1B,0x53,0x53,0x53,0x5B,0x0B,0x0B,0x1B,0x1B,0x1B,0x5B,0x2A,0x2A,0x02,0x02,
    0x02,0x02,0x13,0x13,0x1B,0x1B,0x03,0x03,0x1B,0x1B,0x1B,0x2B,0x1A,0x1A,0x2B,0x2B,
    0x02,0x02,0x02,0x02,0x02,0x02,0x02,0x02,0x5B,0x5B,0x13,0x13,0x02,0x02,0x02,0x02,
    0x02,0x02,0x02,0x02,0x1B,0x1B,0x3B,0x3B,0x33,0x33,0x1B,0x1B,0x1B,0x1B,0x02,0x02,
    0x70,0x70,0x13,0x53,0x3B,0x53,0x3A,0x3A,0x5B,0x5B,0x53,0x33,0x78,0x78,0x02,0x02,
    0x02,0x02,0x02,0x02,0x52,0x52,0x02,0x02,0x52,0x52,0x52,0x52,0x4A,0x4A,0x02,0x02,
    0x52,0x52,0x2A,0x2A,0x42,0x42,0x02,0x02,0x52,0x52,0x32,0x32,0x52,0x52,0x02,0x02,
    0x02,0x02,0x02,0x02,0x3B,0x3B,0x02,0x02,0x32,0x32,0x33,0x1A,0x22,0x22,0x32,0x32,
    0x00,0x00,0x78,0x78,0x68,0x68,0x00,0x00,0x48,0x50,0x00,0x00,0x00,0x00,0x00,0x00,
    0x50,0x50,0x00,0x00,0x70,0x70,0x53,0x53,0x00,0x00,0x78,0x78,0x00,0x00,0x00,0x00,
    0x00,0x00,0x00,0x00,0x00,0x00,0x00,0x00,0x00,0x00,0x00,0x00,0x00,0x00,0x00,0x00,
    0x00,0x00,0x00,0x00,0x00,0x00,0x00,0x00,0x00,0x00,0x00,0x00,0x00,0x00,0x00,0x00,
    0x78,0x78,0x2A,0x2A,0x02,0x02,0x02,0x02,0x02,0x02,0x52,0x52,0x02,0x02,0x02,0x02,
    0x02,0x02,0x02,0x02,0x4A,0x4A,0x02,0x02,0x02,0x02,0x02,0x02,0x02,0x02,0x02,0x02,
    0x02,0x02,0x4A,0x4A,0x68,0x68,0x02,0x02,0x60,0x60,0x42,0x42,0x6A,0x6A,0x02,0x02,
    0x02,0x02,0x02,0x02,0x42,0x42,0x02,0x02,0x70,0x70,0x62,0x62,0x48,0x48,0x02,0x02,
    0x4A,0x4A,0x5B,0x6A,0x60,0x72,0x68,0x68,0x68,0x68,0x62,0x62,0x4A,0x4A,0x00,0x00,
    0x4A,0x4A,0x62,0x62,0x60,0x60,0x52,0x52,0x70,0x70,0x60,0x60,0x60,0x60,0x00,0x00,
    0x70,0x70,0x48,0x48,0x68,0x50,0x00,0x00,0x50,0x50,0x28,0x28,0x00,0x00,0x00,0x00,
    0x00,0x00,0x00,0x00,0x28,0x28,0x70,0x70,0x00,0x00,0x48,0x48,0x68,0x68,0x00,0x00,
    0x38,0x59,0x10,0x10,0x28,0x59,0x00,0x00,0x50,0x50,0x48,0x50,0x00,0x00,0x00,0x00,
    0x00,0x00,0x30,0x30,0x48,0x48,0x00,0x00,0x29,0x29,0x38,0x38,0x59,0x59,0x00,0x00,
    0x19,0x19,0x38,0x38,0x10,0x00,0x50,0x50,0x10,0x00,0x10,0x28,0x39,0x39,0x00,0x00,
    0x00,0x00,0x00,0x00,0x39,0x39,0x52,0x52,0x11,0x11,0x38,0x38,0x11,0x11,0x00,0x00,
    0x11,0x11,0x19,0x19,0x18,0x18,0x01,0x01,0x10,0x28,0x10,0x50,0x30,0x30,0x01,0x01,
    0x01,0x01,0x19,0x19,0x58,0x08,0x30,0x30,0x19,0x19,0x58,0x28,0x11,0x11,0x29,0x29,
    0x51,0x51,0x31,0x31,0x39,0x39,0x01,0x01,0x01,0x01,0x39,0x39,0x51,0x51,0x01,0x01,
    0x01,0x01,0x01,0x01,0x01,0x01,0x01,0x01,0x01,0x01,0x01,0x01,0x01,0x01,0x01,0x01,
    0x53,0x53,0x03,0x03,0x13,0x13,0x32,0x32,0x2B,0x2B,0x0B,0x0B,0x2B,0x2B,0x03,0x03,
    0x33,0x33,0x03,0x03,0x13,0x13,0x3B,0x3B,0x5B,0x5B,0x0B,0x0B,0x03,0x03,0x33,0x33,
    0x1A,0x1A,0x13,0x3A,0x33,0x13,0x13,0x13,0x52,0x1A,0x3B,0x13,0x13,0x13,0x0B,0x0B,
    0x03,0x03,0x13,0x13,0x1B,0x1B,0x1B,0x1B,0x12,0x12,0x3B,0x2B,0x33,0x3A,0x33,0x03,
    0x12,0x12,0x2B,0x33,0x3A,0x33,0x1B,0x1B,0x0A,0x0A,0x12,0x3B,0x0A,0x0A,0x02,0x02,
    0x5A,0x5A,0x5B,0x12,0x3B,0x52,0x1B,0x5B,0x70,0x70,0x52,0x5A,0x0A,0x5A,0x5A,0x5B,
    0x02,0x02,0x5A,0x5A,0x5A,0x78,0x2B,0x53,0x70,0x70,0x32,0x32,0x5A,0x5A,0x02,0x02,
    0x02,0x02,0x02,0x02,0x4A,0x4A,0x3A,0x3A,0x5A,0x5A,0x52,0x5A,0x32,0x2A,0x5A,0x5A,
    0x60,0x60,0x2A,0x2A,0x6A,0x4A,0x42,0x42,0x52,0x68,0x42,0x2A,0x52,0x52,0x02,0x02,
    0x48,0x48,0x68,0x68,0x60,0x72,0x2A,0x2A,0x68,0x68,0x4A,0x4A,0x60,0x60,0x02,0x02,
    0x40,0x40,0x62,0x4A,0x48,0x68,0x6A,0x6A,0x6A,0x60,0x4A,0x52,0x6A,0x32,0x42,0x42,
    0x02,0x02,0x68,0x68,0x40,0x50,0x2A,0x2A,0x68,0x60,0x68,0x6A,0x70,0x4A,0x2A,0x22,
    0x30,0x30,0x20,0x20,0x70,0x48,0x4A,0x4A,0x28,0x28,0x68,0x48,0x20,0x28,0x00,0x00,
    0x28,0x28,0x50,0x50,0x28,0x00,0x68,0x68,0x28,0x50,0x28,0x28,0x28,0x28,0x79,0x79,
    0x28,0x28,0x38,0x38,0x28,0x28,0x00,0x00,0x28,0x28,0x28,0x00,0x28,0x28,0x00,0x00,
    0x00,0x00,0x00,0x00,0x00,0x00,0x00,0x00,0x28,0x28,0x00,0x00,0x30,0x30,0x00,0x00,
    0x02,0x02,0x02,0x02,0x02,0x02,0x02,0x02,0x02,0x02,0x02,0x02,0x02,0x02,0x02,0x02,
    0x02,0x02,0x02,0x02,0x02,0x02,0x02,0x02,0x02,0x02,0x52,0x52,0x02,0x02,0x02,0x02,
    0x28,0x28,0x60,0x60,0x60,0x60,0x28,0x28,0x48,0x48,0x40,0x40,0x20,0x20,0x28,0x28,
    0x02,0x02,0x72,0x72,0x50,0x50,0x50,0x50,0x59,0x59,0x50,0x50,0x68,0x68,0x6A,0x6A,
    0x28,0x28,0x28,0x28,0x30,0x70,0x50,0x7A,0x18,0x18,0x68,0x20,0x20,0x20,0x00,0x00,
    0x30,0x30,0x20,0x20,0x28,0x28,0x00,0x50,0x30,0x30,0x20,0x48,0x70,0x48,0x60,0x52,
    0x00,0x00,0x20,0x20,0x40,0x2A,0x68,0x68,0x31,0x31,0x30,0x30,0x00,0x00,0x00,0x00,
    0x00,0x00,0x00,0x00,0x19,0x19,0x30,0x30,0x31,0x31,0x58,0x72,0x20,0x28,0x68,0x68,
    0x59,0x11,0x18,0x18,0x31,0x58,0x38,0x31,0x11,0x11,0x18,0x38,0x59,0x59,0x00,0x00,
    0x00,0x00,0x30,0x30,0x18,0x18,0x08,0x50,0x39,0x39,0x10,0x10,0x19,0x19,0x28,0x28,
    0x11,0x11,0x38,0x38,0x39,0x39,0x10,0x10,0x38,0x11,0x18,0x08,0x18,0x18,0x28,0x00,
    0x00,0x00,0x18,0x18,0x38,0x11,0x18,0x18,0x11,0x11,0x38,0x50,0x31,0x51,0x08,0x38,
    0x01,0x01,0x31,0x09,0x11,0x11,0x11,0x29,0x01,0x01,0x09,0x31,0x09,0x09,0x01,0x01,
    0x01,0x01,0x09,0x31,0x31,0x11,0x51,0x50,0x51,0x11,0x31,0x29,0x39,0x38,0x09,0x50,
    0x09,0x09,0x29,0x51,0x09,0x29,0x29,0x29,0x29,0x29,0x29,0x39,0x01,0x01,0x29,0x29,
    0x01,0x01,0x01,0x01,0x01,0x29,0x01,0x01,0x29,0x29,0x51,0x59,0x31,0x01,0x01,0x01,
    0x3B,0x3B,0x03,0x03,0x03,0x03,0x03,0x03,0x2B,0x2B,0x2B,0x2B,0x03,0x03,0x03,0x03,
    0x03,0x03,0x33,0x33,0x0B,0x0B,0x03,0x03,0x2B,0x2B,0x03,0x03,0x13,0x13,0x2B,0x2B,
    0x13,0x13,0x2B,0x2B,0x03,0x2B,0x2B,0x2B,0x1B,0x1B,0x2B,0x2B,0x0B,0x0B,0x03,0x03,
    0x03,0x03,0x03,0x03,0x03,0x03,0x2B,0x2B,0x3A,0x3A,0x0B,0x53,0x2B,0x2B,0x03,0x03,
    0x12,0x12,0x1A,0x1A,0x2B,0x2B,0x13,0x13,0x2A,0x2A,0x5B,0x1A,0x5A,0x5A,0x02,0x02,
    0x02,0x02,0x3A,0x3A,0x1A,0x2B,0x3B,0x3B,0x4A,0x4A,0x33,0x2B,0x53,0x5B,0x1B,0x2B,
    0x02,0x02,0x32,0x32,0x02,0x02,0x53,0x53,0x02,0x02,0x3A,0x3A,0x53,0x2B,0x02,0x02,
    0x02,0x02,0x02,0x02,0x33,0x33,0x02,0x02,0x02,0x02,0x1B,0x1B,0x5A,0x2B,0x2B,0x2B,
    0x48,0x48,0x4A,0x4A,0x5A,0x5A,0x2B,0x2B,0x4A,0x4A,0x3A,0x3A,0x78,0x78,0x02,0x02,
    0x70,0x70,0x68,0x68,0x70,0x70,0x33,0x33,0x40,0x40,0x20,0x20,0x68,0x68,0x02,0x02,
    0x68,0x68,0x52,0x52,0x2A,0x22,0x3A,0x3A,0x4A,0x4A,0x4A,0x4A,0x02,0x02,0x02,0x02,
    0x02,0x02,0x4A,0x4A,0x4A,0x4A,0x32,0x32,0x72,0x72,0x72,0x72,0x22,0x22,0x32,0x32,
    0x00,0x00,0x6A,0x6A,0x50,0x50,0x00,0x00,0x78,0x78,0x70,0x70,0x68,0x68,0x00,0x00,
    0x00,0x00,0x00,0x00,0x48,0x48,0x00,0x00,0x78,0x78,0x42,0x42,0x78,0x6A,0x00,0x00,
    0x00,0x00,0x00,0x00,0x00,0x00,0x00,0x00,0x00,0x00,0x00,0x00,0x00,0x00,0x00,0x00,
    0x00,0x00,0x00,0x00,0x00,0x00,0x00,0x00,0x00,0x00,0x00,0x00,0x00,0x00,0x00,0x00,
    0x02,0x02,0x02,0x02,0x02,0x02,0x02,0x02,0x02,0x02,0x02,0x02,0x02,0x02,0x02,0x02,
    0x02,0x02,0x02,0x02,0x78,0x78,0x02,0x02,0x02,0x02,0x20,0x20,0x68,0x68,0x02,0x02,
    0x50,0x50,0x22,0x22,0x42,0x42,0x02,0x02,0x00,0x00,0x42,0x42,0x62,0x62,0x02,0x02,
    0x02,0x02,0x2A,0x2A,0x22,0x22,0x2A,0x2A,0x30,0x30,0x42,0x42,0x42,0x42,0x3A,0x3A,
    0x4A,0x4A,0x4A,0x2A,0x2A,0x6A,0x68,0x68,0x48,0x48,0x60,0x72,0x40,0x40,0x70,0x70,
    0x6A,0x6A,0x40,0x40,0x62,0x4A,0x6A,0x6A,0x10,0x10,0x62,0x2A,0x6A,0x52,0x42,0x42,
    0x00,0x00,0x68,0x68,0x68,0x68,0x00,0x00,0x00,0x00,0x60,0x60,0x48,0x48,0x00,0x00,
    0x00,0x00,0x00,0x00,0x28,0x28,0x00,0x00,0x70,0x70,0x42,0x42,0x60,0x60,0x52,0x6A,
    0x39,0x39,0x39,0x39,0x29,0x29,0x00,0x00,0x00,0x00,0x00,0x00,0x00,0x00,0x00,0x00,
    0x00,0x00,0x30,0x30,0x59,0x59,0x00,0x00,0x29,0x29,0x11,0x11,0x51,0x51,0x59,0x59,
    0x19,0x19,0x28,0x28,0x28,0x38,0x68,0x68,0x11,0x30,0x28,0x28,0x00,0x50,0x68,0x68,
    0x00,0x00,0x00,0x00,0x70,0x20,0x70,0x60,0x29,0x29,0x30,0x00,0x30,0x50,0x72,0x72,
    0x11,0x11,0x29,0x31,0x7A,0x11,0x48,0x48,0x09,0x09,0x09,0x09,0x11,0x11,0x01,0x01,
    0x38,0x38,0x51,0x01,0x11,0x18,0x38,0x38,0x31,0x31,0x31,0x39,0x29,0x39,0x58,0x10,
    0x29,0x29,0x09,0x09,0x09,0x09,0x59,0x59,0x29,0x29,0x31,0x31,0x11,0x11,0x01,0x01,
    0x01,0x01,0x01,0x01,0x29,0x29,0x58,0x58,0x01,0x01,0x31,0x31,0x09,0x09,0x31,0x31,
    0x03,0x03,0x03,0x03,0x03,0x03,0x03,0x03,0x03,0x03,0x03,0x03,0x03,0x03,0x03,0x03,
    0x03,0x03,0x03,0x03,0x03,0x03,0x03,0x03,0x03,0x03,0x03,0x03,0x53,0x53,0x53,0x53,
    0x2B,0x2B,0x1B,0x1B,0x3B,0x3B,0x03,0x03,0x03,0x03,0x3B,0x3B,0x3A,0x3A,0x5B,0x5B,
    0x03,0x03,0x03,0x03,0x03,0x03,0x52,0x32,0x03,0x03,0x5A,0x5A,0x2A,0x2A,0x33,0x33,
    0x02,0x02,0x02,0x02,0x02,0x02,0x02,0x02,0x02,0x02,0x02,0x02,0x02,0x02,0x02,0x02,
    0x02,0x02,0x02,0x02,0x72,0x72,0x02,0x02,0x02,0x02,0x2A,0x2A,0x68,0x68,0x52,0x52,
    0x02,0x02,0x02,0x02,0x02,0x02,0x2B,0x2B,0x02,0x02,0x02,0x02,0x02,0x02,0x02,0x02,
    0x02,0x02,0x02,0x02,0x02,0x02,0x02,0x02,0x02,0x02,0x02,0x02,0x5A,0x5A,0x2B,0x2B,
    0x02,0x02,0x02,0x02,0x28,0x28,0x02,0x02,0x50,0x50,0x02,0x02,0x02,0x02,0x02,0x02,
    0x02,0x02,0x02,0x02,0x28,0x28,0x02,0x02,0x02,0x02,0x28,0x28,0x00,0x00,0x02,0x02,
    0x02,0x02,0x00,0x00,0x20,0x20,0x02,0x02,0x28,0x28,0x50,0x28,0x00,0x00,0x28,0x00,
    0x02,0x02,0x02,0x02,0x02,0x02,0x02,0x02,0x28,0x28,0x28,0x00,0x00,0x28,0x28,0x00,
    0x00,0x00,0x00,0x00,0x30,0x30,0x00,0x00,0x50,0x50,0x00,0x00,0x00,0x00,0x00,0x00,
    0x00,0x00,0x00,0x00,0x59,0x59,0x00,0x00,0x00,0x00,0x70,0x70,0x18,0x18,0x00,0x00,
    0x00,0x00,0x59,0x59,0x00,0x00,0x00,0x00,0x00,0x00,0x00,0x00,0x00,0x00,0x72,0x72,
    0x00,0x00,0x00,0x00,0x00,0x00,0x00,0x00,0x00,0x00,0x00,0x00,0x00,0x00,0x2A,0x2A,
    0x02,0x02,0x02,0x02,0x02,0x02,0x02,0x02,0x02,0x02,0x02,0x02,0x02,0x02,0x02,0x02,
    0x02,0x02,0x02,0x02,0x02,0x02,0x02,0x02,0x02,0x02,0x02,0x02,0x02,0x02,0x02,0x02,
    0x02,0x02,0x02,0x02,0x02,0x02,0x02,0x02,0x02,0x02,0x02,0x02,0x02,0x02,0x02,0x02,
    0x02,0x02,0x02,0x02,0x02,0x02,0x02,0x02,0x02,0x02,0x02,0x02,0x02,0x02,0x02,0x02,
    0x00,0x00,0x00,0x00,0x30,0x30,0x50,0x50,0x58,0x58,0x00,0x00,0x00,0x00,0x00,0x00,
    0x00,0x00,0x58,0x58,0x30,0x30,0x50,0x50,0x31,0x31,0x31,0x31,0x00,0x00,0x28,0x28,
    0x00,0x00,0x00,0x00,0x00,0x00,0x00,0x00,0x00,0x00,0x28,0x50,0x00,0x00,0x28,0x28,
    0x00,0x00,0x00,0x00,0x00,0x00,0x00,0x00,0x00,0x00,0x59,0x59,0x30,0x30,0x58,0x58,
    0x00,0x00,0x00,0x00,0x29,0x29,0x00,0x00,0x29,0x29,0x00,0x00,0x00,0x00,0x00,0x00,
    0x00,0x00,0x00,0x00,0x00,0x00,0x00,0x00,0x00,0x00,0x00,0x00,0x59,0x59,0x00,0x00,
    0x51,0x51,0x00,0x00,0x31,0x31,0x00,0x00,0x29,0x29,0x01,0x01,0x31,0x31,0x38,0x38,
    0x00,0x00,0x00,0x00,0x00,0x00,0x00,0x00,0x29,0x29,0x29,0x29,0x09,0x09,0x39,0x39,
    0x01,0x01,0x51,0x51,0x31,0x31,0x01,0x01,0x29,0x29,0x31,0x31,0x01,0x01,0x01,0x01,
    0x01,0x01,0x01,0x01,0x29,0x29,0x29,0x29,0x01,0x01,0x31,0x31,0x09,0x29,0x29,0x29,
    0x01,0x01,0x01,0x01,0x51,0x51,0x39,0x39,0x01,0x01,0x01,0x01,0x01,0x01,0x30,0x30,
    0x01,0x01,0x01,0x01,0x01,0x01,0x29,0x29,0x01,0x01,0x01,0x01,0x29,0x29,0x19,0x19,
    0x3B,0x3B,0x2B,0x2B,0x53,0x53,0x03,0x03,0x03,0x03,0x03,0x03,0x03,0x03,0x03,0x03,
    0x03,0x03,0x03,0x03,0x03,0x03,0x03,0x03,0x03,0x03,0x03,0x03,0x03,0x03,0x03,0x03,
    0x03,0x03,0x03,0x03,0x33,0x33,0x03,0x03,0x03,0x03,0x03,0x03,0x03,0x03,0x03,0x03,
    0x03,0x03,0x03,0x03,0x03,0x03,0x03,0x03,0x2B,0x2B,0x03,0x03,0x03,0x03,0x03,0x03,
    0x02,0x02,0x02,0x02,0x02,0x02,0x02,0x02,0x02,0x02,0x02,0x02,0x02,0x02,0x02,0x02,
    0x02,0x02,0x02,0x02,0x02,0x02,0x02,0x02,0x02,0x02,0x02,0x02,0x53,0x53,0x02,0x02,
    0x02,0x02,0x02,0x02,0x02,0x02,0x02,0x02,0x02,0x02,0x02,0x02,0x02,0x02,0x02,0x02,
    0x02,0x02,0x02,0x02,0x02,0x02,0x02,0x02,0x02,0x02,0x02,0x02,0x02,0x02,0x02,0x02,
    0x02,0x02,0x02,0x02,0x02,0x02,0x02,0x02,0x02,0x02,0x02,0x02,0x02,0x02,0x02,0x02,
    0x02,0x02,0x02,0x02,0x02,0x02,0x02,0x02,0x02,0x02,0x02,0x02,0x02,0x02,0x02,0x02,
    0x02,0x02,0x02,0x02,0x02,0x02,0x02,0x02,0x02,0x02,0x02,0x02,0x02,0x02,0x02,0x02,
    0x02,0x02,0x02,0x02,0x02,0x02,0x02,0x02,0x02,0x02,0x02,0x02,0x02,0x02,0x02,0x02,
    0x00,0x00,0x00,0x00,0x00,0x00,0x00,0x00,0x00,0x00,0x00,0x00,0x00,0x00,0x00,0x00,
    0x00,0x00,0x00,0x00,0x00,0x00,0x00,0x00,0x00,0x00,0x00,0x00,0x00,0x00,0x00,0x00,
    0x00,0x00,0x00,0x00,0x00,0x00,0x00,0x00,0x00,0x00,0x00,0x00,0x00,0x00,0x00,0x00,
    0x00,0x00,0x00,0x00,0x00,0x00,0x00,0x00,0x00,0x00,0x00,0x00,0x00,0x00,0x00,0x00,
    0x02,0x02,0x02,0x02,0x02,0x02,0x02,0x02,0x02,0x02,0x02,0x02,0x02,0x02,0x02,0x02,
    0x02,0x02,0x02,0x02,0x02,0x02,0x02,0x02,0x02,0x02,0x02,0x02,0x02,0x02,0x02,0x02,
    0x02,0x02,0x02,0x02,0x02,0x02,0x02,0x02,0x02,0x02,0x02,0x02,0x02,0x02,0x02,0x02,
    0x02,0x02,0x02,0x02,0x02,0x02,0x02,0x02,0x02,0x02,0x02,0x02,0x02,0x02,0x02,0x02,
    0x00,0x00,0x00,0x00,0x00,0x00,0x00,0x00,0x00,0x00,0x00,0x00,0x00,0x00,0x00,0x00,
    0x00,0x00,0x00,0x00,0x00,0x00,0x00,0x00,0x00,0x00,0x00,0x00,0x00,0x00,0x00,0x00,
    0x00,0x00,0x00,0x00,0x00,0x00,0x00,0x00,0x00,0x00,0x00,0x00,0x00,0x00,0x00,0x00,
    0x00,0x00,0x00,0x00,0x00,0x00,0x00,0x00,0x00,0x00,0x00,0x00,0x00,0x00,0x00,0x00,
    0x00,0x00,0x00,0x00,0x00,0x00,0x00,0x00,0x00,0x00,0x00,0x00,0x00,0x00,0x00,0x00,
    0x00,0x00,0x00,0x00,0x00,0x00,0x00,0x00,0x00,0x00,0x00,0x00,0x00,0x00,0x00,0x00,
    0x00,0x00,0x00,0x00,0x50,0x50,0x00,0x00,0x00,0x00,0x50,0x50,0x52,0x52,0x00,0x00,
    0x00,0x00,0x00,0x00,0x00,0x00,0x00,0x00,0x00,0x00,0x00,0x00,0x00,0x00,0x00,0x00,
    0x01,0x01,0x01,0x01,0x01,0x01,0x01,0x01,0x01,0x01,0x01,0x01,0x01,0x01,0x01,0x01,
    0x01,0x01,0x01,0x01,0x58,0x58,0x01,0x01,0x01,0x01,0x01,0x01,0x01,0x01,0x01,0x01,
    0x01,0x01,0x01,0x01,0x01,0x01,0x01,0x01,0x01,0x01,0x01,0x01,0x01,0x01,0x01,0x01,
    0x01,0x01,0x01,0x01,0x01,0x01,0x01,0x01,0x01,0x01,0x01,0x01,0x01,0x01,0x01,0x01,
    0x32,0x32,0x3A,0x3A,0x03,0x03,0x03,0x03,0x03,0x03,0x03,0x03,0x03,0x03,0x03,0x03,
    0x52,0x52,0x03,0x03,0x33,0x33,0x03,0x03,0x03,0x03,0x03,0x03,0x03,0x03,0x03,0x03,
    0x03,0x03,0x13,0x13,0x33,0x52,0x03,0x03,0x03,0x03,0x13,0x13,0x0B,0x0B,0x03,0x03,
    0x03,0x03,0x5B,0x5B,0x3A,0x3A,0x3A,0x3A,0x4A,0x4A,0x52,0x13,0x13,0x13,0x0B,0x0B,
    0x6A,0x6A,0x2A,0x2A,0x12,0x33,0x7B,0x7B,0x4A,0x4A,0x0A,0x0A,0x32,0x32,0x02,0x02,
    0x02,0x02,0x32,0x32,0x32,0x32,0x52,0x52,0x72,0x72,0x0A,0x0A,0x12,0x12,0x2B,0x2B,
    0x02,0x02,0x02,0x02,0x48,0x48,0x02,0x02,0x00,0x00,0x48,0x48,0x02,0x02,0x02,0x02,
    0x50,0x50,0x02,0x02,0x70,0x70,0x02,0x02,0x02,0x02,0x52,0x52,0x52,0x52,0x02,0x02,
    0x4A,0x4A,0x4A,0x4A,0x4A,0x4A,0x02,0x02,0x02,0x02,0x52,0x52,0x02,0x02,0x02,0x02,
    0x02,0x02,0x02,0x02,0x4A,0x4A,0x02,0x02,0x4A,0x4A,0x52,0x52,0x02,0x02,0x02,0x02,
    0x02,0x02,0x22,0x22,0x62,0x62,0x02,0x02,0x50,0x50,0x42,0x42,0x52,0x52,0x52,0x52,
    0x02,0x02,0x60,0x60,0x60,0x50,0x4A,0x4A,0x02,0x02,0x48,0x42,0x22,0x22,0x4A,0x4A,
    0x30,0x30,0x60,0x72,0x48,0x48,0x00,0x00,0x00,0x50,0x28,0x28,0x00,0x00,0x00,0x00,
    0x50,0x50,0x28,0x50,0x40,0x28,0x00,0x00,0x48,0x48,0x6A,0x6A,0x68,0x68,0x00,0x00,
    0x00,0x00,0x00,0x00,0x00,0x00,0x00,0x00,0x00,0x00,0x28,0x28,0x00,0x00,0x00,0x00,
    0x00,0x00,0x00,0x00,0x00,0x00,0x00,0x00,0x00,0x00,0x28,0x28,0x00,0x00,0x00,0x00,
    0x58,0x58,0x38,0x38,0x02,0x02,0x02,0x02,0x02,0x02,0x02,0x02,0x02,0x02,0x02,0x02,
    0x02,0x02,0x02,0x02,0x02,0x02,0x02,0x02,0x02,0x02,0x02,0x02,0x02,0x02,0x02,0x02,
    0x02,0x02,0x60,0x60,0x70,0x70,0x02,0x02,0x02,0x02,0x40,0x40,0x02,0x02,0x02,0x02,
    0x39,0x39,0x50,0x50,0x7A,0x7A,0x50,0x50,0x02,0x02,0x50,0x50,0x68,0x68,0x2A,0x2A,
    0x58,0x58,0x50,0x50,0x58,0x58,0x00,0x00,0x39,0x39,0x78,0x78,0x00,0x00,0x00,0x00,
    0x00,0x00,0x58,0x58,0x48,0x48,0x28,0x28,0x00,0x00,0x40,0x40,0x60,0x60,0x4A,0x4A,
    0x00,0x00,0x00,0x00,0x50,0x50,0x00,0x00,0x51,0x51,0x00,0x00,0x00,0x00,0x00,0x00,
    0x00,0x00,0x00,0x00,0x59,0x59,0x59,0x59,0x29,0x29,0x78,0x78,0x48,0x48,0x00,0x00,
    0x01,0x01,0x11,0x11,0x39,0x39,0x00,0x00,0x00,0x00,0x58,0x58,0x00,0x00,0x00,0x00,
    0x00,0x00,0x31,0x31,0x00,0x00,0x00,0x00,0x00,0x00,0x31,0x31,0x59,0x59,0x00,0x00,
    0x51,0x51,0x10,0x10,0x19,0x19,0x29,0x29,0x31,0x31,0x31,0x50,0x38,0x38,0x28,0x28,
    0x00,0x00,0x11,0x11,0x11,0x11,0x31,0x31,0x29,0x29,0x10,0x10,0x10,0x10,0x28,0x28,
    0x31,0x31,0x29,0x29,0x01,0x29,0x31,0x31,0x29,0x29,0x11,0x51,0x31,0x31,0x01,0x01,
    0x01,0x01,0x09,0x29,0x01,0x01,0x31,0x31,0x51,0x51,0x01,0x29,0x01,0x01,0x31,0x31,
    0x01,0x01,0x29,0x29,0x01,0x01,0x01,0x01,0x01,0x01,0x29,0x29,0x29,0x29,0x01,0x01,
    0x01,0x01,0x51,0x51,0x29,0x29,0x01,0x01,0x01,0x01,0x29,0x51,0x29,0x29,0x01,0x01,
    0x0B,0x0B,0x13,0x13,0x13,0x2B,0x2B,0x2B,0x2B,0x2B,0x0B,0x2B,0x03,0x03,0x03,0x03,
    0x03,0x03,0x5B,0x5B,0x33,0x53,0x03,0x03,0x33,0x33,0x2B,0x2B,0x2B,0x2B,0x03,0x03,
    0x33,0x33,0x03,0x3B,0x2B,0x2B,0x2B,0x2B,0x33,0x1B,0x13,0x33,0x53,0x03,0x03,0x03,
    0x03,0x03,0x13,0x13,0x2B,0x2B,0x0B,0x0B,0x3B,0x53,0x33,0x13,0x03,0x33,0x2B,0x2B,
    0x0B,0x0B,0x03,0x33,0x1B,0x13,0x13,0x3B,0x33,0x33,0x2B,0x2B,0x2B,0x2B,0x02,0x02,
    0x53,0x2B,0x13,0x53,0x1B,0x13,0x13,0x13,0x2B,0x13,0x3B,0x2B,0x5B,0x2B,0x13,0x13,
    0x02,0x02,0x02,0x02,0x70,0x52,0x02,0x02,0x3A,0x72,0x52,0x3A,0x2B,0x2B,0x02,0x02,
    0x02,0x02,0x5A,0x5A,0x1B,0x3A,0x13,0x33,0x3B,0x5A,0x1A,0x1B,0x3B,0x2B,0x2B,0x2B,
    0x2A,0x2A,0x42,0x42,0x5B,0x5B,0x33,0x33,0x2A,0x2A,0x33,0x2B,0x02,0x02,0x02,0x02,
    0x6A,0x6A,0x6A,0x6A,0x4A,0x4A,0x3A,0x3A,0x6A,0x6A,0x4A,0x4A,0x02,0x02,0x02,0x02,
    0x02,0x02,0x02,0x02,0x02,0x02,0x32,0x5A,0x4A,0x4A,0x33,0x7B,0x22,0x22,0x02,0x02,
    0x02,0x02,0x20,0x20,0x60,0x78,0x32,0x5A,0x7B,0x70,0x33,0x33,0x52,0x5B,0x3B,0x53,
    0x48,0x48,0x6A,0x6A,0x50,0x50,0x78,0x78,0x28,0x28,0x50,0x50,0x78,0x78,0x00,0x00,
    0x28,0x28,0x00,0x00,0x20,0x20,0x00,0x00,0x28,0x28,0x42,0x42,0x4A,0x4A,0x00,0x00,
    0x00,0x00,0x00,0x00,0x00,0x00,0x00,0x00,0x28,0x28,0x00,0x28,0x50,0x50,0x00,0x00,
    0x00,0x00,0x00,0x00,0x28,0x28,0x00,0x00,0x50,0x50,0x00,0x00,0x00,0x00,0x00,0x00,
    0x52,0x52,0x2A,0x2A,0x02,0x2A,0x2A,0x2A,0x02,0x02,0x2A,0x52,0x02,0x02,0x02,0x02,
    0x02,0x02,0x2A,0x2A,0x52,0x52,0x02,0x02,0x02,0x02,0x3A,0x3A,0x02,0x02,0x02,0x02,
    0x4A,0x4A,0x02,0x02,0x4A,0x02,0x6A,0x6A,0x60,0x60,0x2A,0x52,0x22,0x22,0x02,0x02,
    0x02,0x02,0x4A,0x4A,0x42,0x2A,0x6A,0x6A,0x60,0x60,0x72,0x2A,0x32,0x22,0x32,0x32,
    0x42,0x42,0x42,0x22,0x6A,0x52,0x22,0x42,0x72,0x6A,0x6A,0x4A,0x60,0x60,0x00,0x00,
    0x00,0x00,0x6A,0x6A,0x62,0x6A,0x4A,0x6A,0x4A,0x52,0x4A,0x4A,0x2A,0x2A,0x2A,0x2A,
    0x00,0x00,0x4A,0x4A,0x20,0x20,0x00,0x00,0x50,0x28,0x00,0x40,0x40,0x50,0x00,0x00,
    0x30,0x30,0x48,0x48,0x68,0x20,0x50,0x68,0x48,0x50,0x40,0x68,0x48,0x68,0x4A,0x4A,
    0x10,0x10,0x28,0x50,0x38,0x48,0x00,0x00,0x50,0x50,0x48,0x28,0x00,0x00,0x00,0x00,
    0x00,0x00,0x18,0x18,0x18,0x50,0x50,0x50,0x30,0x30,0x50,0x50,0x2A,0x2A,0x00,0x00,
    0x19,0x19,0x59,0x50,0x00,0x00,0x00,0x00,0x30,0x28,0x39,0x28,0x00,0x50,0x28,0x28,
    0x00,0x00,0x10,0x10,0x7A,0x38,0x50,0x50,0x31,0x18,0x58,0x30,0x31,0x00,0x68,0x68,
    0x11,0x38,0x19,0x18,0x30,0x10,0x10,0x28,0x28,0x19,0x30,0x30,0x30,0x28,0x01,0x01,
    0x01,0x01,0x09,0x38,0x28,0x00,0x10,0x00,0x19,0x28,0x30,0x30,0x30,0x30,0x28,0x28,
    0x01,0x01,0x09,0x09,0x09,0x09,0x01,0x01,0x11,0x39,0x38,0x10,0x09,0x29,0x01,0x01,
    0x01,0x01,0x01,0x01,0x39,0x39,0x29,0x29,0x29,0x29,0x38,0x38,0x09,0x09,0x29,0x29,
    0x03,0x03,0x03,0x03,0x5A,0x5A,0x03,0x03,0x03,0x03,0x03,0x03,0x03,0x03,0x03,0x03,
    0x03,0x03,0x03,0x03,0x03,0x03,0x03,0x03,0x03,0x03,0x53,0x53,0x03,0x03,0x03,0x03,
    0x03,0x03,0x13,0x13,0x1B,0x5B,0x03,0x03,0x03,0x03,0x13,0x5A,0x33,0x33,0x03,0x03,
    0x03,0x03,0x03,0x03,0x03,0x03,0x2B,0x2B,0x72,0x72,0x13,0x13,0x13,0x13,0x0B,0x0B,
    0x02,0x02,0x3B,0x3B,0x32,0x32,0x32,0x32,0x02,0x02,0x52,0x52,0x02,0x02,0x02,0x02,
    0x02,0x02,0x02,0x02,0x0A,0x0A,0x3B,0x3B,0x70,0x70,0x0A,0x0A,0x0A,0x0A,0x33,0x33,
    0x02,0x02,0x02,0x02,0x02,0x02,0x5B,0x5B,0x02,0x02,0x72,0x72,0x5B,0x5B,0x02,0x02,
    0x02,0x02,0x02,0x02,0x6A,0x68,0x02,0x02,0x02,0x02,0x2A,0x2A,0x2A,0x2A,0x3A,0x3A,
    0x50,0x50,0x48,0x48,0x50,0x50,0x02,0x02,0x02,0x02,0x68,0x68,0x02,0x02,0x02,0x02,
    0x02,0x02,0x02,0x02,0x70,0x70,0x02,0x02,0x48,0x48,0x50,0x50,0x02,0x02,0x02,0x02,
    0x02,0x02,0x42,0x42,0x48,0x48,0x50,0x50,0x28,0x28,0x6A,0x6A,0x28,0x28,0x02,0x02,
    0x02,0x02,0x02,0x02,0x40,0x40,0x48,0x48,0x48,0x48,0x68,0x72,0x60,0x60,0x6A,0x6A,
    0x00,0x00,0x28,0x28,0x20,0x20,0x6A,0x6A,0x00,0x00,0x48,0x48,0x00,0x00,0x00,0x00,
    0x00,0x00,0x28,0x48,0x00,0x28,0x00,0x00,0x00,0x00,0x00,0x28,0x00,0x50,0x68,0x68,
    0x00,0x00,0x00,0x00,0x38,0x38,0x72,0x72,0x00,0x00,0x00,0x28,0x50,0x50,0x00,0x00,
    0x00,0x00,0x00,0x00,0x30,0x30,0x28,0x28,0x00,0x00,0x00,0x00,0x28,0x28,0x00,0x00,
    0x02,0x02,0x02,0x02,0x02,0x02,0x02,0x02,0x02,0x02,0x02,0x02,0x02,0x02,0x02,0x02,
    0x02,0x02,0x02,0x02,0x02,0x02,0x02,0x02,0x02,0x02,0x02,0x02,0x02,0x02,0x02,0x02,
    0x02,0x02,0x02,0x02,0x02,0x02,0x02,0x02,0x02,0x02,0x02,0x02,0x30,0x30,0x02,0x02,
    0x02,0x02,0x02,0x02,0x28,0x28,0x50,0x50,0x50,0x50,0x59,0x59,0x20,0x20,0x02,0x02,
    0x38,0x38,0x59,0x30,0x39,0x59,0x30,0x30,0x38,0x38,0x48,0x48,0x72,0x72,0x00,0x00,
    0x00,0x00,0x39,0x59,0x28,0x58,0x18,0x30,0x30,0x30,0x28,0x28,0x00,0x00,0x28,0x28,
    0x00,0x00,0x00,0x00,0x50,0x50,0x00,0x00,0x00,0x00,0x38,0x38,0x28,0x28,0x28,0x28,
    0x00,0x00,0x00,0x00,0x39,0x29,0x18,0x39,0x31,0x31,0x29,0x51,0x30,0x28,0x68,0x68,
    0x51,0x01,0x09,0x38,0x31,0x29,0x31,0x31,0x29,0x29,0x29,0x29,0x00,0x00,0x00,0x00,
    0x51,0x51,0x31,0x31,0x29,0x29,0x29,0x29,0x29,0x29,0x31,0x31,0x39,0x39,0x00,0x00,
    0x29,0x29,0x11,0x51,0x59,0x31,0x29,0x11,0x31,0x09,0x29,0x39,0x29,0x51,0x38,0x38,
    0x00,0x00,0x29,0x29,0x29,0x09,0x11,0x29,0x31,0x09,0x11,0x31,0x29,0x29,0x19,0x59,
    0x29,0x29,0x29,0x29,0x29,0x29,0x11,0x29,0x29,0x29,0x51,0x29,0x01,0x01,0x01,0x01,
    0x01,0x01,0x31,0x31,0x29,0x29,0x11,0x29,0x01,0x01,0x09,0x29,0x51,0x51,0x11,0x58,
    0x01,0x01,0x29,0x29,0x29,0x29,0x38,0x38,0x01,0x01,0x29,0x29,0x38,0x38,0x38,0x38,
    0x01,0x01,0x01,0x01,0x29,0x29,0x38,0x38,0x01,0x01,0x01,0x29,0x09,0x09,0x09,0x29,
    0x33,0x13,0x3A,0x2B,0x33,0x2B,0x2B,0x2B,0x2B,0x2B,0x2B,0x53,0x03,0x03,0x03,0x03,
    0x33,0x33,0x03,0x03,0x0B,0x0B,0x03,0x03,0x13,0x13,0x2B,0x2B,0x03,0x03,0x03,0x03,
    0x3B,0x3B,0x13,0x2B,0x33,0x2B,0x2B,0x2B,0x2B,0x0B,0x2B,0x2B,0x03,0x03,0x03,0x03,
    0x2A,0x2A,0x1B,0x1B,0x2B,0x13,0x2B,0x2B,0x33,0x13,0x2B,0x0B,0x2B,0x53,0x33,0x33,
    0x13,0x13,0x33,0x33,0x13,0x2B,0x0B,0x2B,0x53,0x1B,0x13,0x2B,0x3B,0x3B,0x02,0x02,
    0x2B,0x2B,0x5B,0x33,0x33,0x2B,0x0B,0x0B,0x33,0x1B,0x53,0x33,0x13,0x13,0x02,0x02,
    0x02,0x02,0x02,0x02,0x2B,0x2B,0x02,0x02,0x33,0x33,0x53,0x2B,0x02,0x02,0x02,0x02,
    0x02,0x02,0x02,0x02,0x3B,0x1B,0x03,0x03,0x53,0x1B,0x2B,0x33,0x2B,0x2B,0x53,0x53,
    0x5B,0x5B,0x33,0x2B,0x3B,0x2B,0x33,0x2B,0x33,0x3B,0x1B,0x33,0x02,0x02,0x02,0x02,
    0x02,0x02,0x02,0x02,0x5A,0x5A,0x02,0x02,0x02,0x02,0x4A,0x4A,0x32,0x32,0x02,0x02,
    0x02,0x02,0x5B,0x5B,0x12,0x12,0x3A,0x3A,0x32,0x32,0x2B,0x53,0x3B,0x3B,0x02,0x02,
    0x02,0x02,0x02,0x02,0x33,0x53,0x5B,0x5B,0x3B,0x32,0x3B,0x3B,0x32,0x32,0x33,0x33,
    0x00,0x00,0x00,0x00,0x72,0x72,0x33,0x33,0x78,0x78,0x00,0x00,0x00,0x00,0x00,0x00,
    0x00,0x00,0x00,0x00,0x50,0x50,0x00,0x00,0x00,0x00,0x00,0x00,0x00,0x00,0x00,0x00,
    0x00,0x00,0x00,0x00,0x00,0x00,0x00,0x00,0x00,0x00,0x00,0x00,0x00,0x00,0x00,0x00,
    0x00,0x00,0x00,0x00,0x00,0x00,0x00,0x00,0x00,0x00,0x00,0x00,0x00,0x00,0x00,0x00,
    0x6A,0x6A,0x2A,0x2A,0x4A,0x4A,0x02,0x02,0x02,0x02,0x02,0x02,0x02,0x02,0x02,0x02,
    0x48,0x48,0x02,0x02,0x2A,0x2A,0x02,0x02,0x02,0x02,0x02,0x02,0x02,0x02,0x02,0x02,
    0x68,0x68,0x4A,0x4A,0x68,0x68,0x2A,0x2A,0x68,0x72,0x2A,0x2A,0x2A,0x2A,0x02,0x02,
    0x02,0x02,0x68,0x68,0x40,0x40,0x02,0x02,0x40,0x40,0x62,0x62,0x68,0x68,0x02,0x02,
    0x4A,0x4A,0x62,0x62,0x62,0x68,0x72,0x72,0x50,0x50,0x42,0x52,0x2A,0x2A,0x00,0x00,
    0x32,0x32,0x6A,0x6A,0x6A,0x5A,0x32,0x32,0x52,0x60,0x60,0x60,0x60,0x60,0x68,0x68,
    0x00,0x00,0x00,0x00,0x28,0x28,0x00,0x00,0x48,0x48,0x28,0x28,0x00,0x00,0x00,0x00,
    0x00,0x00,0x28,0x28,0x00,0x50,0x50,0x50,0x48,0x48,0x70,0x68,0x48,0x48,0x00,0x00,
    0x38,0x38,0x50,0x50,0x38,0x38,0x00,0x00,0x58,0x58,0x70,0x70,0x00,0x00,0x00,0x00,
    0x49,0x49,0x00,0x00,0x39,0x39,0x00,0x00,0x31,0x31,0x00,0x00,0x50,0x50,0x00,0x00,
    0x19,0x19,0x19,0x19,0x18,0x18,0x50,0x50,0x59,0x59,0x10,0x10,0x00,0x00,0x00,0x00,
    0x00,0x00,0x00,0x00,0x10,0x50,0x00,0x00,0x39,0x39,0x50,0x38,0x09,0x09,0x00,0x00,
    0x31,0x31,0x10,0x50,0x10,0x28,0x30,0x30,0x31,0x31,0x30,0x30,0x01,0x01,0x01,0x01,
    0x01,0x01,0x30,0x30,0x10,0x28,0x28,0x28,0x11,0x11,0x18,0x58,0x39,0x39,0x01,0x01,
    0x01,0x01,0x51,0x51,0x29,0x29,0x01,0x01,0x01,0x01,0x38,0x38,0x29,0x29,0x01,0x01,
    0x01,0x01,0x01,0x01,0x01,0x01,0x01,0x01,0x51,0x51,0x31,0x31,0x31,0x31,0x01,0x01,
    0x1B,0x1B,0x53,0x0B,0x2A,0x32,0x32,0x32,0x13,0x13,0x0B,0x3A,0x2B,0x2B,0x03,0x03,
    0x03,0x03,0x0B,0x0B,0x52,0x3B,0x2B,0x2B,0x3B,0x3B,0x03,0x03,0x03,0x03,0x33,0x33,
    0x1A,0x1A,0x32,0x3A,0x12,0x3A,0x5B,0x13,0x2A,0x32,0x1A,0x32,0x33,0x5B,0x2B,0x2B,
    0x03,0x03,0x33,0x33,0x32,0x3A,0x1B,0x1B,0x32,0x52,0x1A,0x32,0x3A,0x3B,0x03,0x03,
    0x4A,0x52,0x1B,0x5B,0x5B,0x5A,0x3B,0x5B,0x5B,0x52,0x3B,0x1A,0x0A,0x0A,0x02,0x02,
    0x33,0x33,0x5B,0x3B,0x5B,0x3A,0x3B,0x3B,0x72,0x72,0x3B,0x52,0x33,0x2B,0x03,0x2B,
    0x02,0x02,0x52,0x52,0x52,0x72,0x3B,0x3B,0x52,0x28,0x6A,0x52,0x5A,0x5A,0x02,0x02,
    0x02,0x02,0x70,0x70,0x68,0x68,0x52,0x52,0x68,0x68,0x5B,0x5B,0x3B,0x52,0x32,0x3B,
    0x60,0x60,0x2A,0x42,0x60,0x42,0x62,0x48,0x2A,0x52,0x2A,0x42,0x68,0x68,0x02,0x02,
    0x02,0x02,0x60,0x60,0x50,0x48,0x4A,0x72,0x62,0x62,0x68,0x6A,0x62,0x62,0x52,0x52,
    0x40,0x40,0x68,0x68,0x60,0x62,0x4A,0x4A,0x62,0x48,0x62,0x6A,0x6A,0x42,0x0A,0x0A,
    0x02,0x02,0x60,0x48,0x68,0x48,0x62,0x48,0x60,0x40,0x60,0x68,0x60,0x60,0x02,0x2A,
    0x50,0x50,0x68,0x48,0x40,0x68,0x68,0x52,0x52,0x70,0x68,0x4A,0x70,0x70,0x00,0x00,
    0x28,0x28,0x50,0x40,0x68,0x20,0x68,0x4A,0x70,0x48,0x28,0x28,0x72,0x48,0x72,0x72,
    0x00,0x00,0x28,0x28,0x28,0x28,0x00,0x00,0x00,0x28,0x28,0x00,0x28,0x28,0x00,0x00,
    0x00,0x00,0x00,0x00,0x00,0x00,0x28,0x28,0x28,0x28,0x28,0x48,0x28,0x28,0x00,0x00,
    0x02,0x02,0x52,0x52,0x02,0x02,0x02,0x02,0x02,0x02,0x02,0x02,0x02,0x02,0x02,0x02,
    0x02,0x02,0x02,0x02,0x02,0x02,0x02,0x02,0x02,0x02,0x02,0x02,0x02,0x02,0x02,0x02,
    0x02,0x02,0x68,0x68,0x70,0x70,0x48,0x48,0x38,0x38,0x60,0x60,0x72,0x72,0x02,0x02,
    0x02,0x02,0x59,0x59,0x51,0x59,0x28,0x28,0x31,0x31,0x58,0x58,0x50,0x50,0x52,0x52,
    0x19,0x19,0x79,0x29,0x29,0x51,0x70,0x52,0x51,0x31,0x78,0x79,0x50,0x50,0x00,0x00,
    0x18,0x18,0x59,0x29,0x31,0x51,0x50,0x50,0x39,0x58,0x30,0x58,0x68,0x6A,0x6A,0x6A,
    0x00,0x00,0x48,0x48,0x50,0x70,0x50,0x50,0x39,0x39,0x50,0x58,0x28,0x72,0x72,0x72,
    0x00,0x00,0x11,0x31,0x31,0x39,0x58,0x38,0x01,0x09,0x59,0x39,0x48,0x48,0x52,0x6A,
    0x11,0x11,0x30,0x19,0x31,0x19,0x18,0x39,0x38,0x11,0x38,0x30,0x31,0x31,0x00,0x00,
    0x38,0x38,0x51,0x51,0x11,0x59,0x38,0x38,0x29,0x29,0x11,0x11,0x38,0x38,0x28,0x28,
    0x09,0x09,0x19,0x59,0x19,0x19,0x30,0x30,0x11,0x11,0x19,0x19,0x30,0x19,0x08,0x08,
    0x00,0x00,0x19,0x29,0x31,0x29,0x19,0x29,0x11,0x11,0x11,0x11,0x29,0x11,0x38,0x58,
    0x01,0x51,0x11,0x09,0x11,0x11,0x59,0x11,0x29,0x29,0x01,0x11,0x31,0x31,0x01,0x01,
    0x01,0x01,0x09,0x29,0x11,0x01,0x31,0x19,0x29,0x29,0x29,0x11,0x31,0x39,0x11,0x30,
    0x31,0x31,0x29,0x29,0x29,0x29,0x09,0x09,0x29,0x29,0x29,0x39,0x01,0x30,0x51,0x51,
    0x01,0x01,0x29,0x51,0x51,0x29,0x01,0x29,0x29,0x29,0x09,0x09,0x01,0x31,0x51,0x01,
    0x13,0x13,0x03,0x03,0x2B,0x0B,0x2B,0x2B,0x2B,0x2B,0x03,0x2B,0x2B,0x2B,0x03,0x03,
    0x03,0x03,0x13,0x13,0x2B,0x2B,0x2B,0x2B,0x3B,0x3B,0x03,0x03,0x0B,0x0B,0x03,0x03,
    0x1A,0x1A,0x03,0x33,0x0B,0x03,0x33,0x2B,0x2B,0x13,0x0B,0x0B,0x33,0x53,0x2B,0x2B,
    0x03,0x03,0x13,0x3A,0x33,0x33,0x13,0x13,0x33,0x1B,0x13,0x13,0x0B,0x13,0x0B,0x2B,
    0x1B,0x1B,0x2B,0x13,0x1B,0x1A,0x3B,0x3A,0x3B,0x53,0x13,0x13,0x33,0x1B,0x02,0x02,
    0x3A,0x3A,0x1A,0x32,0x12,0x1A,0x5B,0x32,0x3A,0x12,0x1B,0x13,0x13,0x13,0x5B,0x13,
    0x02,0x02,0x2A,0x2A,0x3A,0x1A,0x2B,0x2B,0x32,0x32,0x32,0x2B,0x3A,0x3A,0x02,0x02,
    0x02,0x02,0x2A,0x2A,0x32,0x12,0x32,0x3A,0x3A,0x12,0x1A,0x1A,0x1A,0x1A,0x3A,0x03,
    0x4A,0x4A,0x42,0x42,0x2B,0x70,0x53,0x2B,0x2A,0x2A,0x3A,0x3A,0x02,0x02,0x02,0x02,
    0x02,0x02,0x62,0x62,0x53,0x70,0x53,0x53,0x48,0x48,0x42,0x42,0x2A,0x2A,0x02,0x02,
    0x20,0x20,0x22,0x22,0x2A,0x2A,0x3A,0x52,0x2A,0x42,0x32,0x32,0x2A,0x02,0x33,0x33,
    0x02,0x02,0x42,0x42,0x52,0x32,0x5A,0x5A,0x5A,0x70,0x52,0x3A,0x2A,0x4A,0x2A,0x5A,
    0x28,0x28,0x62,0x62,0x5A,0x70,0x5A,0x5A,0x68,0x68,0x32,0x52,0x68,0x68,0x00,0x00,
    0x00,0x00,0x48,0x48,0x62,0x62,0x00,0x00,0x4A,0x4A,0x42,0x42,0x42,0x42,0x00,0x00,
    0x00,0x00,0x00,0x00,0x50,0x50,0x00,0x00,0x00,0x00,0x50,0x50,0x50,0x50,0x00,0x00,
    0x00,0x00,0x00,0x00,0x00,0x00,0x00,0x00,0x00,0x00,0x00,0x00,0x00,0x00,0x00,0x00,
    0x02,0x02,0x0A,0x0A,0x2A,0x2A,0x52,0x52,0x02,0x02,0x2A,0x2A,0x02,0x02,0x02,0x02,
    0x02,0x02,0x2A,0x2A,0x22,0x52,0x02,0x02,0x4A,0x4A,0x72,0x72,0x52,0x52,0x52,0x52,
    0x68,0x68,0x52,0x72,0x42,0x2A,0x52,0x52,0x70,0x40,0x52,0x4A,0x22,0x22,0x02,0x02,
    0x02,0x02,0x2A,0x2A,0x22,0x4A,0x4A,0x4A,0x40,0x40,0x6A,0x48,0x48,0x48,0x5A,0x5A,
    0x68,0x68,0x4A,0x2A,0x40,0x40,0x70,0x50,0x48,0x20,0x68,0x62,0x72,0x60,0x00,0x00,
    0x68,0x68,0x62,0x68,0x40,0x60,0x48,0x40,0x28,0x40,0x62,0x60,0x60,0x42,0x4A,0x2A,
    0x50,0x50,0x62,0x62,0x62,0x62,0x6A,0x6A,0x28,0x28,0x48,0x70,0x40,0x40,0x52,0x52,
    0x00,0x00,0x28,0x28,0x00,0x48,0x68,0x28,0x28,0x00,0x20,0x60,0x20,0x20,0x40,0x70,
    0x29,0x29,0x31,0x31,0x09,0x09,0x58,0x58,0x79,0x79,0x58,0x70,0x00,0x00,0x00,0x00,
    0x00,0x00,0x31,0x31,0x48,0x31,0x00,0x00,0x01,0x01,0x31,0x31,0x39,0x39,0x00,0x00,
    0x09,0x29,0x10,0x10,0x38,0x59,0x72,0x68,0x29,0x09,0x11,0x19,0x00,0x00,0x72,0x72,
    0x00,0x00,0x28,0x08,0x38,0x38,0x30,0x70,0x29,0x09,0x39,0x39,0x11,0x19,0x50,0x72,
    0x11,0x11,0x39,0x19,0x29,0x38,0x38,0x50,0x01,0x01,0x39,0x18,0x09,0x09,0x01,0x01,
    0x31,0x31,0x29,0x01,0x11,0x19,0x18,0x28,0x11,0x11,0x09,0x19,0x31,0x11,0x10,0x10,
    0x01,0x01,0x51,0x51,0x09,0x51,0x29,0x29,0x29,0x29,0x39,0x31,0x01,0x51,0x01,0x01,
    0x01,0x01,0x51,0x51,0x11,0x29,0x38,0x38,0x31,0x31,0x31,0x39,0x31,0x29,0x19,0x30,
    0x03,0x03,0x3B,0x3B,0x03,0x03,0x03,0x03,0x03,0x03,0x53,0x53,0x03,0x03,0x03,0x03,
    0x03,0x03,0x2B,0x2B,0x13,0x13,0x03,0x03,0x03,0x03,0x2B,0x2B,0x13,0x13,0x2B,0x2B,
    0x03,0x03,0x33,0x0B,0x13,0x3A,0x3A,0x3A,0x2A,0x2A,0x2B,0x3B,0x13,0x13,0x5B,0x5B,
    0x03,0x03,0x32,0x32,0x3A,0x12,0x33,0x33,0x32,0x32,0x3A,0x53,0x32,0x3B,0x33,0x2B,
    0x02,0x02,0x33,0x33,0x52,0x4A,0x53,0x5A,0x02,0x02,0x5B,0x78,0x02,0x02,0x02,0x02,
    0x02,0x02,0x3A,0x3A,0x52,0x52,0x2B,0x5B,0x02,0x02,0x2A,0x2A,0x32,0x32,0x12,0x12,
    0x02,0x02,0x0A,0x0A,0x32,0x32,0x33,0x33,0x02,0x02,0x70,0x70,0x32,0x32,0x2B,0x2B,
    0x02,0x02,0x02,0x02,0x6A,0x6A,0x02,0x02,0x02,0x02,0x72,0x72,0x22,0x22,0x33,0x2B,
    0x02,0x02,0x02,0x02,0x48,0x48,0x02,0x02,0x02,0x02,0x70,0x70,0x02,0x02,0x02,0x02,
    0x02,0x02,0x02,0x02,0x28,0x28,0x02,0x02,0x02,0x02,0x02,0x02,0x48,0x48,0x02,0x02,
    0x28,0x28,0x42,0x42,0x40,0x68,0x68,0x68,0x20,0x20,0x68,0x68,0x20,0x20,0x02,0x02,
    0x02,0x02,0x68,0x68,0x40,0x40,0x68,0x70,0x28,0x28,0x48,0x48,0x40,0x48,0x42,0x68,
    0x00,0x00,0x20,0x20,0x00,0x00,0x48,0x48,0x00,0x00,0x48,0x48,0x00,0x00,0x00,0x00,
    0x00,0x00,0x79,0x79,0x00,0x00,0x68,0x68,0x00,0x00,0x00,0x00,0x08,0x08,0x08,0x08,
    0x00,0x00,0x30,0x30,0x00,0x00,0x2A,0x52,0x00,0x00,0x28,0x28,0x00,0x00,0x2A,0x2A,
    0x00,0x00,0x00,0x00,0x00,0x00,0x50,0x50,0x00,0x00,0x50,0x50,0x50,0x58,0x52,0x68,
    0x02,0x02,0x02,0x02,0x02,0x02,0x02,0x02,0x02,0x02,0x02,0x02,0x02,0x02,0x02,0x02,
    0x02,0x02,0x02,0x02,0x02,0x02,0x02,0x02,0x02,0x02,0x02,0x02,0x02,0x02,0x02,0x02,
    0x02,0x02,0x02,0x02,0x68,0x68,0x02,0x02,0x02,0x02,0x6A,0x6A,0x02,0x02,0x02,0x02,
    0x02,0x02,0x4A,0x4A,0x02,0x02,0x02,0x02,0x02,0x02,0x72,0x72,0x7A,0x7A,0x52,0x52,
    0x00,0x00,0x72,0x72,0x59,0x4A,0x31,0x31,0x30,0x30,0x51,0x51,0x00,0x00,0x00,0x00,
    0x00,0x00,0x72,0x72,0x7A,0x7A,0x39,0x39,0x51,0x51,0x72,0x72,0x6A,0x6A,0x42,0x42,
    0x00,0x00,0x20,0x20,0x28,0x28,0x70,0x70,0x00,0x00,0x00,0x00,0x28,0x28,0x52,0x52,
    0x00,0x00,0x00,0x00,0x39,0x39,0x38,0x38,0x29,0x29,0x59,0x51,0x59,0x39,0x68,0x6A,
    0x00,0x00,0x00,0x00,0x29,0x29,0x00,0x00,0x29,0x29,0x29,0x29,0x00,0x00,0x00,0x00,
    0x00,0x00,0x00,0x00,0x59,0x59,0x00,0x00,0x00,0x00,0x00,0x00,0x29,0x29,0x00,0x00,
    0x59,0x59,0x18,0x18,0x31,0x31,0x51,0x31,0x09,0x09,0x31,0x39,0x29,0x51,0x58,0x58,
    0x00,0x00,0x31,0x31,0x29,0x29,0x31,0x31,0x29,0x01,0x09,0x29,0x09,0x11,0x28,0x31,
    0x01,0x01,0x29,0x01,0x51,0x51,0x39,0x39,0x29,0x29,0x29,0x29,0x31,0x31,0x01,0x01,
    0x01,0x01,0x29,0x29,0x29,0x51,0x31,0x39,0x51,0x51,0x01,0x01,0x29,0x29,0x09,0x58,
    0x01,0x01,0x29,0x01,0x29,0x29,0x38,0x39,0x01,0x01,0x29,0x29,0x01,0x29,0x10,0x58,
    0x01,0x01,0x29,0x29,0x01,0x29,0x29,0x29,0x01,0x01,0x29,0x29,0x31,0x29,0x39,0x31,
    0x13,0x13,0x03,0x2B,0x03,0x03,0x03,0x03,0x5B,0x33,0x2B,0x2B,0x33,0x33,0x03,0x03,
    0x3B,0x3A,0x2B,0x53,0x33,0x2B,0x03,0x03,0x1B,0x1B,0x2B,0x2B,0x13,0x03,0x4B,0x4B,
    0x33,0x3B,0x2B,0x2B,0x13,0x33,0x2B,0x2B,0x33,0x3A,0x2B,0x2B,0x13,0x2B,0x03,0x03,
    0x53,0x53,0x5B,0x53,0x2B,0x2B,0x73,0x2B,0x33,0x13,0x0B,0x0B,0x2B,0x2B,0x2B,0x2B,
    0x13,0x3B,0x13,0x0B,0x13,0x1B,0x23,0x2B,0x3A,0x5A,0x13,0x2B,0x33,0x33,0x02,0x02,
    0x53,0x53,0x2B,0x2B,0x1A,0x1B,0x2B,0x2B,0x53,0x33,0x1B,0x13,0x33,0x33,0x2B,0x2B,
    0x02,0x02,0x02,0x02,0x02,0x02,0x02,0x02,0x02,0x02,0x02,0x02,0x02,0x02,0x02,0x02,
    0x02,0x02,0x53,0x53,0x2B,0x2B,0x2B,0x2B,0x3A,0x3A,0x02,0x02,0x03,0x03,0x02,0x02,
    0x72,0x28,0x2A,0x52,0x3A,0x12,0x2B,0x53,0x52,0x52,0x5B,0x5B,0x02,0x02,0x02,0x02,
    0x72,0x72,0x72,0x42,0x52,0x52,0x02,0x02,0x62,0x62,0x32,0x32,0x4A,0x4A,0x02,0x02,
    0x68,0x68,0x72,0x72,0x68,0x68,0x33,0x33,0x32,0x12,0x7B,0x53,0x4A,0x4A,0x33,0x33,
    0x02,0x02,0x02,0x02,0x7B,0x7B,0x02,0x02,0x7B,0x3B,0x5B,0x5B,0x3A,0x3A,0x2B,0x2B,
    0x30,0x30,0x52,0x52,0x78,0x78,0x00,0x00,0x78,0x78,0x50,0x50,0x00,0x00,0x00,0x00,
    0x00,0x00,0x00,0x00,0x70,0x70,0x00,0x00,0x00,0x00,0x50,0x50,0x70,0x70,0x5B,0x5B,
    0x00,0x00,0x00,0x00,0x00,0x00,0x00,0x00,0x00,0x00,0x00,0x00,0x00,0x00,0x00,0x00,
    0x00,0x00,0x00,0x00,0x00,0x00,0x00,0x00,0x00,0x00,0x00,0x00,0x00,0x00,0x00,0x00,
    0x70,0x50,0x5A,0x2A,0x2A,0x2A,0x02,0x02,0x02,0x02,0x02,0x02,0x02,0x02,0x02,0x02,
    0x50,0x50,0x32,0x32,0x02,0x02,0x02,0x02,0x68,0x68,0x2A,0x2A,0x50,0x50,0x02,0x02,
    0x4A,0x2A,0x3A,0x3A,0x6A,0x52,0x2A,0x2A,0x68,0x6A,0x0A,0x0A,0x32,0x32,0x32,0x32,
    0x02,0x02,0x02,0x02,0x4A,0x4A,0x2A,0x2A,0x68,0x68,0x6A,0x42,0x02,0x02,0x02,0x02,
    0x68,0x68,0x4A,0x2A,0x4A,0x3A,0x2A,0x2A,0x70,0x6A,0x2A,0x22,0x52,0x52,0x00,0x00,
    0x02,0x02,0x2A,0x72,0x70,0x6A,0x52,0x2A,0x68,0x52,0x6A,0x6A,0x52,0x4A,0x2A,0x2A,
    0x00,0x00,0x5A,0x5A,0x52,0x52,0x00,0x00,0x00,0x00,0x00,0x00,0x72,0x72,0x00,0x00,
    0x00,0x00,0x00,0x00,0x4A,0x4A,0x00,0x00,0x00,0x00,0x00,0x00,0x4A,0x4A,0x00,0x00,
    0x11,0x39,0x38,0x10,0x28,0x28,0x00,0x00,0x38,0x38,0x00,0x00,0x00,0x00,0x00,0x00,
    0x29,0x30,0x38,0x50,0x50,0x50,0x00,0x00,0x01,0x39,0x59,0x28,0x29,0x59,0x00,0x00,
    0x31,0x39,0x39,0x50,0x30,0x38,0x00,0x00,0x29,0x29,0x28,0x28,0x51,0x50,0x00,0x00,
    0x00,0x00,0x38,0x38,0x50,0x48,0x00,0x00,0x29,0x39,0x30,0x4A,0x59,0x59,0x00,0x00,
    0x29,0x31,0x31,0x31,0x31,0x29,0x28,0x28,0x29,0x11,0x50,0x10,0x59,0x59,0x01,0x01,
    0x31,0x31,0x19,0x59,0x31,0x31,0x38,0x38,0x31,0x39,0x11,0x31,0x09,0x09,0x31,0x31,
    0x29,0x29,0x01,0x01,0x29,0x29,0x01,0x01,0x29,0x29,0x29,0x29,0x29,0x29,0x01,0x01,
    0x01,0x01,0x01,0x01,0x01,0x01,0x01,0x01,0x01,0x01,0x29,0x29,0x01,0x01,0x01,0x01,
    0x3A,0x5B,0x33,0x3B,0x3B,0x13,0x03,0x03,0x3B,0x3B,0x5A,0x13,0x03,0x03,0x03,0x03,
    0x73,0x73,0x33,0x5B,0x13,0x13,0x03,0x03,0x53,0x53,0x3A,0x0B,0x5B,0x2B,0x2B,0x2B,
    0x13,0x33,0x0B,0x03,0x0B,0x13,0x0B,0x0B,0x3B,0x1B,0x33,0x03,0x2B,0x2B,0x2B,0x2B,
    0x03,0x03,0x5A,0x13,0x5B,0x33,0x0B,0x0B,0x5B,0x3B,0x13,0x0B,0x13,0x0B,0x53,0x33,
    0x52,0x4A,0x3A,0x1B,0x1A,0x1A,0x0B,0x13,0x68,0x68,0x12,0x12,0x0A,0x52,0x02,0x02,
    0x52,0x52,0x32,0x32,0x1A,0x1A,0x0B,0x33,0x48,0x70,0x5A,0x3A,0x32,0x32,0x5B,0x0B,
    0x02,0x02,0x33,0x33,0x53,0x53,0x2B,0x2B,0x68,0x68,0x33,0x33,0x3A,0x3A,0x02,0x02,
    0x02,0x02,0x78,0x78,0x5B,0x5B,0x2B,0x2B,0x70,0x70,0x53,0x53,0x0B,0x0B,0x03,0x03,
    0x6A,0x28,0x42,0x22,0x72,0x22,0x2A,0x2A,0x2A,0x72,0x4A,0x2A,0x52,0x52,0x02,0x02,
    0x02,0x02,0x28,0x68,0x70,0x4A,0x2A,0x2A,0x68,0x68,0x68,0x2A,0x6A,0x6A,0x48,0x48,
    0x6A,0x68,0x60,0x4A,0x60,0x60,0x02,0x2A,0x52,0x4A,0x60,0x42,0x4A,0x62,0x2A,0x2A,
    0x02,0x02,0x62,0x52,0x52,0x4A,0x0A,0x32,0x4A,0x72,0x60,0x42,0x60,0x40,0x52,0x2A,
    0x79,0x78,0x48,0x70,0x58,0x70,0x2A,0x2A,0x58,0x58,0x00,0x00,0x28,0x28,0x00,0x00,
    0x70,0x70,0x20,0x78,0x50,0x28,0x42,0x42,0x72,0x28,0x48,0x50,0x50,0x50,0x7A,0x7A,
    0x50,0x50,0x30,0x30,0x68,0x68,0x00,0x00,0x00,0x00,0x20,0x20,0x00,0x00,0x00,0x00,
    0x00,0x00,0x00,0x00,0x00,0x00,0x00,0x00,0x00,0x00,0x78,0x78,0x58,0x58,0x00,0x00,
    0x28,0x30,0x58,0x58,0x02,0x02,0x02,0x02,0x02,0x02,0x02,0x02,0x02,0x02,0x02,0x02,
    0x02,0x02,0x02,0x02,0x02,0x02,0x02,0x02,0x48,0x48,0x02,0x02,0x50,0x50,0x02,0x02,
    0x28,0x50,0x40,0x40,0x30,0x00,0x52,0x52,0x48,0x48,0x68,0x68,0x28,0x28,0x02,0x02,
    0x02,0x02,0x48,0x28,0x48,0x48,0x50,0x28,0x29,0x11,0x30,0x38,0x58,0x48,0x50,0x50,
    0x10,0x30,0x30,0x28,0x38,0x48,0x70,0x28,0x30,0x29,0x30,0x30,0x40,0x40,0x50,0x50,
    0x30,0x30,0x58,0x50,0x30,0x10,0x40,0x28,0x38,0x38,0x38,0x30,0x28,0x48,0x60,0x50,
    0x00,0x00,0x40,0x40,0x72,0x72,0x6A,0x6A,0x59,0x59,0x79,0x79,0x48,0x48,0x68,0x68,
    0x00,0x00,0x79,0x79,0x50,0x50,0x28,0x28,0x31,0x09,0x79,0x79,0x20,0x20,0x4A,0x4A,
    0x09,0x31,0x18,0x19,0x19,0x38,0x59,0x30,0x38,0x18,0x30,0x28,0x31,0x31,0x00,0x00,
    0x29,0x29,0x29,0x31,0x29,0x38,0x38,0x38,0x31,0x11,0x18,0x30,0x39,0x39,0x30,0x30,
    0x09,0x29,0x19,0x19,0x11,0x11,0x59,0x39,0x19,0x38,0x19,0x18,0x31,0x29,0x08,0x50,
    0x00,0x00,0x18,0x11,0x09,0x19,0x19,0x11,0x11,0x39,0x18,0x10,0x11,0x09,0x10,0x10,
    0x29,0x01,0x01,0x09,0x01,0x09,0x11,0x01,0x51,0x01,0x01,0x31,0x29,0x01,0x01,0x01,
    0x01,0x01,0x29,0x29,0x09,0x01,0x11,0x01,0x29,0x01,0x09,0x01,0x09,0x01,0x29,0x11,
    0x01,0x01,0x09,0x09,0x09,0x09,0x31,0x31,0x29,0x29,0x29,0x51,0x31,0x31,0x01,0x01,
    0x01,0x01,0x01,0x01,0x01,0x01,0x01,0x01,0x29,0x29,0x09,0x51,0x01,0x01,0x29,0x29,
    0x2B,0x2B,0x33,0x2B,0x03,0x2B,0x03,0x03,0x2B,0x03,0x2B,0x2B,0x03,0x03,0x03,0x03,
    0x3A,0x3A,0x53,0x33,0x2B,0x2B,0x2B,0x2B,0x0B,0x53,0x0B,0x0B,0x2B,0x2B,0x2B,0x2B,
    0x32,0x0B,0x13,0x3B,0x13,0x33,0x2B,0x2B,0x13,0x3B,0x13,0x0B,0x53,0x5B,0x2B,0x2B,
    0x03,0x03,0x0B,0x0B,0x1B,0x13,0x2B,0x2B,0x13,0x3A,0x13,0x0B,0x13,0x13,0x0B,0x0B,
    0x2B,0x33,0x0B,0x13,0x13,0x13,0x3A,0x03,0x3B,0x1A,0x3A,0x1B,0x33,0x13,0x02,0x02,
    0x33,0x33,0x33,0x3B,0x1A,0x1B,0x5B,0x0B,0x32,0x5A,0x1B,0x0B,0x32,0x3A,0x0B,0x0B,
    0x02,0x02,0x1B,0x1B,0x3B,0x3B,0x2B,0x2B,0x3B,0x3B,0x33,0x33,0x5B,0x5B,0x02,0x02,
    0x02,0x02,0x3A,0x3A,0x3A,0x3A,0x1B,0x33,0x3A,0x5A,0x3A,0x13,0x2A,0x2A,0x0B,0x2B,
    0x4A,0x4A,0x2A,0x32,0x78,0x5B,0x0B,0x33,0x52,0x52,0x5B,0x1A,0x5B,0x5B,0x02,0x02,
    0x02,0x02,0x6A,0x2A,0x6A,0x6A,0x3A,0x3A,0x68,0x6A,0x4A,0x68,0x02,0x02,0x02,0x02,
    0x52,0x52,0x4A,0x42,0x78,0x3A,0x13,0x2B,0x68,0x72,0x52,0x5B,0x53,0x33,0x2B,0x53,
    0x02,0x02,0x2A,0x2A,0x50,0x72,0x13,0x5B,0x58,0x70,0x5B,0x5B,0x5A,0x5B,0x33,0x2B,
    0x48,0x48,0x72,0x72,0x5B,0x52,0x33,0x33,0x70,0x70,0x5B,0x5B,0x78,0x78,0x00,0x00,
    0x00,0x00,0x68,0x68,0x68,0x68,0x00,0x00,0x50,0x50,0x70,0x70,0x62,0x62,0x00,0x00,
    0x00,0x00,0x00,0x00,0x00,0x00,0x00,0x00,0x00,0x00,0x50,0x50,0x00,0x00,0x00,0x00,
    0x00,0x00,0x00,0x00,0x00,0x00,0x00,0x00,0x00,0x00,0x50,0x50,0x00,0x00,0x00,0x00,
    0x52,0x52,0x4A,0x4A,0x42,0x52,0x2A,0x2A,0x2A,0x2A,0x2A,0x2A,0x52,0x52,0x02,0x02,
    0x50,0x50,0x02,0x02,0x4A,0x4A,0x2A,0x2A,0x50,0x50,0x2A,0x52,0x70,0x70,0x02,0x02,
    0x4A,0x4A,0x4A,0x70,0x70,0x68,0x32,0x32,0x48,0x4A,0x28,0x68,0x72,0x72,0x02,0x02,
    0x02,0x02,0x4A,0x4A,0x68,0x72,0x52,0x32,0x68,0x60,0x48,0x6A,0x28,0x28,0x68,0x68,
    0x72,0x2A,0x42,0x4A,0x68,0x62,0x6A,0x02,0x4A,0x50,0x6A,0x6A,0x72,0x68,0x00,0x00,
    0x72,0x72,0x4A,0x6A,0x60,0x42,0x22,0x22,0x48,0x72,0x62,0x62,0x50,0x48,0x42,0x42,
    0x00,0x00,0x42,0x42,0x42,0x42,0x2A,0x52,0x50,0x28,0x60,0x48,0x4A,0x4A,0x00,0x00,
    0x00,0x00,0x48,0x48,0x6A,0x4A,0x4A,0x4A,0x50,0x30,0x6A,0x6A,0x28,0x28,0x4A,0x4A,
    0x58,0x10,0x50,0x10,0x31,0x11,0x50,0x50,0x39,0x58,0x50,0x50,0x00,0x00,0x00,0x00,
    0x38,0x38,0x18,0x50,0x38,0x59,0x28,0x28,0x31,0x31,0x38,0x38,0x31,0x31,0x00,0x00,
    0x31,0x30,0x11,0x10,0x59,0x38,0x6A,0x6A,0x31,0x39,0x59,0x58,0x39,0x59,0x6A,0x6A,
    0x00,0x00,0x08,0x28,0x18,0x38,0x68,0x72,0x39,0x31,0x31,0x50,0x31,0x31,0x70,0x70,
    0x29,0x31,0x19,0x38,0x39,0x58,0x28,0x28,0x79,0x31,0x39,0x50,0x09,0x50,0x01,0x01,
    0x31,0x31,0x31,0x38,0x38,0x18,0x08,0x28,0x11,0x31,0x39,0x39,0x58,0x31,0x18,0x18,
    0x01,0x01,0x09,0x09,0x09,0x09,0x38,0x38,0x29,0x29,0x11,0x11,0x01,0x01,0x01,0x01,
    0x01,0x01,0x51,0x51,0x09,0x09,0x31,0x31,0x01,0x01,0x38,0x11,0x01,0x01,0x01,0x01,
    0x03,0x03,0x03,0x03,0x03,0x03,0x03,0x03,0x03,0x03,0x03,0x03,0x03,0x03,0x03,0x03,
    0x03,0x03,0x03,0x03,0x03,0x03,0x03,0x03,0x03,0x03,0x03,0x03,0x03,0x03,0x03,0x03,
    0x53,0x53,0x33,0x33,0x33,0x33,0x5A,0x5A,0x03,0x03,0x3A,0x3A,0x03,0x03,0x03,0x03,
    0x03,0x03,0x03,0x03,0x03,0x03,0x03,0x03,0x03,0x03,0x1B,0x1B,0x3A,0x3A,0x3A,0x3A,
    0x02,0x02,0x3B,0x3B,0x5A,0x5A,0x7B,0x7B,0x72,0x72,0x5A,0x5A,0x28,0x28,0x02,0x02,
    0x02,0x02,0x53,0x53,0x78,0x78,0x3B,0x3B,0x02,0x02,0x32,0x32,0x33,0x33,0x2B,0x2B,
    0x02,0x02,0x02,0x02,0x02,0x02,0x02,0x02,0x02,0x02,0x02,0x02,0x02,0x02,0x02,0x02,
    0x02,0x02,0x02,0x02,0x02,0x02,0x02,0x02,0x02,0x02,0x72,0x72,0x52,0x52,0x53,0x53,
    0x48,0x48,0x52,0x52,0x68,0x68,0x02,0x02,0x28,0x28,0x6A,0x6A,0x02,0x02,0x02,0x02,
    0x02,0x02,0x02,0x02,0x02,0x02,0x02,0x02,0x50,0x28,0x02,0x02,0x48,0x48,0x02,0x02,
    0x02,0x02,0x42,0x42,0x40,0x40,0x6A,0x6A,0x50,0x48,0x48,0x4A,0x28,0x28,0x02,0x02,
    0x02,0x02,0x02,0x02,0x48,0x48,0x6A,0x6A,0x48,0x48,0x48,0x6A,0x50,0x48,0x48,0x48,
    0x00,0x00,0x72,0x72,0x68,0x68,0x4A,0x4A,0x00,0x00,0x4A,0x4A,0x00,0x00,0x00,0x00,
    0x00,0x00,0x00,0x00,0x48,0x48,0x2A,0x2A,0x00,0x00,0x68,0x68,0x28,0x28,0x00,0x00,
    0x00,0x00,0x00,0x00,0x00,0x00,0x00,0x00,0x00,0x00,0x00,0x00,0x00,0x00,0x00,0x00,
    0x00,0x00,0x00,0x00,0x00,0x00,0x00,0x00,0x00,0x00,0x00,0x00,0x00,0x00,0x00,0x00,
    0x02,0x02,0x02,0x02,0x02,0x02,0x02,0x02,0x02,0x02,0x02,0x02,0x02,0x02,0x02,0x02,
    0x02,0x02,0x02,0x02,0x02,0x02,0x02,0x02,0x02,0x02,0x02,0x02,0x02,0x02,0x02,0x02,
    0x02,0x02,0x50,0x50,0x02,0x02,0x02,0x02,0x02,0x02,0x02,0x02,0x02,0x02,0x02,0x02,
    0x02,0x02,0x02,0x02,0x02,0x02,0x02,0x02,0x02,0x02,0x30,0x30,0x30,0x30,0x02,0x02,
    0x28,0x28,0x10,0x50,0x39,0x31,0x10,0x30,0x39,0x39,0x18,0x30,0x00,0x00,0x00,0x00,
    0x38,0x38,0x38,0x51,0x28,0x18,0x10,0x38,0x38,0x38,0x50,0x50,0x08,0x08,0x28,0x28,
    0x00,0x00,0x28,0x28,0x68,0x68,0x28,0x28,0x00,0x00,0x39,0x39,0x58,0x58,0x28,0x28,
    0x00,0x00,0x00,0x00,0x19,0x19,0x30,0x58,0x29,0x29,0x59,0x39,0x38,0x18,0x48,0x48,
    0x29,0x29,0x29,0x29,0x29,0x11,0x19,0x39,0x29,0x29,0x19,0x31,0x00,0x00,0x00,0x00,
    0x00,0x00,0x29,0x29,0x29,0x29,0x31,0x31,0x00,0x00,0x00,0x00,0x29,0x29,0x00,0x00,
    0x29,0x29,0x29,0x19,0x39,0x11,0x19,0x59,0x29,0x01,0x31,0x39,0x11,0x11,0x18,0x18,
    0x00,0x00,0x29,0x29,0x29,0x31,0x19,0x31,0x38,0x11,0x31,0x11,0x39,0x31,0x11,0x11,
    0x29,0x29,0x29,0x29,0x31,0x29,0x59,0x09,0x29,0x29,0x29,0x31,0x31,0x31,0x01,0x01,
    0x01,0x01,0x09,0x09,0x29,0x29,0x09,0x29,0x29,0x29,0x09,0x31,0x01,0x51,0x29,0x29,
    0x01,0x01,0x29,0x29,0x29,0x29,0x38,0x38,0x01,0x01,0x01,0x01,0x29,0x29,0x58,0x58,
    0x01,0x01,0x01,0x01,0x51,0x51,0x29,0x51,0x51,0x51,0x51,0x09,0x01,0x01,0x29,0x49,
    0x3B,0x2B,0x2B,0x0B,0x03,0x53,0x03,0x03,0x53,0x2B,0x2B,0x2B,0x03,0x03,0x03,0x03,
    0x5A,0x5A,0x2B,0x2B,0x03,0x03,0x03,0x03,0x1A,0x53,0x0B,0x0B,0x0B,0x0B,0x03,0x03,
    0x13,0x13,0x03,0x53,0x33,0x53,0x03,0x03,0x13,0x13,0x2B,0x2B,0x0B,0x0B,0x03,0x03,
    0x03,0x03,0x2B,0x2B,0x2B,0x0B,0x03,0x03,0x33,0x1B,0x2B,0x2B,0x2B,0x2B,0x03,0x03,
    0x1A,0x1A,0x3A,0x2B,0x13,0x0B,0x53,0x2B,0x2B,0x1B,0x53,0x03,0x2B,0x2B,0x02,0x02,
    0x02,0x02,0x2B,0x2B,0x33,0x1B,0x33,0x33,0x13,0x53,0x5A,0x3B,0x2B,0x2B,0x02,0x02,
    0x02,0x02,0x02,0x02,0x02,0x02,0x02,0x02,0x33,0x33,0x2B,0x2B,0x2B,0x2B,0x02,0x02,
    0x02,0x02,0x02,0x02,0x2B,0x53,0x2B,0x2B,0x02,0x02,0x53,0x33,0x2B,0x0B,0x03,0x03,
    0x52,0x4A,0x53,0x2B,0x53,0x2B,0x02,0x02,0x72,0x52,0x52,0x32,0x02,0x02,0x02,0x02,
    0x02,0x02,0x32,0x32,0x4A,0x4A,0x02,0x02,0x6A,0x6A,0x02,0x02,0x4A,0x4A,0x02,0x02,
    0x02,0x02,0x78,0x78,0x72,0x72,0x53,0x53,0x52,0x52,0x52,0x3B,0x32,0x32,0x02,0x02,
    0x02,0x02,0x4A,0x4A,0x33,0x33,0x53,0x53,0x5A,0x32,0x5A,0x13,0x2A,0x52,0x32,0x32,
    0x00,0x00,0x00,0x00,0x70,0x70,0x00,0x00,0x70,0x70,0x4A,0x4A,0x00,0x00,0x00,0x00,
    0x00,0x00,0x00,0x00,0x78,0x78,0x00,0x00,0x00,0x00,0x00,0x00,0x00,0x00,0x00,0x00,
    0x00,0x00,0x00,0x00,0x00,0x00,0x00,0x00,0x00,0x00,0x00,0x00,0x00,0x00,0x00,0x00,
    0x00,0x00,0x00,0x00,0x00,0x00,0x00,0x00,0x00,0x00,0x00,0x00,0x00,0x00,0x00,0x00,
    0x4A,0x4A,0x52,0x52,0x2A,0x2A,0x02,0x02,0x02,0x02,0x02,0x02,0x02,0x02,0x02,0x02,
    0x78,0x78,0x48,0x48,0x02,0x02,0x02,0x02,0x52,0x52,0x78,0x78,0x02,0x02,0x02,0x02,
    0x42,0x42,0x22,0x22,0x2A,0x42,0x02,0x02,0x70,0x70,0x22,0x22,0x52,0x52,0x02,0x02,
    0x02,0x02,0x02,0x02,0x62,0x62,0x52,0x52,0x48,0x48,0x42,0x2A,0x22,0x22,0x02,0x02,
    0x62,0x62,0x6A,0x4A,0x4A,0x78,0x00,0x00,0x60,0x60,0x4A,0x4A,0x4A,0x4A,0x00,0x00,
    0x00,0x00,0x78,0x78,0x70,0x48,0x00,0x00,0x6A,0x6A,0x72,0x70,0x60,0x60,0x00,0x00,
    0x00,0x00,0x00,0x00,0x68,0x68,0x00,0x00,0x70,0x70,0x00,0x00,0x00,0x00,0x00,0x00,
    0x00,0x00,0x00,0x00,0x00,0x00,0x00,0x00,0x28,0x28,0x68,0x68,0x4A,0x4A,0x00,0x00,
    0x18,0x18,0x50,0x50,0x30,0x30,0x00,0x00,0x50,0x50,0x50,0x50,0x00,0x00,0x00,0x00,
    0x08,0x08,0x18,0x18,0x28,0x28,0x00,0x00,0x38,0x38,0x30,0x30,0x38,0x38,0x00,0x00,
    0x51,0x11,0x10,0x10,0x08,0x08,0x00,0x00,0x10,0x10,0x08,0x50,0x31,0x31,0x00,0x00,
    0x00,0x00,0x00,0x00,0x58,0x58,0x00,0x00,0x19,0x19,0x30,0x70,0x10,0x10,0x00,0x00,
    0x51,0x29,0x11,0x59,0x30,0x38,0x01,0x01,0x11,0x11,0x38,0x38,0x01,0x01,0x01,0x01,
    0x51,0x51,0x49,0x49,0x11,0x38,0x50,0x50,0x29,0x11,0x11,0x11,0x09,0x09,0x01,0x01,
    0x01,0x01,0x01,0x01,0x01,0x01,0x01,0x01,0x01,0x01,0x01,0x01,0x01,0x01,0x01,0x01,
    0x01,0x01,0x01,0x01,0x01,0x01,0x01,0x01,0x01,0x01,0x01,0x01,0x01,0x01,0x01,0x01,
    0x03,0x03,0x03,0x03,0x2B,0x2B,0x03,0x03,0x03,0x03,0x33,0x33,0x03,0x03,0x03,0x03,
    0x03,0x03,0x33,0x33,0x2B,0x2B,0x03,0x03,0x7B,0x7B,0x13,0x13,0x0B,0x0B,0x03,0x03,
    0x1B,0x1B,0x53,0x03,0x03,0x53,0x5B,0x5B,0x5A,0x5A,0x13,0x33,0x03,0x03,0x03,0x03,
    0x03,0x03,0x03,0x03,0x03,0x03,0x2B,0x2B,0x52,0x52,0x13,0x33,0x70,0x3A,0x5B,0x5B,
    0x2A,0x2A,0x33,0x5A,0x3B,0x3B,0x13,0x13,0x4A,0x4A,0x5B,0x02,0x22,0x22,0x02,0x02,
    0x02,0x02,0x02,0x02,0x5B,0x53,0x3A,0x3B,0x6A,0x6A,0x02,0x02,0x52,0x3A,0x33,0x33,
    0x02,0x02,0x02,0x02,0x02,0x02,0x53,0x53,0x02,0x02,0x5A,0x5A,0x32,0x32,0x02,0x02,
    0x02,0x02,0x48,0x48,0x4A,0x4A,0x52,0x52,0x70,0x70,0x5A,0x33,0x52,0x32,0x3A,0x3A,
    0x68,0x68,0x2A,0x2A,0x4A,0x4A,0x4A,0x72,0x68,0x68,0x4A,0x42,0x68,0x68,0x02,0x02,
    0x02,0x02,0x02,0x02,0x60,0x60,0x52,0x52,0x6A,0x6A,0x6A,0x6A,0x6A,0x6A,0x02,0x02,
    0x40,0x40,0x68,0x4A,0x50,0x4A,0x4A,0x70,0x70,0x70,0x6A,0x42,0x40,0x72,0x52,0x52,
    0x02,0x02,0x68,0x68,0x20,0x20,0x4A,0x4A,0x48,0x60,0x42,0x52,0x20,0x30,0x68,0x68,
    0x38,0x38,0x20,0x4A,0x50,0x68,0x2A,0x2A,0x30,0x30,0x20,0x20,0x08,0x08,0x00,0x00,
    0x00,0x00,0x08,0x08,0x28,0x28,0x42,0x42,0x59,0x59,0x00,0x00,0x00,0x00,0x00,0x00,
    0x00,0x00,0x00,0x00,0x00,0x00,0x00,0x00,0x00,0x00,0x28,0x28,0x58,0x58,0x00,0x00,
    0x00,0x00,0x00,0x00,0x28,0x28,0x00,0x00,0x00,0x00,0x48,0x48,0x30,0x30,0x00,0x00,
    0x02,0x02,0x02,0x02,0x02,0x02,0x02,0x02,0x02,0x02,0x02,0x02,0x02,0x02,0x02,0x02,
    0x02,0x02,0x02,0x02,0x02,0x02,0x02,0x02,0x02,0x02,0x02,0x02,0x02,0x02,0x02,0x02,
    0x70,0x70,0x28,0x28,0x28,0x28,0x00,0x00,0x02,0x02,0x48,0x48,0x20,0x20,0x50,0x50,
    0x02,0x02,0x50,0x50,0x30,0x30,0x48,0x48,0x58,0x58,0x72,0x72,0x28,0x28,0x2A,0x2A,
    0x50,0x50,0x00,0x30,0x39,0x58,0x70,0x62,0x30,0x30,0x28,0x28,0x00,0x00,0x28,0x28,
    0x00,0x00,0x00,0x00,0x59,0x31,0x40,0x40,0x31,0x30,0x00,0x58,0x00,0x00,0x28,0x28,
    0x00,0x00,0x50,0x50,0x00,0x00,0x4A,0x4A,0x00,0x00,0x52,0x52,0x28,0x28,0x00,0x00,
    0x00,0x00,0x51,0x51,0x38,0x38,0x50,0x50,0x29,0x29,0x59,0x59,0x30,0x30,0x68,0x68,
    0x11,0x11,0x38,0x18,0x39,0x38,0x38,0x38,0x31,0x19,0x31,0x18,0x00,0x00,0x00,0x00,
    0x31,0x31,0x51,0x51,0x38,0x38,0x38,0x38,0x00,0x00,0x38,0x38,0x59,0x59,0x00,0x00,
    0x01,0x01,0x31,0x38,0x38,0x38,0x18,0x58,0x19,0x11,0x19,0x18,0x11,0x11,0x28,0x28,
    0x00,0x00,0x19,0x19,0x58,0x31,0x19,0x19,0x39,0x19,0x18,0x19,0x09,0x29,0x11,0x11,
    0x01,0x01,0x11,0x09,0x11,0x11,0x19,0x31,0x29,0x29,0x31,0x39,0x09,0x09,0x01,0x01,
    0x01,0x01,0x01,0x29,0x11,0x01,0x11,0x31,0x29,0x29,0x01,0x01,0x29,0x51,0x29,0x29,
    0x01,0x01,0x29,0x29,0x11,0x11,0x31,0x31,0x01,0x01,0x09,0x09,0x39,0x39,0x01,0x01,
    0x01,0x01,0x01,0x01,0x01,0x51,0x29,0x29,0x51,0x51,0x11,0x11,0x09,0x09,0x29,0x29,
    0x53,0x53,0x2B,0x2B,0x03,0x03,0x03,0x03,0x03,0x03,0x03,0x03,0x03,0x03,0x03,0x03,
    0x03,0x03,0x2B,0x2B,0x2B,0x2B,0x03,0x03,0x03,0x03,0x2B,0x2B,0x03,0x03,0x2B,0x2B,
    0x33,0x33,0x0B,0x0B,0x0B,0x0B,0x03,0x03,0x3B,0x3B,0x03,0x03,0x1B,0x1B,0x03,0x03,
    0x03,0x03,0x53,0x53,0x33,0x33,0x53,0x53,0x03,0x03,0x03,0x03,0x0B,0x0B,0x2B,0x2B,
    0x4A,0x4A,0x12,0x53,0x1A,0x1A,0x33,0x33,0x52,0x52,0x53,0x53,0x50,0x7A,0x02,0x02,
    0x02,0x02,0x3A,0x3A,0x32,0x32,0x3B,0x3B,0x78,0x78,0x1B,0x1B,0x12,0x12,0x02,0x02,
    0x02,0x02,0x02,0x02,0x02,0x02,0x02,0x02,0x02,0x02,0x02,0x02,0x02,0x02,0x02,0x02,
    0x02,0x02,0x02,0x02,0x3A,0x3A,0x02,0x02,0x02,0x02,0x3B,0x3B,0x33,0x33,0x2B,0x2B,
    0x28,0x28,0x4A,0x4A,0x53,0x53,0x53,0x53,0x70,0x70,0x02,0x02,0x78,0x70,0x02,0x02,
    0x28,0x28,0x68,0x68,0x02,0x02,0x02,0x02,0x28,0x28,0x48,0x48,0x72,0x72,0x02,0x02,
    0x28,0x28,0x62,0x62,0x6A,0x6A,0x33,0x33,0x02,0x02,0x70,0x70,0x70,0x70,0x02,0x02,
    0x02,0x02,0x02,0x02,0x3A,0x3A,0x2A,0x2A,0x68,0x68,0x5A,0x5A,0x52,0x52,0x02,0x02,
    0x00,0x00,0x60,0x60,0x48,0x48,0x79,0x79,0x00,0x00,0x70,0x70,0x28,0x28,0x00,0x00,
    0x00,0x00,0x00,0x00,0x40,0x40,0x00,0x00,0x00,0x00,0x52,0x52,0x62,0x62,0x00,0x00,
    0x00,0x00,0x00,0x00,0x00,0x00,0x00,0x00,0x00,0x00,0x00,0x00,0x00,0x00,0x00,0x00,
    0x00,0x00,0x00,0x00,0x00,0x00,0x00,0x00,0x00,0x00,0x00,0x00,0x00,0x00,0x00,0x00,
    0x02,0x02,0x02,0x02,0x02,0x02,0x02,0x02,0x02,0x02,0x02,0x02,0x02,0x02,0x02,0x02,
    0x02,0x02,0x02,0x02,0x02,0x02,0x02,0x02,0x50,0x50,0x00,0x00,0x02,0x02,0x02,0x02,
    0x50,0x50,0x68,0x68,0x40,0x40,0x02,0x02,0x50,0x50,0x70,0x70,0x00,0x00,0x02,0x02,
    0x02,0x02,0x02,0x02,0x48,0x48,0x02,0x02,0x50,0x50,0x48,0x48,0x40,0x40,0x02,0x02,
    0x50,0x50,0x40,0x5A,0x40,0x40,0x52,0x52,0x28,0x28,0x68,0x68,0x28,0x28,0x00,0x00,
    0x00,0x00,0x48,0x48,0x20,0x20,0x00,0x00,0x28,0x28,0x28,0x00,0x20,0x20,0x00,0x00,
    0x00,0x00,0x00,0x00,0x00,0x00,0x00,0x00,0x00,0x00,0x00,0x00,0x00,0x00,0x00,0x00,
    0x00,0x00,0x00,0x00,0x00,0x00,0x00,0x00,0x00,0x00,0x72,0x72,0x70,0x48,0x00,0x00,
    0x30,0x30,0x30,0x30,0x00,0x00,0x00,0x00,0x00,0x00,0x00,0x00,0x00,0x00,0x00,0x00,
    0x00,0x00,0x00,0x00,0x00,0x00,0x00,0x00,0x31,0x31,0x29,0x29,0x31,0x31,0x00,0x00,
    0x29,0x29,0x08,0x08,0x10,0x10,0x00,0x00,0x19,0x19,0x08,0x08,0x30,0x30,0x00,0x00,
    0x00,0x00,0x28,0x28,0x28,0x28,0x00,0x00,0x30,0x30,0x28,0x28,0x08,0x08,0x00,0x00,
    0x09,0x09,0x11,0x11,0x11,0x11,0x01,0x01,0x31,0x31,0x39,0x39,0x31,0x31,0x01,0x01,
    0x01,0x01,0x39,0x39,0x11,0x11,0x50,0x50,0x01,0x01,0x19,0x19,0x11,0x11,0x51,0x51,
    0x01,0x01,0x01,0x01,0x51,0x51,0x01,0x01,0x01,0x01,0x39,0x39,0x01,0x01,0x01,0x01,
    0x01,0x01,0x01,0x01,0x01,0x01,0x01,0x01,0x01,0x01,0x01,0x01,0x59,0x59,0x01,0x01,
    0x03,0x03,0x03,0x03,0x03,0x03,0x03,0x03,0x03,0x03,0x03,0x03,0x03,0x03,0x03,0x03,
    0x03,0x03,0x03,0x03,0x03,0x03,0x03,0x03,0x03,0x03,0x03,0x03,0x03,0x03,0x03,0x03,
    0x03,0x03,0x03,0x03,0x03,0x03,0x03,0x03,0x03,0x03,0x03,0x03,0x03,0x03,0x03,0x03,
    0x03,0x03,0x03,0x03,0x03,0x03,0x03,0x03,0x03,0x03,0x03,0x03,0x03,0x03,0x03,0x03,
    0x02,0x02,0x02,0x02,0x02,0x02,0x02,0x02,0x02,0x02,0x02,0x02,0x28,0x28,0x02,0x02,
    0x02,0x02,0x02,0x02,0x50,0x50,0x02,0x02,0x02,0x02,0x28,0x28,0x28,0x28,0x02,0x02,
    0x02,0x02,0x02,0x02,0x02,0x02,0x02,0x02,0x02,0x02,0x02,0x02,0x02,0x02,0x02,0x02,
    0x02,0x02,0x02,0x02,0x02,0x02,0x02,0x02,0x02,0x02,0x02,0x02,0x02,0x02,0x02,0x02,
    0x02,0x02,0x02,0x02,0x02,0x02,0x02,0x02,0x02,0x02,0x02,0x02,0x02,0x02,0x02,0x02,
    0x02,0x02,0x02,0x02,0x02,0x02,0x02,0x02,0x02,0x02,0x28,0x28,0x28,0x28,0x02,0x02,
    0x02,0x02,0x02,0x02,0x02,0x02,0x02,0x02,0x02,0x02,0x28,0x28,0x28,0x28,0x02,0x02,
    0x02,0x02,0x02,0x02,0x02,0x02,0x02,0x02,0x02,0x02,0x28,0x28,0x28,0x28,0x50,0x50,
    0x00,0x00,0x00,0x00,0x00,0x00,0x00,0x00,0x00,0x00,0x00,0x00,0x00,0x00,0x00,0x00,
    0x00,0x00,0x00,0x00,0x00,0x00,0x00,0x00,0x00,0x00,0x00,0x00,0x00,0x00,0x00,0x00,
    0x00,0x00,0x00,0x00,0x00,0x00,0x00,0x00,0x00,0x00,0x00,0x00,0x00,0x00,0x00,0x00,
    0x00,0x00,0x00,0x00,0x00,0x00,0x00,0x00,0x00,0x00,0x00,0x00,0x00,0x00,0x00,0x00,
    0x02,0x02,0x02,0x02,0x02,0x02,0x02,0x02,0x02,0x02,0x02,0x02,0x02,0x02,0x02,0x02,
    0x02,0x02,0x02,0x02,0x02,0x02,0x02,0x02,0x02,0x02,0x02,0x02,0x02,0x02,0x02,0x02,
    0x02,0x02,0x02,0x02,0x02,0x02,0x02,0x02,0x02,0x02,0x02,0x02,0x02,0x02,0x02,0x02,
    0x02,0x02,0x02,0x02,0x02,0x02,0x02,0x02,0x02,0x02,0x02,0x02,0x02,0x02,0x02,0x02,
    0x00,0x00,0x00,0x00,0x00,0x00,0x00,0x00,0x00,0x00,0x00,0x00,0x00,0x00,0x00,0x00,
    0x00,0x00,0x00,0x00,0x00,0x00,0x00,0x00,0x00,0x00,0x39,0x39,0x00,0x00,0x00,0x00,
    0x00,0x00,0x00,0x00,0x00,0x00,0x00,0x00,0x00,0x00,0x00,0x00,0x00,0x00,0x00,0x00,
    0x00,0x00,0x00,0x00,0x00,0x00,0x00,0x00,0x00,0x00,0x00,0x00,0x00,0x00,0x00,0x00,
    0x00,0x00,0x00,0x00,0x00,0x00,0x00,0x00,0x00,0x00,0x00,0x00,0x00,0x00,0x00,0x00,
    0x00,0x00,0x00,0x00,0x00,0x00,0x00,0x00,0x00,0x00,0x00,0x00,0x00,0x00,0x00,0x00,
    0x00,0x00,0x00,0x00,0x00,0x00,0x00,0x00,0x00,0x00,0x51,0x51,0x00,0x00,0x00,0x00,
    0x00,0x00,0x00,0x00,0x00,0x00,0x00,0x00,0x00,0x00,0x00,0x00,0x00,0x00,0x00,0x00,
    0x01,0x01,0x01,0x01,0x01,0x01,0x01,0x01,0x01,0x01,0x01,0x01,0x01,0x01,0x01,0x01,
    0x01,0x01,0x01,0x01,0x01,0x01,0x01,0x01,0x01,0x01,0x01,0x01,0x01,0x01,0x01,0x01,
    0x01,0x01,0x01,0x01,0x01,0x01,0x01,0x01,0x01,0x01,0x01,0x01,0x01,0x01,0x01,0x01,
    0x01,0x01,0x01,0x01,0x01,0x01,0x01,0x01,0x01,0x01,0x01,0x01,0x01,0x01,0x51,0x51,
    0x33,0x32,0x5B,0x33,0x2B,0x2B,0x03,0x03,0x53,0x53,0x03,0x03,0x03,0x03,0x03,0x03,
    0x3B,0x33,0x33,0x33,0x53,0x53,0x03,0x03,0x33,0x33,0x2B,0x2B,0x5B,0x33,0x03,0x03,
    0x2B,0x2B,0x33,0x33,0x53,0x33,0x03,0x03,0x2B,0x03,0x2B,0x2B,0x2B,0x2B,0x03,0x03,
    0x03,0x03,0x03,0x03,0x03,0x03,0x03,0x03,0x7B,0x53,0x33,0x2B,0x53,0x2B,0x03,0x03,
    0x2A,0x3A,0x33,0x33,0x13,0x13,0x02,0x02,0x3B,0x5A,0x2B,0x2B,0x33,0x33,0x02,0x02,
    0x02,0x02,0x5B,0x5B,0x13,0x13,0x02,0x02,0x5A,0x5A,0x33,0x33,0x13,0x13,0x53,0x53,
    0x02,0x02,0x02,0x02,0x02,0x02,0x02,0x02,0x02,0x02,0x02,0x02,0x02,0x02,0x02,0x02,
    0x02,0x02,0x02,0x02,0x02,0x02,0x02,0x02,0x02,0x02,0x32,0x32,0x2B,0x2B,0x02,0x02,
    0x02,0x02,0x02,0x02,0x2A,0x2A,0x02,0x02,0x02,0x02,0x02,0x02,0x02,0x02,0x02,0x02,
    0x02,0x02,0x02,0x02,0x5A,0x5A,0x02,0x02,0x52,0x52,0x02,0x02,0x5A,0x5A,0x02,0x02,
    0x02,0x02,0x52,0x52,0x02,0x02,0x02,0x02,0x2A,0x2A,0x52,0x52,0x52,0x52,0x02,0x02,
    0x02,0x02,0x02,0x02,0x02,0x02,0x02,0x02,0x2A,0x2A,0x3A,0x3A,0x2A,0x2A,0x02,0x02,
    0x00,0x00,0x00,0x00,0x72,0x72,0x00,0x00,0x00,0x00,0x00,0x00,0x00,0x00,0x00,0x00,
    0x00,0x00,0x00,0x00,0x78,0x78,0x00,0x00,0x00,0x00,0x00,0x00,0x00,0x00,0x00,0x00,
    0x00,0x00,0x00,0x00,0x00,0x00,0x00,0x00,0x00,0x00,0x00,0x00,0x00,0x00,0x00,0x00,
    0x00,0x00,0x00,0x00,0x00,0x00,0x00,0x00,0x00,0x00,0x00,0x00,0x00,0x00,0x00,0x00,
    0x78,0x72,0x02,0x02,0x02,0x02,0x02,0x02,0x7B,0x7B,0x02,0x02,0x02,0x02,0x02,0x02,
    0x30,0x59,0x02,0x02,0x02,0x02,0x02,0x02,0x48,0x72,0x02,0x02,0x5A,0x3A,0x02,0x02,
    0x4A,0x72,0x3A,0x3A,0x5B,0x5B,0x02,0x02,0x78,0x78,0x02,0x02,0x02,0x02,0x02,0x02,
    0x02,0x02,0x5A,0x5A,0x02,0x02,0x02,0x02,0x28,0x28,0x02,0x02,0x4A,0x4A,0x02,0x02,
    0x2A,0x2A,0x4A,0x4A,0x02,0x02,0x00,0x00,0x00,0x00,0x00,0x00,0x00,0x00,0x00,0x00,
    0x2A,0x2A,0x6A,0x6A,0x22,0x22,0x2A,0x2A,0x2A,0x2A,0x4A,0x4A,0x2A,0x2A,0x32,0x32,
    0x00,0x00,0x00,0x00,0x00,0x00,0x00,0x00,0x00,0x00,0x00,0x00,0x00,0x00,0x00,0x00,
    0x00,0x00,0x00,0x00,0x00,0x00,0x00,0x00,0x00,0x00,0x00,0x00,0x4A,0x4A,0x00,0x00,
    0x31,0x38,0x30,0x30,0x50,0x50,0x00,0x00,0x38,0x38,0x28,0x28,0x00,0x00,0x00,0x00,
    0x58,0x30,0x10,0x00,0x48,0x48,0x00,0x00,0x29,0x51,0x39,0x39,0x31,0x31,0x00,0x00,
    0x38,0x38,0x50,0x50,0x30,0x28,0x00,0x00,0x28,0x28,0x30,0x30,0x00,0x00,0x00,0x00,
    0x00,0x00,0x59,0x59,0x00,0x00,0x00,0x00,0x39,0x39,0x38,0x38,0x58,0x58,0x00,0x00,
    0x31,0x31,0x38,0x38,0x01,0x01,0x01,0x01,0x29,0x29,0x01,0x01,0x01,0x01,0x01,0x01,
    0x38,0x38,0x31,0x31,0x38,0x38,0x01,0x01,0x29,0x29,0x39,0x39,0x39,0x39,0x51,0x51,
    0x51,0x51,0x59,0x59,0x01,0x01,0x01,0x01,0x01,0x01,0x01,0x01,0x71,0x71,0x01,0x01,
    0x01,0x01,0x01,0x01,0x01,0x01,0x01,0x01,0x01,0x01,0x01,0x01,0x01,0x01,0x01,0x01,
    0x0B,0x33,0x33,0x33,0x13,0x13,0x03,0x03,0x3B,0x3B,0x3B,0x3B,0x03,0x03,0x03,0x03,
    0x7B,0x7B,0x2B,0x33,0x7B,0x33,0x4B,0x4B,0x3A,0x3A,0x33,0x13,0x3B,0x2B,0x3B,0x3B,
    0x13,0x13,0x13,0x33,0x33,0x13,0x03,0x03,0x13,0x52,0x3A,0x33,0x03,0x53,0x2B,0x2B,
    0x03,0x03,0x5B,0x13,0x0B,0x3A,0x0B,0x0B,0x5A,0x5A,0x5A,0x4A,0x5A,0x2B,0x0B,0x0B,
    0x4A,0x4A,0x42,0x4A,0x22,0x4A,0x02,0x02,0x48,0x28,0x4A,0x4A,0x72,0x3A,0x5A,0x5A,
    0x52,0x52,0x5A,0x02,0x4A,0x2A,0x3B,0x3B,0x68,0x68,0x6A,0x4A,0x42,0x22,0x13,0x13,
    0x02,0x02,0x33,0x33,0x53,0x7B,0x02,0x02,0x02,0x02,0x32,0x32,0x02,0x02,0x02,0x02,
    0x02,0x02,0x02,0x02,0x68,0x68,0x02,0x02,0x72,0x72,0x50,0x68,0x5B,0x5B,0x33,0x33,
    0x4A,0x72,0x48,0x4A,0x42,0x42,0x02,0x02,0x02,0x02,0x72,0x72,0x02,0x02,0x02,0x02,
    0x50,0x50,0x68,0x60,0x28,0x28,0x4A,0x4A,0x48,0x48,0x68,0x6A,0x60,0x60,0x02,0x02,
    0x28,0x48,0x28,0x62,0x28,0x28,0x52,0x52,0x62,0x62,0x08,0x28,0x42,0x42,0x72,0x72,
    0x02,0x02,0x4A,0x4A,0x50,0x60,0x4A,0x4A,0x72,0x72,0x30,0x50,0x50,0x48,0x2A,0x2A,
    0x38,0x58,0x38,0x20,0x48,0x50,0x00,0x00,0x28,0x28,0x00,0x00,0x08,0x08,0x00,0x00,
    0x00,0x00,0x40,0x40,0x40,0x40,0x00,0x00,0x50,0x58,0x28,0x40,0x40,0x40,0x52,0x52,
    0x00,0x00,0x00,0x00,0x00,0x00,0x00,0x00,0x00,0x00,0x28,0x28,0x00,0x00,0x00,0x00,
    0x00,0x00,0x00,0x00,0x00,0x00,0x00,0x00,0x00,0x00,0x00,0x00,0x50,0x50,0x00,0x00,
    0x50,0x50,0x02,0x02,0x02,0x02,0x02,0x02,0x02,0x02,0x02,0x02,0x02,0x02,0x02,0x02,
    0x02,0x02,0x02,0x02,0x02,0x02,0x02,0x02,0x02,0x02,0x02,0x02,0x02,0x02,0x02,0x02,
    0x50,0x50,0x40,0x28,0x00,0x00,0x28,0x28,0x02,0x02,0x6A,0x6A,0x28,0x48,0x02,0x02,
    0x02,0x02,0x38,0x38,0x39,0x72,0x02,0x02,0x02,0x02,0x68,0x68,0x48,0x48,0x02,0x02,
    0x38,0x58,0x28,0x18,0x30,0x30,0x28,0x28,0x18,0x30,0x30,0x08,0x00,0x00,0x28,0x28,
    0x48,0x48,0x39,0x28,0x50,0x40,0x28,0x00,0x39,0x58,0x28,0x00,0x38,0x28,0x60,0x60,
    0x00,0x00,0x68,0x68,0x30,0x30,0x00,0x00,0x29,0x29,0x30,0x30,0x68,0x68,0x6A,0x6A,
    0x00,0x00,0x00,0x00,0x39,0x39,0x00,0x00,0x00,0x00,0x29,0x29,0x30,0x30,0x00,0x00,
    0x29,0x59,0x29,0x29,0x31,0x19,0x30,0x30,0x39,0x39,0x38,0x38,0x39,0x39,0x00,0x00,
    0x29,0x29,0x38,0x08,0x18,0x18,0x50,0x30,0x31,0x31,0x50,0x31,0x38,0x38,0x00,0x00,
    0x29,0x59,0x29,0x29,0x29,0x31,0x19,0x19,0x19,0x19,0x18,0x38,0x29,0x18,0x28,0x28,
    0x00,0x00,0x19,0x29,0x31,0x29,0x19,0x19,0x31,0x31,0x29,0x19,0x18,0x29,0x10,0x10,
    0x29,0x29,0x01,0x31,0x29,0x01,0x31,0x31,0x01,0x01,0x01,0x51,0x01,0x01,0x01,0x01,
    0x31,0x31,0x29,0x01,0x29,0x29,0x11,0x11,0x01,0x01,0x29,0x29,0x29,0x29,0x09,0x09,
    0x01,0x01,0x11,0x11,0x29,0x29,0x01,0x01,0x29,0x29,0x29,0x29,0x01,0x01,0x51,0x51,
    0x01,0x01,0x01,0x01,0x51,0x51,0x01,0x01,0x01,0x01,0x29,0x29,0x01,0x01,0x01,0x01,
    0x5A,0x0B,0x3B,0x03,0x33,0x3B,0x2B,0x2B,0x03,0x03,0x03,0x03,0x2B,0x2B,0x03,0x03,
    0x2B,0x2B,0x33,0x03,0x2B,0x33,0x33,0x33,0x33,0x33,0x33,0x0B,0x33,0x2B,0x03,0x03,
    0x3B,0x3B,0x33,0x33,0x3B,0x33,0x53,0x13,0x3A,0x2B,0x2B,0x33,0x3A,0x0B,0x2B,0x2B,
    0x03,0x03,0x0B,0x0B,0x3B,0x3B,0x13,0x13,0x3B,0x13,0x33,0x2B,0x33,0x33,0x0B,0x0B,
    0x32,0x52,0x3A,0x13,0x32,0x3B,0x0B,0x2B,0x5A,0x1B,0x33,0x2B,0x1B,0x1B,0x02,0x02,
    0x2B,0x2B,0x5B,0x13,0x3A,0x3A,0x13,0x3B,0x5B,0x3B,0x3A,0x3B,0x3A,0x2A,0x13,0x13,
    0x02,0x02,0x1A,0x1A,0x3A,0x3A,0x53,0x53,0x3A,0x3A,0x13,0x13,0x33,0x33,0x02,0x02,
    0x02,0x02,0x52,0x52,0x1A,0x1A,0x13,0x13,0x1A,0x1A,0x1A,0x1A,0x1A,0x1A,0x13,0x13,
    0x4A,0x4A,0x68,0x02,0x52,0x3A,0x2B,0x2B,0x52,0x52,0x3A,0x3A,0x02,0x02,0x02,0x02,
    0x02,0x02,0x70,0x22,0x48,0x48,0x3A,0x3A,0x6A,0x6A,0x72,0x2A,0x22,0x22,0x02,0x02,
    0x6A,0x6A,0x48,0x42,0x7B,0x6A,0x3B,0x3B,0x50,0x6A,0x4A,0x4A,0x2A,0x2A,0x52,0x52,
    0x02,0x02,0x72,0x70,0x42,0x70,0x32,0x32,0x52,0x52,0x52,0x33,0x68,0x22,0x2A,0x2A,
    0x50,0x50,0x68,0x68,0x6A,0x6A,0x00,0x00,0x70,0x70,0x70,0x70,0x48,0x48,0x00,0x00,
    0x50,0x50,0x48,0x48,0x60,0x60,0x00,0x00,0x48,0x48,0x40,0x40,0x62,0x62,0x72,0x72,
    0x00,0x00,0x00,0x00,0x00,0x00,0x00,0x00,0x00,0x00,0x28,0x28,0x00,0x00,0x00,0x00,
    0x00,0x00,0x00,0x00,0x00,0x00,0x00,0x00,0x00,0x00,0x00,0x00,0x00,0x00,0x00,0x00,
    0x02,0x02,0x2A,0x2A,0x42,0x42,0x02,0x02,0x32,0x32,0x32,0x32,0x02,0x02,0x02,0x02,
    0x02,0x02,0x2A,0x2A,0x32,0x32,0x02,0x02,0x02,0x02,0x02,0x02,0x5A,0x5A,0x02,0x02,
    0x4A,0x4A,0x70,0x2A,0x42,0x42,0x3A,0x3A,0x68,0x68,0x70,0x42,0x42,0x42,0x02,0x02,
    0x02,0x02,0x2A,0x2A,0x72,0x50,0x52,0x52,0x60,0x60,0x68,0x3A,0x28,0x42,0x52,0x52,
    0x72,0x40,0x4A,0x2A,0x48,0x6A,0x4A,0x52,0x70,0x40,0x62,0x62,0x40,0x40,0x00,0x00,
    0x52,0x52,0x4A,0x4A,0x68,0x60,0x42,0x4A,0x60,0x60,0x48,0x4A,0x68,0x52,0x22,0x22,
    0x00,0x00,0x6A,0x6A,0x6A,0x6A,0x4A,0x4A,0x28,0x28,0x60,0x60,0x68,0x68,0x00,0x00,
    0x00,0x00,0x4A,0x4A,0x40,0x48,0x60,0x60,0x40,0x40,0x70,0x78,0x40,0x50,0x42,0x42,
    0x38,0x58,0x50,0x28,0x39,0x58,0x28,0x28,0x50,0x50,0x28,0x70,0x30,0x30,0x00,0x00,
    0x00,0x00,0x51,0x08,0x38,0x10,0x50,0x28,0x38,0x38,0x38,0x59,0x51,0x18,0x00,0x00,
    0x29,0x28,0x39,0x30,0x08,0x10,0x10,0x28,0x29,0x38,0x39,0x08,0x10,0x10,0x28,0x28,
    0x00,0x00,0x08,0x08,0x39,0x38,0x28,0x28,0x29,0x11,0x59,0x59,0x29,0x51,0x30,0x30,
    0x51,0x09,0x31,0x39,0x38,0x29,0x10,0x50,0x19,0x19,0x59,0x30,0x11,0x11,0x01,0x01,
    0x19,0x19,0x11,0x11,0x59,0x10,0x08,0x28,0x11,0x11,0x31,0x38,0x59,0x31,0x18,0x18,
    0x09,0x09,0x51,0x09,0x01,0x01,0x51,0x51,0x31,0x31,0x11,0x11,0x01,0x01,0x31,0x31,
    0x01,0x01,0x59,0x59,0x11,0x11,0x31,0x31,0x31,0x31,0x11,0x11,0x01,0x01,0x29,0x29,
    0x03,0x03,0x03,0x03,0x03,0x03,0x03,0x03,0x03,0x03,0x03,0x03,0x03,0x03,0x03,0x03,
    0x03,0x03,0x03,0x03,0x3A,0x3A,0x03,0x03,0x03,0x03,0x2B,0x2B,0x2B,0x2B,0x03,0x03,
    0x03,0x03,0x53,0x13,0x3B,0x3B,0x3A,0x3A,0x03,0x03,0x13,0x13,0x2B,0x2B,0x03,0x03,
    0x03,0x03,0x5A,0x5A,0x3B,0x3B,0x53,0x53,0x03,0x03,0x1A,0x1A,0x1A,0x1A,0x13,0x13,
    0x02,0x02,0x13,0x13,0x72,0x72,0x3A,0x3A,0x78,0x78,0x52,0x52,0x48,0x48,0x02,0x02,
    0x02,0x02,0x5B,0x5B,0x3A,0x3A,0x1B,0x1B,0x28,0x28,0x70,0x70,0x5A,0x5A,0x1B,0x1B,
    0x02,0x02,0x02,0x02,0x5B,0x5B,0x53,0x53,0x02,0x02,0x02,0x02,0x02,0x02,0x02,0x02,
    0x02,0x02,0x02,0x02,0x52,0x52,0x02,0x02,0x02,0x02,0x02,0x02,0x2A,0x2A,0x3B,0x3B,
    0x02,0x02,0x6A,0x6A,0x68,0x68,0x02,0x02,0x02,0x02,0x02,0x02,0x50,0x50,0x02,0x02,
    0x02,0x02,0x02,0x02,0x70,0x68,0x02,0x02,0x02,0x02,0x28,0x00,0x28,0x20,0x02,0x02,
    0x28,0x28,0x60,0x60,0x60,0x60,0x68,0x68,0x28,0x28,0x60,0x60,0x28,0x28,0x28,0x28,
    0x02,0x02,0x72,0x72,0x6A,0x6A,0x6A,0x6A,0x48,0x48,0x40,0x40,0x40,0x40,0x60,0x60,
    0x00,0x00,0x5A,0x5A,0x30,0x30,0x4A,0x4A,0x50,0x50,0x6A,0x6A,0x6A,0x6A,0x00,0x00,
    0x00,0x00,0x00,0x00,0x50,0x50,0x68,0x68,0x00,0x00,0x50,0x50,0x50,0x50,0x70,0x70,
    0x00,0x00,0x00,0x00,0x00,0x00,0x00,0x00,0x00,0x00,0x00,0x00,0x00,0x00,0x00,0x00,
    0x00,0x00,0x00,0x00,0x00,0x00,0x00,0x00,0x00,0x00,0x50,0x50,0x00,0x00,0x00,0x00,
    0x02,0x02,0x02,0x02,0x02,0x02,0x02,0x02,0x02,0x02,0x02,0x02,0x02,0x02,0x02,0x02,
    0x02,0x02,0x02,0x02,0x02,0x02,0x02,0x02,0x02,0x02,0x02,0x02,0x02,0x02,0x02,0x02,
    0x02,0x02,0x28,0x28,0x70,0x70,0x02,0x02,0x02,0x02,0x28,0x28,0x28,0x28,0x02,0x02,
    0x02,0x02,0x78,0x78,0x02,0x02,0x02,0x02,0x39,0x39,0x38,0x38,0x30,0x30,0x30,0x30,
    0x28,0x28,0x28,0x28,0x30,0x30,0x18,0x18,0x30,0x30,0x39,0x39,0x28,0x28,0x48,0x48,
    0x30,0x30,0x28,0x28,0x10,0x50,0x08,0x00,0x30,0x30,0x08,0x08,0x30,0x00,0x50,0x00,
    0x00,0x00,0x68,0x68,0x58,0x58,0x28,0x28,0x00,0x00,0x30,0x30,0x28,0x28,0x28,0x28,
    0x00,0x00,0x00,0x00,0x19,0x19,0x59,0x59,0x38,0x38,0x11,0x11,0x10,0x10,0x30,0x30,
    0x29,0x29,0x11,0x51,0x09,0x29,0x31,0x31,0x29,0x29,0x09,0x09,0x59,0x59,0x00,0x00,
    0x59,0x59,0x00,0x00,0x31,0x31,0x30,0x30,0x51,0x51,0x38,0x38,0x18,0x18,0x00,0x00,
    0x31,0x31,0x19,0x31,0x19,0x19,0x18,0x18,0x09,0x09,0x51,0x38,0x19,0x59,0x10,0x10,
    0x00,0x00,0x39,0x39,0x11,0x11,0x18,0x18,0x51,0x09,0x19,0x39,0x11,0x11,0x18,0x18,
    0x29,0x29,0x01,0x01,0x29,0x29,0x09,0x29,0x29,0x29,0x09,0x09,0x29,0x29,0x01,0x01,
    0x29,0x29,0x09,0x09,0x01,0x29,0x11,0x59,0x29,0x29,0x01,0x01,0x09,0x09,0x11,0x11,
    0x01,0x01,0x01,0x01,0x09,0x09,0x01,0x01,0x01,0x01,0x01,0x29,0x29,0x29,0x01,0x01,
    0x01,0x01,0x29,0x29,0x29,0x29,0x29,0x29,0x01,0x01,0x01,0x01,0x29,0x29,0x01,0x01,
    0x1B,0x13,0x33,0x2B,0x2B,0x5B,0x03,0x03,0x0B,0x2B,0x2B,0x2B,0x03,0x03,0x03,0x03,
    0x3A,0x5A,0x33,0x0B,0x2B,0x53,0x03,0x03,0x3B,0x1B,0x5B,0x0B,0x2B,0x2B,0x03,0x03,
    0x3A,0x1B,0x3A,0x0B,0x3B,0x53,0x2B,0x2B,0x33,0x13,0x2B,0x0B,0x33,0x33,0x03,0x03,
    0x52,0x52,0x3B,0x3B,0x33,0x3A,0x2B,0x2B,0x3B,0x1B,0x3A,0x3B,0x2B,0x0B,0x03,0x03,
    0x3A,0x78,0x2A,0x3B,0x3A,0x1B,0x33,0x33,0x2A,0x32,0x1B,0x1B,0x02,0x02,0x02,0x02,
    0x32,0x32,0x13,0x13,0x13,0x13,0x2B,0x2B,0x3A,0x3B,0x5B,0x13,0x3A,0x1B,0x2B,0x2B,
    0x02,0x02,0x02,0x02,0x02,0x02,0x02,0x02,0x02,0x02,0x33,0x33,0x02,0x02,0x02,0x02,
    0x02,0x02,0x02,0x02,0x02,0x02,0x02,0x02,0x5A,0x5A,0x3B,0x3B,0x2B,0x2B,0x02,0x02,
    0x6A,0x6A,0x3A,0x3A,0x52,0x52,0x02,0x02,0x6A,0x6A,0x02,0x02,0x02,0x02,0x02,0x02,
    0x50,0x50,0x02,0x02,0x02,0x02,0x02,0x02,0x6A,0x6A,0x52,0x52,0x2A,0x2A,0x02,0x02,
    0x02,0x02,0x02,0x02,0x4A,0x4A,0x02,0x02,0x52,0x52,0x52,0x52,0x6A,0x6A,0x02,0x02,
    0x02,0x02,0x02,0x02,0x52,0x52,0x02,0x02,0x52,0x12,0x32,0x52,0x2A,0x2A,0x02,0x02,
    0x31,0x31,0x00,0x00,0x00,0x00,0x00,0x00,0x00,0x00,0x00,0x00,0x00,0x00,0x00,0x00,
    0x00,0x00,0x00,0x00,0x78,0x78,0x00,0x00,0x00,0x00,0x00,0x00,0x00,0x00,0x00,0x00,
    0x00,0x00,0x00,0x00,0x00,0x00,0x00,0x00,0x00,0x00,0x00,0x00,0x00,0x00,0x00,0x00,
    0x00,0x00,0x00,0x00,0x00,0x00,0x00,0x00,0x00,0x00,0x00,0x00,0x00,0x00,0x00,0x00,
    0x7A,0x48,0x6A,0x6A,0x6A,0x6A,0x02,0x02,0x02,0x02,0x02,0x02,0x02,0x02,0x02,0x02,
    0x30,0x50,0x52,0x52,0x02,0x02,0x02,0x02,0x48,0x48,0x68,0x68,0x02,0x02,0x02,0x02,
    0x60,0x68,0x70,0x42,0x68,0x6A,0x2A,0x2A,0x68,0x68,0x2A,0x2A,0x4A,0x4A,0x02,0x02,
    0x50,0x50,0x20,0x20,0x40,0x20,0x02,0x02,0x40,0x48,0x40,0x40,0x6A,0x6A,0x02,0x02,
    0x62,0x48,0x42,0x42,0x62,0x62,0x6A,0x6A,0x4A,0x4A,0x6A,0x6A,0x00,0x00,0x00,0x00,
    0x00,0x00,0x4A,0x4A,0x68,0x68,0x4A,0x4A,0x40,0x40,0x48,0x60,0x62,0x62,0x6A,0x6A,
    0x00,0x00,0x3A,0x3A,0x00,0x00,0x00,0x00,0x28,0x28,0x28,0x28,0x00,0x00,0x00,0x00,
    0x00,0x00,0x00,0x00,0x00,0x00,0x00,0x00,0x50,0x50,0x48,0x48,0x6A,0x6A,0x00,0x00,
    0x11,0x19,0x10,0x10,0x50,0x50,0x00,0x00,0x31,0x31,0x00,0x00,0x00,0x00,0x00,0x00,
    0x29,0x51,0x59,0x18,0x00,0x00,0x00,0x00,0x31,0x51,0x10,0x10,0x29,0x29,0x00,0x00,
    0x38,0x31,0x19,0x50,0x38,0x31,0x00,0x00,0x30,0x30,0x30,0x30,0x59,0x59,0x00,0x00,
    0x00,0x00,0x38,0x38,0x51,0x59,0x00,0x00,0x11,0x29,0x58,0x38,0x51,0x51,0x00,0x00,
    0x09,0x51,0x18,0x18,0x18,0x18,0x01,0x01,0x11,0x11,0x38,0x38,0x01,0x01,0x01,0x01,
    0x51,0x51,0x59,0x59,0x19,0x39,0x01,0x01,0x11,0x51,0x19,0x19,0x11,0x51,0x01,0x01,
    0x01,0x01,0x71,0x71,0x01,0x01,0x01,0x01,0x01,0x01,0x38,0x38,0x01,0x01,0x01,0x01,
    0x01,0x01,0x01,0x01,0x01,0x01,0x01,0x01,0x01,0x01,0x58,0x58,0x01,0x01,0x01,0x01,
    0x32,0x33,0x2B,0x5B,0x3B,0x5B,0x03,0x03,0x13,0x13,0x2B,0x2B,0x53,0x53,0x03,0x03,
    0x5A,0x5A,0x3A,0x33,0x3A,0x2B,0x2B,0x2B,0x3B,0x78,0x1B,0x33,0x2B,0x33,0x0B,0x0B,
    0x33,0x33,0x1A,0x13,0x33,0x33,0x33,0x33,0x1A,0x1A,0x3B,0x3B,0x5B,0x2B,0x33,0x33,
    0x03,0x03,0x33,0x33,0x48,0x70,0x0B,0x0B,0x70,0x5A,0x3A,0x3A,0x5A,0x3B,0x13,0x13,
    0x52,0x72,0x6A,0x52,0x32,0x70,0x5B,0x5B,0x48,0x48,0x68,0x70,0x4A,0x2A,0x02,0x02,
    0x52,0x52,0x48,0x02,0x32,0x32,0x1B,0x1B,0x48,0x00,0x20,0x6A,0x68,0x4A,0x1A,0x1A,
    0x02,0x02,0x72,0x72,0x78,0x78,0x5A,0x5A,0x50,0x50,0x48,0x48,0x3A,0x3A,0x02,0x02,
    0x02,0x02,0x00,0x00,0x20,0x20,0x50,0x50,0x70,0x70,0x68,0x68,0x52,0x52,0x5A,0x5A,
    0x28,0x78,0x4A,0x72,0x48,0x60,0x62,0x62,0x48,0x48,0x4A,0x4A,0x02,0x02,0x02,0x02,
    0x4A,0x4A,0x68,0x2A,0x28,0x68,0x32,0x32,0x48,0x30,0x20,0x68,0x28,0x48,0x68,0x68,
    0x60,0x50,0x70,0x4A,0x48,0x68,0x2A,0x2A,0x70,0x6A,0x00,0x6A,0x62,0x62,0x4A,0x4A,
    0x02,0x02,0x42,0x42,0x00,0x20,0x42,0x42,0x48,0x28,0x00,0x28,0x40,0x50,0x42,0x42,
    0x30,0x30,0x20,0x20,0x48,0x48,0x6A,0x6A,0x30,0x50,0x00,0x00,0x20,0x20,0x00,0x00,
    0x50,0x50,0x20,0x20,0x20,0x20,0x48,0x48,0x10,0x30,0x51,0x00,0x20,0x20,0x62,0x62,
    0x00,0x00,0x00,0x00,0x00,0x00,0x00,0x00,0x50,0x50,0x00,0x00,0x00,0x00,0x00,0x00,
    0x00,0x00,0x00,0x00,0x28,0x28,0x00,0x00,0x00,0x00,0x28,0x28,0x48,0x48,0x70,0x70,
    0x02,0x02,0x02,0x02,0x02,0x02,0x02,0x02,0x02,0x02,0x02,0x02,0x02,0x02,0x02,0x02,
    0x02,0x02,0x02,0x02,0x02,0x02,0x02,0x02,0x02,0x02,0x02,0x02,0x02,0x02,0x02,0x02,
    0x28,0x28,0x40,0x40,0x58,0x00,0x02,0x02,0x48,0x48,0x28,0x28,0x28,0x28,0x02,0x02,
    0x02,0x02,0x28,0x28,0x30,0x30,0x28,0x28,0x31,0x31,0x50,0x29,0x38,0x48,0x02,0x02,
    0x28,0x28,0x38,0x30,0x29,0x50,0x68,0x68,0x29,0x39,0x30,0x00,0x28,0x00,0x00,0x00,
    0x58,0x30,0x38,0x58,0x31,0x38,0x28,0x28,0x51,0x29,0x00,0x38,0x00,0x38,0x42,0x42,
    0x00,0x00,0x08,0x08,0x48,0x48,0x48,0x48,0x00,0x00,0x48,0x48,0x20,0x20,0x70,0x70,
    0x00,0x00,0x51,0x51,0x31,0x31,0x48,0x48,0x29,0x29,0x58,0x58,0x28,0x28,0x48,0x48,
    0x31,0x29,0x29,0x38,0x29,0x51,0x10,0x10,0x31,0x31,0x18,0x18,0x29,0x29,0x00,0x00,
    0x31,0x31,0x18,0x31,0x31,0x18,0x38,0x38,0x31,0x11,0x39,0x38,0x11,0x31,0x28,0x28,
    0x29,0x31,0x31,0x28,0x51,0x29,0x39,0x39,0x51,0x11,0x29,0x00,0x51,0x59,0x30,0x30,
    0x00,0x00,0x10,0x10,0x31,0x29,0x10,0x10,0x49,0x11,0x51,0x31,0x29,0x29,0x10,0x10,
    0x29,0x29,0x29,0x29,0x09,0x29,0x01,0x01,0x01,0x29,0x01,0x29,0x29,0x29,0x29,0x29,
    0x01,0x01,0x29,0x29,0x29,0x29,0x19,0x19,0x51,0x09,0x29,0x01,0x01,0x29,0x11,0x11,
    0x01,0x01,0x09,0x09,0x29,0x29,0x01,0x01,0x51,0x51,0x11,0x11,0x31,0x31,0x59,0x59,
    0x01,0x01,0x01,0x01,0x51,0x51,0x01,0x01,0x01,0x01,0x11,0x11,0x01,0x01,0x29,0x29,
    0x3B,0x5A,0x13,0x53,0x03,0x2B,0x03,0x03,0x5B,0x13,0x53,0x03,0x2B,0x2B,0x03,0x03,
    0x2B,0x2B,0x3B,0x03,0x2B,0x2B,0x53,0x53,0x2B,0x3B,0x33,0x0B,0x0B,0x0B,0x2B,0x2B,
    0x3A,0x32,0x1B,0x33,0x0B,0x03,0x2B,0x2B,0x3A,0x1B,0x13,0x2B,0x3B,0x33,0x2B,0x2B,
    0x03,0x03,0x53,0x0B,0x3A,0x32,0x33,0x33,0x5A,0x2A,0x13,0x33,0x1B,0x13,0x0B,0x0B,
    0x52,0x32,0x12,0x32,0x22,0x0A,0x13,0x13,0x02,0x02,0x1A,0x1A,0x12,0x12,0x02,0x02,
    0x50,0x50,0x3A,0x3A,0x12,0x32,0x13,0x13,0x4A,0x32,0x32,0x32,0x0A,0x2A,0x5A,0x1B,
    0x02,0x02,0x3A,0x3A,0x3A,0x3A,0x02,0x02,0x70,0x70,0x33,0x33,0x02,0x02,0x02,0x02,
    0x02,0x02,0x02,0x02,0x12,0x12,0x3A,0x3A,0x5A,0x5A,0x1A,0x1A,0x52,0x12,0x33,0x33,
    0x50,0x48,0x4A,0x22,0x70,0x70,0x02,0x02,0x62,0x62,0x4A,0x4A,0x02,0x02,0x02,0x02,
    0x28,0x28,0x22,0x22,0x4A,0x4A,0x02,0x02,0x28,0x50,0x20,0x62,0x68,0x42,0x02,0x02,
    0x62,0x62,0x02,0x02,0x02,0x68,0x2A,0x2A,0x7A,0x6A,0x52,0x22,0x22,0x70,0x72,0x72,
    0x02,0x02,0x42,0x42,0x68,0x28,0x02,0x02,0x68,0x68,0x28,0x62,0x68,0x72,0x0A,0x0A,
    0x40,0x40,0x62,0x62,0x62,0x62,0x00,0x00,0x6A,0x6A,0x60,0x60,0x60,0x60,0x00,0x00,
    0x00,0x00,0x4A,0x4A,0x62,0x62,0x00,0x00,0x72,0x72,0x50,0x62,0x62,0x62,0x00,0x00,
    0x00,0x00,0x00,0x00,0x00,0x00,0x00,0x00,0x00,0x00,0x00,0x00,0x00,0x00,0x00,0x00,
    0x00,0x00,0x00,0x00,0x00,0x00,0x00,0x00,0x00,0x00,0x00,0x00,0x00,0x00,0x00,0x00,
    0x02,0x02,0x2A,0x2A,0x32,0x32,0x02,0x02,0x02,0x02,0x2A,0x2A,0x02,0x02,0x02,0x02,
    0x70,0x70,0x52,0x52,0x2A,0x2A,0x02,0x02,0x48,0x48,0x72,0x72,0x72,0x72,0x5A,0x5A,
    0x50,0x68,0x68,0x02,0x68,0x22,0x02,0x02,0x48,0x48,0x42,0x42,0x22,0x22,0x02,0x02,
    0x02,0x02,0x22,0x22,0x22,0x22,0x2A,0x2A,0x20,0x20,0x28,0x78,0x28,0x22,0x52,0x52,
    0x28,0x38,0x40,0x68,0x28,0x40,0x62,0x62,0x00,0x00,0x62,0x62,0x40,0x40,0x00,0x00,
    0x4A,0x4A,0x60,0x60,0x40,0x40,0x4A,0x4A,0x28,0x30,0x00,0x68,0x00,0x20,0x68,0x42,
    0x50,0x50,0x62,0x62,0x60,0x60,0x00,0x00,0x00,0x00,0x60,0x60,0x5A,0x5A,0x00,0x00,
    0x00,0x00,0x48,0x48,0x00,0x28,0x48,0x48,0x28,0x28,0x40,0x40,0x50,0x20,0x60,0x60,
    0x29,0x09,0x59,0x10,0x29,0x29,0x00,0x00,0x31,0x31,0x30,0x30,0x38,0x38,0x00,0x00,
    0x29,0x29,0x51,0x11,0x59,0x31,0x00,0x00,0x29,0x51,0x29,0x19,0x29,0x11,0x30,0x30,
    0x38,0x11,0x11,0x28,0x31,0x39,0x59,0x59,0x29,0x11,0x31,0x58,0x31,0x51,0x39,0x39,
    0x00,0x00,0x08,0x08,0x08,0x08,0x50,0x50,0x59,0x39,0x31,0x39,0x29,0x31,0x10,0x10,
    0x51,0x01,0x01,0x31,0x29,0x31,0x18,0x18,0x11,0x58,0x09,0x09,0x09,0x09,0x01,0x01,
    0x11,0x11,0x59,0x09,0x11,0x11,0x18,0x18,0x11,0x11,0x29,0x29,0x29,0x11,0x10,0x10,
    0x11,0x11,0x09,0x29,0x01,0x01,0x29,0x29,0x01,0x01,0x09,0x09,0x01,0x01,0x01,0x01,
    0x01,0x01,0x01,0x01,0x29,0x29,0x29,0x29,0x01,0x01,0x01,0x01,0x01,0x01,0x51,0x51,
    0x03,0x03,0x2B,0x2B,0x53,0x53,0x03,0x03,0x03,0x03,0x2B,0x2B,0x03,0x03,0x03,0x03,
    0x03,0x03,0x2B,0x2B,0x0B,0x0B,0x03,0x03,0x03,0x03,0x3B,0x3B,0x13,0x13,0x0B,0x0B,
    0x78,0x78,0x5B,0x13,0x1B,0x1B,0x5B,0x5B,0x52,0x52,0x13,0x13,0x13,0x13,0x53,0x53,
    0x03,0x03,0x32,0x32,0x3B,0x3B,0x0B,0x0B,0x52,0x52,0x13,0x13,0x13,0x5A,0x13,0x13,
    0x5B,0x5B,0x32,0x32,0x4A,0x4A,0x02,0x02,0x48,0x48,0x02,0x02,0x02,0x02,0x02,0x02,
    0x02,0x02,0x4A,0x4A,0x42,0x42,0x5A,0x5A,0x78,0x78,0x42,0x42,0x50,0x70,0x32,0x32,
    0x02,0x02,0x72,0x72,0x52,0x52,0x02,0x02,0x02,0x02,0x02,0x02,0x2A,0x2A,0x52,0x52,
    0x02,0x02,0x02,0x02,0x02,0x02,0x02,0x02,0x02,0x02,0x02,0x02,0x4A,0x4A,0x02,0x02,
    0x02,0x02,0x02,0x02,0x28,0x28,0x02,0x02,0x02,0x02,0x02,0x02,0x02,0x02,0x02,0x02,
    0x02,0x02,0x02,0x02,0x28,0x28,0x02,0x02,0x02,0x02,0x28,0x28,0x00,0x00,0x28,0x28,
    0x68,0x68,0x60,0x60,0x48,0x48,0x68,0x68,0x40,0x40,0x40,0x40,0x20,0x20,0x28,0x28,
    0x02,0x02,0x02,0x02,0x48,0x48,0x02,0x02,0x28,0x28,0x68,0x68,0x40,0x40,0x60,0x60,
    0x29,0x29,0x51,0x10,0x10,0x10,0x00,0x00,0x00,0x00,0x00,0x00,0x38,0x38,0x00,0x00,
    0x51,0x51,0x28,0x28,0x10,0x10,0x72,0x72,0x00,0x00,0x08,0x08,0x10,0x10,0x38,0x38,
    0x00,0x00,0x29,0x29,0x00,0x00,0x00,0x00,0x00,0x00,0x00,0x00,0x00,0x00,0x00,0x00,
    0x00,0x00,0x00,0x00,0x00,0x00,0x00,0x00,0x00,0x00,0x00,0x00,0x00,0x00,0x00,0x00,
    0x02,0x02,0x02,0x02,0x02,0x02,0x02,0x02,0x02,0x02,0x02,0x02,0x02,0x02,0x02,0x02,
    0x02,0x02,0x02,0x02,0x02,0x02,0x02,0x02,0x02,0x02,0x02,0x02,0x02,0x02,0x02,0x02,
    0x02,0x02,0x28,0x28,0x02,0x02,0x02,0x02,0x02,0x02,0x02,0x02,0x30,0x30,0x02,0x02,
    0x02,0x02,0x02,0x02,0x02,0x02,0x02,0x02,0x02,0x02,0x02,0x02,0x70,0x70,0x02,0x02,
    0x00,0x00,0x70,0x70,0x10,0x10,0x00,0x00,0x59,0x59,0x00,0x00,0x00,0x00,0x00,0x00,
    0x00,0x00,0x00,0x00,0x30,0x30,0x00,0x00,0x00,0x00,0x50,0x50,0x20,0x20,0x00,0x00,
    0x00,0x00,0x28,0x28,0x28,0x28,0x00,0x00,0x00,0x00,0x28,0x28,0x28,0x28,0x00,0x00,
    0x00,0x00,0x00,0x00,0x00,0x00,0x00,0x00,0x00,0x00,0x59,0x59,0x10,0x10,0x00,0x00,
    0x00,0x00,0x00,0x00,0x29,0x29,0x00,0x00,0x00,0x00,0x00,0x00,0x00,0x00,0x00,0x00,
    0x00,0x00,0x00,0x00,0x00,0x00,0x00,0x00,0x00,0x00,0x00,0x00,0x31,0x31,0x59,0x59,
    0x29,0x29,0x19,0x19,0x11,0x11,0x29,0x29,0x09,0x09,0x19,0x19,0x11,0x11,0x31,0x31,
    0x00,0x00,0x00,0x00,0x39,0x39,0x00,0x00,0x29,0x29,0x18,0x18,0x11,0x29,0x19,0x19,
    0x01,0x01,0x01,0x01,0x01,0x01,0x31,0x31,0x51,0x51,0x01,0x01,0x29,0x29,0x01,0x01,
    0x01,0x01,0x01,0x01,0x01,0x01,0x31,0x31,0x01,0x01,0x01,0x01,0x01,0x01,0x09,0x09,
    0x51,0x51,0x01,0x01,0x29,0x29,0x01,0x01,0x01,0x01,0x29,0x29,0x29,0x29,0x01,0x01,
    0x01,0x01,0x01,0x01,0x01,0x01,0x01,0x01,0x01,0x01,0x51,0x51,0x29,0x29,0x31,0x31,
    0x33,0x33,0x03,0x03,0x2B,0x2B,0x03,0x03,0x5B,0x33,0x2B,0x2B,0x03,0x03,0x03,0x03,
    0x33,0x33,0x33,0x33,0x2B,0x2B,0x03,0x03,0x2B,0x2B,0x33,0x53,0x2B,0x03,0x53,0x53,
    0x03,0x33,0x03,0x03,0x03,0x03,0x03,0x03,0x2B,0x2B,0x03,0x03,0x2B,0x2B,0x2B,0x2B,
    0x03,0x03,0x2B,0x2B,0x2B,0x2B,0x03,0x03,0x53,0x3B,0x03,0x03,0x03,0x03,0x53,0x53,
    0x3A,0x33,0x1A,0x33,0x1B,0x1B,0x02,0x02,0x33,0x3A,0x3B,0x53,0x02,0x02,0x02,0x02,
    0x2B,0x2B,0x2B,0x2B,0x1B,0x13,0x02,0x02,0x3B,0x3B,0x13,0x2B,0x1B,0x13,0x2B,0x2B,
    0x02,0x02,0x02,0x02,0x02,0x02,0x02,0x02,0x53,0x53,0x02,0x02,0x02,0x02,0x02,0x02,
    0x02,0x02,0x02,0x02,0x02,0x02,0x02,0x02,0x02,0x02,0x5B,0x5B,0x53,0x53,0x02,0x02,
    0x52,0x2A,0x4A,0x2A,0x2A,0x52,0x02,0x02,0x02,0x02,0x02,0x02,0x5A,0x5A,0x02,0x02,
    0x02,0x02,0x2A,0x72,0x2A,0x2A,0x02,0x02,0x52,0x52,0x32,0x32,0x2A,0x42,0x02,0x02,
    0x2A,0x2A,0x68,0x5A,0x2A,0x2A,0x02,0x02,0x5B,0x3A,0x42,0x32,0x72,0x4A,0x02,0x02,
    0x02,0x02,0x52,0x4A,0x68,0x68,0x02,0x02,0x02,0x02,0x2A,0x52,0x52,0x52,0x02,0x02,
    0x00,0x00,0x00,0x00,0x30,0x30,0x00,0x00,0x00,0x00,0x00,0x00,0x00,0x00,0x00,0x00,
    0x00,0x00,0x00,0x00,0x00,0x00,0x00,0x00,0x00,0x00,0x00,0x00,0x72,0x72,0x00,0x00,
    0x00,0x00,0x00,0x00,0x00,0x00,0x00,0x00,0x00,0x00,0x00,0x00,0x00,0x00,0x00,0x00,
    0x00,0x00,0x00,0x00,0x00,0x00,0x00,0x00,0x00,0x00,0x00,0x00,0x00,0x00,0x00,0x00,
    0x02,0x02,0x02,0x02,0x02,0x02,0x02,0x02,0x02,0x02,0x02,0x02,0x02,0x02,0x02,0x02,
    0x02,0x02,0x02,0x02,0x32,0x32,0x7B,0x7B,0x02,0x02,0x2A,0x2A,0x3A,0x3A,0x02,0x02,
    0x2A,0x5B,0x22,0x12,0x4A,0x0A,0x02,0x02,0x2A,0x2A,0x0A,0x32,0x1A,0x3A,0x3B,0x3B,
    0x02,0x02,0x4A,0x52,0x3A,0x2A,0x02,0x02,0x02,0x02,0x72,0x2A,0x42,0x0A,0x2B,0x2B,
    0x28,0x6A,0x62,0x42,0x62,0x62,0x52,0x52,0x68,0x68,0x6A,0x6A,0x72,0x4A,0x00,0x00,
    0x2A,0x52,0x3A,0x22,0x62,0x6A,0x22,0x2A,0x72,0x68,0x60,0x52,0x62,0x62,0x4A,0x2A,
    0x32,0x32,0x2A,0x2A,0x00,0x00,0x00,0x00,0x00,0x00,0x00,0x00,0x52,0x52,0x00,0x00,
    0x00,0x00,0x00,0x00,0x28,0x28,0x00,0x00,0x00,0x00,0x50,0x50,0x72,0x68,0x00,0x00,
    0x59,0x50,0x30,0x50,0x00,0x00,0x00,0x00,0x00,0x00,0x00,0x00,0x00,0x00,0x00,0x00,
    0x00,0x00,0x30,0x48,0x58,0x58,0x00,0x00,0x31,0x31,0x31,0x38,0x31,0x59,0x00,0x00,
    0x31,0x58,0x38,0x28,0x38,0x30,0x00,0x00,0x38,0x51,0x28,0x48,0x39,0x39,0x52,0x52,
    0x00,0x00,0x00,0x00,0x38,0x78,0x52,0x52,0x31,0x31,0x10,0x30,0x39,0x58,0x68,0x68,
    0x01,0x19,0x11,0x19,0x09,0x11,0x01,0x01,0x29,0x39,0x38,0x59,0x50,0x38,0x01,0x01,
    0x39,0x59,0x31,0x39,0x09,0x11,0x38,0x38,0x51,0x31,0x11,0x18,0x11,0x11,0x38,0x38,
    0x09,0x51,0x29,0x31,0x39,0x39,0x01,0x01,0x01,0x01,0x31,0x29,0x51,0x29,0x01,0x01,
    0x01,0x01,0x01,0x01,0x01,0x01,0x01,0x01,0x01,0x01,0x29,0x01,0x51,0x29,0x01,0x01,
    0x5A,0x5A,0x0B,0x2B,0x03,0x03,0x03,0x03,0x2B,0x2B,0x3B,0x2B,0x03,0x03,0x03,0x03,
    0x2B,0x53,0x03,0x2B,0x0B,0x0B,0x33,0x2B,0x53,0x3B,0x0B,0x33,0x0B,0x0B,0x33,0x0B,
    0x1A,0x1A,0x13,0x0B,0x0B,0x0B,0x2B,0x2B,0x13,0x3A,0x13,0x0B,0x03,0x0B,0x0B,0x53,
    0x03,0x03,0x13,0x03,0x13,0x13,0x13,0x0B,0x3A,0x3B,0x13,0x0B,0x0B,0x0B,0x0B,0x03,
    0x52,0x5A,0x0A,0x0A,0x1B,0x1A,0x53,0x33,0x52,0x2A,0x02,0x0A,0x32,0x32,0x2B,0x2B,
    0x5A,0x53,0x0A,0x12,0x12,0x12,0x53,0x0B,0x78,0x78,0x02,0x0A,0x12,0x12,0x13,0x03,
    0x02,0x02,0x3B,0x1B,0x33,0x5B,0x33,0x5B,0x70,0x70,0x52,0x52,0x3B,0x3B,0x53,0x53,
    0x02,0x02,0x02,0x02,0x52,0x4A,0x02,0x02,0x72,0x72,0x32,0x5A,0x3A,0x32,0x53,0x33,
    0x48,0x4A,0x42,0x22,0x4A,0x68,0x52,0x52,0x4A,0x42,0x4A,0x2A,0x02,0x02,0x02,0x02,
    0x02,0x02,0x52,0x52,0x68,0x6A,0x02,0x02,0x68,0x70,0x70,0x4A,0x68,0x6A,0x6A,0x6A,
    0x60,0x60,0x62,0x42,0x40,0x40,0x4A,0x2A,0x6A,0x68,0x42,0x22,0x6A,0x42,0x4A,0x2A,
    0x2A,0x2A,0x32,0x42,0x40,0x60,0x02,0x02,0x6A,0x48,0x42,0x22,0x68,0x42,0x22,0x02,
    0x50,0x70,0x20,0x20,0x68,0x20,0x52,0x52,0x72,0x58,0x00,0x08,0x28,0x50,0x00,0x00,
    0x38,0x58,0x00,0x20,0x48,0x40,0x2A,0x4A,0x00,0x00,0x20,0x20,0x08,0x00,0x72,0x70,
    0x00,0x00,0x58,0x58,0x48,0x48,0x00,0x00,0x50,0x50,0x28,0x28,0x28,0x28,0x00,0x00,
    0x00,0x00,0x00,0x00,0x38,0x38,0x00,0x00,0x00,0x00,0x28,0x48,0x50,0x30,0x00,0x00,
    0x02,0x02,0x02,0x02,0x52,0x52,0x02,0x02,0x02,0x02,0x02,0x02,0x02,0x02,0x02,0x02,
    0x02,0x02,0x02,0x02,0x02,0x02,0x02,0x02,0x02,0x02,0x02,0x02,0x02,0x02,0x02,0x02,
    0x28,0x50,0x40,0x60,0x28,0x62,0x48,0x48,0x30,0x30,0x40,0x40,0x58,0x48,0x02,0x02,
    0x02,0x02,0x68,0x60,0x48,0x6A,0x48,0x4A,0x38,0x38,0x42,0x62,0x40,0x60,0x4A,0x72,
    0x00,0x28,0x00,0x00,0x28,0x40,0x68,0x72,0x68,0x68,0x00,0x00,0x28,0x00,0x48,0x48,
    0x50,0x28,0x20,0x48,0x00,0x00,0x48,0x48,0x38,0x30,0x00,0x00,0x00,0x00,0x28,0x48,
    0x4A,0x4A,0x48,0x28,0x50,0x48,0x68,0x70,0x00,0x00,0x30,0x28,0x28,0x20,0x68,0x68,
    0x00,0x00,0x00,0x00,0x58,0x30,0x28,0x50,0x51,0x51,0x72,0x79,0x20,0x00,0x4A,0x2A,
    0x31,0x39,0x10,0x10,0x31,0x31,0x31,0x31,0x30,0x30,0x00,0x00,0x00,0x00,0x00,0x00,
    0x38,0x38,0x30,0x38,0x38,0x31,0x78,0x78,0x38,0x38,0x39,0x38,0x31,0x38,0x38,0x38,
    0x11,0x19,0x18,0x10,0x11,0x19,0x38,0x10,0x11,0x11,0x10,0x10,0x18,0x19,0x00,0x30,
    0x00,0x00,0x30,0x10,0x11,0x11,0x38,0x28,0x11,0x39,0x10,0x10,0x18,0x10,0x00,0x00,
    0x09,0x09,0x01,0x01,0x01,0x01,0x51,0x31,0x51,0x29,0x01,0x01,0x11,0x01,0x51,0x51,
    0x29,0x29,0x01,0x01,0x01,0x01,0x38,0x11,0x29,0x29,0x01,0x01,0x01,0x01,0x09,0x09,
    0x09,0x31,0x01,0x01,0x31,0x01,0x29,0x29,0x29,0x29,0x01,0x01,0x01,0x01,0x51,0x31,
    0x01,0x01,0x29,0x29,0x29,0x29,0x31,0x29,0x29,0x29,0x01,0x01,0x01,0x01,0x01,0x01,
    0x33,0x2B,0x03,0x2B,0x0B,0x2B,0x2B,0x2B,0x2B,0x53,0x2B,0x2B,0x03,0x03,0x03,0x03,
    0x03,0x03,0x2B,0x13,0x13,0x2B,0x03,0x03,0x33,0x2B,0x3B,0x2B,0x33,0x03,0x03,0x03,
    0x33,0x3B,0x03,0x03,0x03,0x03,0x2B,0x23,0x03,0x3B,0x03,0x03,0x03,0x03,0x2B,0x2B,
    0x03,0x03,0x13,0x2B,0x03,0x03,0x0B,0x2B,0x3B,0x33,0x13,0x0B,0x03,0x03,0x0B,0x33,
    0x33,0x3A,0x12,0x1A,0x12,0x12,0x33,0x13,0x1A,0x32,0x1A,0x1B,0x3A,0x2A,0x53,0x53,
    0x33,0x33,0x3B,0x3B,0x12,0x12,0x3B,0x13,0x3B,0x3A,0x1B,0x13,0x12,0x12,0x1A,0x33,
    0x02,0x02,0x33,0x33,0x3A,0x3B,0x2B,0x53,0x5B,0x5B,0x5A,0x3A,0x33,0x33,0x53,0x53,
    0x02,0x02,0x32,0x32,0x5A,0x3A,0x3A,0x33,0x32,0x3B,0x1B,0x13,0x1A,0x1A,0x32,0x33,
    0x6A,0x52,0x2A,0x2A,0x78,0x5B,0x0B,0x2B,0x2A,0x52,0x33,0x2B,0x3B,0x3B,0x02,0x02,
    0x72,0x6A,0x4A,0x2A,0x68,0x68,0x3A,0x3A,0x70,0x68,0x72,0x4A,0x52,0x3A,0x02,0x02,
    0x78,0x70,0x02,0x02,0x02,0x0A,0x1B,0x3B,0x32,0x5A,0x22,0x0A,0x0A,0x02,0x33,0x33,
    0x02,0x02,0x2A,0x4A,0x02,0x02,0x32,0x3A,0x78,0x7B,0x72,0x3A,0x0A,0x02,0x52,0x33,
    0x48,0x48,0x42,0x4A,0x70,0x60,0x33,0x33,0x68,0x70,0x68,0x2A,0x48,0x6A,0x00,0x00,
    0x00,0x00,0x68,0x52,0x68,0x62,0x00,0x00,0x48,0x48,0x22,0x4A,0x42,0x42,0x00,0x00,
    0x00,0x00,0x00,0x00,0x00,0x00,0x00,0x00,0x00,0x00,0x28,0x28,0x00,0x00,0x00,0x00,
    0x00,0x00,0x00,0x00,0x00,0x00,0x00,0x00,0x00,0x00,0x00,0x00,0x00,0x00,0x00,0x00,
    0x52,0x52,0x4A,0x4A,0x2A,0x2A,0x02,0x02,0x02,0x02,0x02,0x02,0x02,0x02,0x02,0x02,
    0x02,0x02,0x3A,0x3A,0x4A,0x2A,0x02,0x02,0x72,0x72,0x70,0x6A,0x6A,0x6A,0x02,0x02,
    0x72,0x6A,0x02,0x02,0x22,0x22,0x4A,0x4A,0x68,0x68,0x62,0x62,0x42,0x2A,0x02,0x02,
    0x02,0x02,0x4A,0x4A,0x22,0x22,0x4A,0x4A,0x52,0x52,0x62,0x22,0x22,0x02,0x4A,0x2A,
    0x68,0x4A,0x40,0x60,0x40,0x40,0x68,0x42,0x40,0x00,0x60,0x6A,0x68,0x48,0x00,0x00,
    0x70,0x6A,0x60,0x60,0x20,0x40,0x70,0x52,0x40,0x68,0x62,0x42,0x40,0x60,0x68,0x2A,
    0x00,0x00,0x2A,0x2A,0x68,0x68,0x4A,0x4A,0x00,0x00,0x6A,0x6A,0x68,0x68,0x4A,0x4A,
    0x00,0x00,0x72,0x72,0x48,0x00,0x4A,0x2A,0x48,0x48,0x60,0x62,0x48,0x48,0x6A,0x2A,
    0x58,0x30,0x30,0x10,0x39,0x50,0x2A,0x2A,0x00,0x00,0x6A,0x52,0x50,0x78,0x00,0x00,
    0x30,0x28,0x10,0x00,0x29,0x10,0x28,0x28,0x38,0x51,0x38,0x28,0x50,0x59,0x4A,0x4A,
    0x30,0x18,0x00,0x00,0x08,0x00,0x28,0x20,0x31,0x30,0x08,0x08,0x08,0x00,0x68,0x6A,
    0x00,0x00,0x30,0x30,0x08,0x00,0x48,0x70,0x31,0x31,0x38,0x38,0x08,0x08,0x68,0x68,
    0x01,0x01,0x01,0x01,0x09,0x11,0x38,0x50,0x01,0x09,0x01,0x09,0x09,0x31,0x01,0x01,
    0x01,0x01,0x01,0x09,0x01,0x11,0x39,0x10,0x29,0x31,0x09,0x09,0x01,0x09,0x18,0x30,
    0x31,0x31,0x11,0x11,0x11,0x31,0x29,0x31,0x01,0x01,0x09,0x11,0x31,0x29,0x01,0x01,
    0x01,0x01,0x01,0x01,0x09,0x29,0x31,0x11,0x01,0x01,0x11,0x11,0x29,0x09,0x11,0x31,
    0x03,0x03,0x03,0x03,0x03,0x03,0x03,0x03,0x03,0x03,0x03,0x03,0x03,0x03,0x03,0x03,
    0x03,0x03,0x03,0x03,0x03,0x03,0x03,0x03,0x03,0x03,0x03,0x03,0x03,0x03,0x03,0x03,
    0x03,0x03,0x3A,0x53,0x1A,0x3B,0x3A,0x3A,0x03,0x03,0x32,0x2B,0x7B,0x7B,0x03,0x03,
    0x03,0x03,0x03,0x03,0x03,0x03,0x03,0x03,0x03,0x03,0x5B,0x5B,0x3A,0x32,0x2B,0x2B,
    0x02,0x02,0x7B,0x5B,0x5B,0x5B,0x4A,0x4A,0x50,0x48,0x3A,0x3A,0x30,0x30,0x02,0x02,
    0x02,0x02,0x2B,0x2B,0x32,0x3A,0x3B,0x3B,0x28,0x28,0x6A,0x72,0x5B,0x3A,0x3A,0x3A,
    0x02,0x02,0x5B,0x5B,0x78,0x78,0x33,0x33,0x02,0x02,0x02,0x02,0x02,0x02,0x53,0x53,
    0x02,0x02,0x02,0x02,0x4A,0x4A,0x02,0x02,0x02,0x02,0x52,0x5A,0x2A,0x2A,0x13,0x13,
    0x02,0x02,0x02,0x02,0x28,0x28,0x02,0x02,0x28,0x28,0x72,0x72,0x28,0x28,0x02,0x02,
    0x28,0x28,0x02,0x02,0x28,0x28,0x28,0x28,0x28,0x28,0x28,0x00,0x48,0x50,0x50,0x50,
    0x02,0x02,0x68,0x48,0x68,0x48,0x68,0x4A,0x28,0x00,0x28,0x48,0x28,0x20,0x02,0x02,
    0x02,0x02,0x02,0x02,0x02,0x02,0x50,0x50,0x48,0x48,0x48,0x68,0x48,0x48,0x28,0x28,
    0x00,0x00,0x00,0x00,0x68,0x68,0x6A,0x52,0x00,0x00,0x68,0x68,0x00,0x00,0x00,0x00,
    0x00,0x00,0x00,0x00,0x30,0x30,0x4A,0x4A,0x00,0x00,0x48,0x48,0x48,0x48,0x00,0x00,
    0x00,0x00,0x50,0x50,0x00,0x00,0x52,0x52,0x00,0x00,0x00,0x00,0x00,0x00,0x52,0x52,
    0x00,0x00,0x00,0x00,0x00,0x00,0x00,0x00,0x00,0x00,0x00,0x00,0x28,0x28,0x2A,0x2A,
    0x02,0x02,0x02,0x02,0x02,0x02,0x02,0x02,0x02,0x02,0x02,0x02,0x02,0x02,0x02,0x02,
    0x02,0x02,0x02,0x02,0x02,0x02,0x02,0x02,0x02,0x02,0x02,0x02,0x02,0x02,0x02,0x02,
    0x02,0x02,0x02,0x02,0x50,0x50,0x28,0x28,0x02,0x02,0x30,0x50,0x28,0x28,0x02,0x02,
    0x02,0x02,0x02,0x02,0x02,0x02,0x02,0x02,0x02,0x02,0x48,0x70,0x28,0x50,0x02,0x02,
    0x30,0x30,0x48,0x28,0x30,0x30,0x50,0x48,0x28,0x30,0x50,0x28,0x31,0x31,0x00,0x00,
    0x50,0x28,0x50,0x48,0x30,0x28,0x28,0x28,0x39,0x39,0x28,0x30,0x28,0x08,0x48,0x48,
    0x00,0x00,0x00,0x00,0x50,0x50,0x00,0x00,0x00,0x00,0x00,0x00,0x28,0x28,0x00,0x00,
    0x00,0x00,0x00,0x00,0x51,0x51,0x00,0x00,0x00,0x00,0x30,0x30,0x51,0x59,0x28,0x28,
    0x51,0x51,0x59,0x31,0x31,0x31,0x38,0x38,0x29,0x29,0x51,0x59,0x00,0x00,0x00,0x00,
    0x00,0x00,0x00,0x00,0x58,0x39,0x31,0x59,0x00,0x00,0x29,0x29,0x29,0x29,0x00,0x00,
    0x29,0x29,0x31,0x39,0x11,0x19,0x19,0x18,0x31,0x09,0x19,0x11,0x39,0x39,0x59,0x39,
    0x00,0x00,0x29,0x51,0x39,0x39,0x59,0x31,0x29,0x21,0x31,0x39,0x11,0x31,0x30,0x31,
    0x51,0x29,0x11,0x11,0x09,0x31,0x59,0x11,0x29,0x29,0x29,0x31,0x01,0x01,0x01,0x01,
    0x29,0x51,0x29,0x29,0x01,0x29,0x01,0x29,0x29,0x51,0x29,0x31,0x29,0x29,0x51,0x29,
    0x01,0x01,0x51,0x29,0x29,0x29,0x39,0x39,0x01,0x01,0x29,0x29,0x29,0x51,0x38,0x38,
    0x01,0x01,0x01,0x01,0x29,0x29,0x29,0x29,0x01,0x01,0x51,0x31,0x09,0x59,0x19,0x51,
    0x0B,0x2B,0x2B,0x03,0x03,0x03,0x2B,0x2B,0x2B,0x2B,0x2B,0x2B,0x2B,0x2B,0x03,0x03,
    0x03,0x03,0x2B,0x2B,0x2B,0x03,0x2B,0x2B,0x3B,0x3B,0x2B,0x2B,0x2B,0x03,0x03,0x03,
    0x33,0x3B,0x0B,0x0B,0x0B,0x0B,0x2B,0x2B,0x0B,0x33,0x03,0x0B,0x33,0x2B,0x03,0x03,
    0x03,0x03,0x53,0x53,0x2B,0x03,0x2B,0x2B,0x03,0x53,0x0B,0x0B,0x0B,0x0B,0x2B,0x2B,
    0x33,0x32,0x13,0x03,0x1B,0x13,0x53,0x0B,0x33,0x1B,0x33,0x3B,0x2A,0x2A,0x02,0x02,
    0x02,0x02,0x3A,0x33,0x1A,0x1B,0x2B,0x03,0x1B,0x33,0x1A,0x13,0x1A,0x1B,0x2B,0x2B,
    0x02,0x02,0x02,0x02,0x02,0x02,0x02,0x02,0x5B,0x5B,0x13,0x33,0x02,0x02,0x02,0x02,
    0x02,0x02,0x02,0x02,0x2B,0x1B,0x3B,0x2B,0x33,0x33,0x32,0x3B,0x13,0x3B,0x02,0x02,
    0x70,0x70,0x3A,0x33,0x1A,0x1B,0x3A,0x3A,0x5A,0x5B,0x5B,0x3A,0x78,0x78,0x02,0x02,
    0x02,0x02,0x02,0x02,0x32,0x52,0x02,0x02,0x52,0x52,0x2A,0x52,0x4A,0x6A,0x02,0x02,
    0x52,0x52,0x2A,0x2A,0x2A,0x4A,0x02,0x02,0x32,0x52,0x52,0x1A,0x52,0x52,0x02,0x02,
    0x02,0x02,0x02,0x02,0x5A,0x5B,0x02,0x02,0x12,0x32,0x3A,0x1A,0x0A,0x22,0x5A,0x32,
    0x00,0x00,0x78,0x78,0x68,0x68,0x00,0x00,0x48,0x48,0x00,0x00,0x00,0x00,0x00,0x00,
    0x50,0x50,0x00,0x00,0x5B,0x70,0x53,0x53,0x00,0x00,0x78,0x78,0x00,0x00,0x00,0x00,
    0x00,0x00,0x00,0x00,0x00,0x00,0x00,0x00,0x00,0x00,0x00,0x00,0x00,0x00,0x00,0x00,
    0x00,0x00,0x00,0x00,0x00,0x00,0x00,0x00,0x00,0x00,0x00,0x00,0x00,0x00,0x00,0x00,
    0x78,0x78,0x2A,0x2A,0x02,0x02,0x02,0x02,0x02,0x02,0x52,0x52,0x02,0x02,0x02,0x02,
    0x02,0x02,0x02,0x02,0x4A,0x4A,0x02,0x02,0x02,0x02,0x02,0x02,0x02,0x02,0x02,0x02,
    0x02,0x02,0x72,0x2A,0x68,0x70,0x02,0x02,0x60,0x60,0x2A,0x2A,0x6A,0x6A,0x02,0x02,
    0x02,0x02,0x02,0x02,0x52,0x72,0x02,0x02,0x5A,0x70,0x6A,0x62,0x28,0x48,0x02,0x02,
    0x68,0x32,0x68,0x42,0x68,0x68,0x70,0x68,0x68,0x6A,0x68,0x62,0x4A,0x4A,0x00,0x00,
    0x4A,0x4A,0x68,0x4A,0x60,0x60,0x52,0x52,0x68,0x70,0x40,0x42,0x68,0x6A,0x00,0x00,
    0x70,0x70,0x50,0x48,0x68,0x68,0x00,0x00,0x50,0x50,0x50,0x28,0x00,0x00,0x00,0x00,
    0x00,0x00,0x00,0x00,0x28,0x28,0x70,0x70,0x00,0x00,0x48,0x48,0x68,0x68,0x00,0x00,
    0x38,0x30,0x30,0x28,0x39,0x48,0x00,0x00,0x50,0x50,0x48,0x48,0x00,0x00,0x00,0x00,
    0x00,0x00,0x30,0x28,0x48,0x28,0x00,0x00,0x29,0x29,0x39,0x38,0x59,0x59,0x00,0x00,
    0x31,0x38,0x11,0x28,0x39,0x08,0x50,0x50,0x51,0x10,0x39,0x20,0x29,0x30,0x00,0x00,
    0x00,0x00,0x00,0x00,0x31,0x38,0x52,0x52,0x39,0x29,0x31,0x30,0x31,0x11,0x00,0x00,
    0x29,0x11,0x19,0x39,0x31,0x19,0x01,0x01,0x10,0x38,0x38,0x08,0x30,0x30,0x01,0x01,
    0x01,0x01,0x51,0x30,0x38,0x10,0x30,0x28,0x51,0x38,0x19,0x38,0x29,0x09,0x29,0x29,
    0x51,0x51,0x31,0x31,0x39,0x39,0x01,0x01,0x01,0x01,0x39,0x39,0x51,0x51,0x01,0x01,
    0x01,0x01,0x01,0x01,0x01,0x01,0x01,0x01,0x01,0x01,0x01,0x01,0x01,0x01,0x01,0x01,
    0x53,0x53,0x03,0x03,0x2B,0x13,0x32,0x32,0x53,0x53,0x33,0x2B,0x2B,0x2B,0x03,0x03,
    0x33,0x33,0x03,0x03,0x13,0x13,0x3B,0x3B,0x5B,0x5B,0x0B,0x13,0x03,0x0B,0x33,0x33,
    0x12,0x12,0x13,0x13,0x13,0x13,0x33,0x2B,0x1A,0x32,0x13,0x13,0x13,0x13,0x53,0x2B,
    0x03,0x03,0x33,0x13,0x1B,0x1B,0x3A,0x33,0x2A,0x3A,0x13,0x13,0x13,0x13,0x0B,0x03,
    0x32,0x2A,0x0A,0x12,0x12,0x12,0x3A,0x3B,0x0A,0x0A,0x0A,0x12,0x0A,0x0A,0x02,0x02,
    0x5A,0x78,0x12,0x3A,0x32,0x12,0x32,0x33,0x5A,0x7B,0x0A,0x12,0x0A,0x12,0x1B,0x2B,
    0x02,0x02,0x5A,0x5B,0x5A,0x5A,0x2B,0x2B,0x70,0x70,0x32,0x52,0x5A,0x5A,0x02,0x02,
    0x02,0x02,0x02,0x02,0x52,0x4A,0x3A,0x33,0x5A,0x7B,0x52,0x52,0x12,0x12,0x52,0x33,
    0x40,0x68,0x4A,0x22,0x60,0x6A,0x42,0x4A,0x68,0x48,0x62,0x4A,0x52,0x52,0x02,0x02,
    0x48,0x48,0x28,0x72,0x68,0x48,0x52,0x2A,0x70,0x68,0x68,0x5A,0x60,0x60,0x02,0x02,
    0x40,0x40,0x62,0x42,0x40,0x40,0x4A,0x52,0x60,0x60,0x40,0x62,0x6A,0x60,0x22,0x2A,
    0x02,0x02,0x48,0x52,0x6A,0x40,0x4A,0x12,0x60,0x40,0x60,0x62,0x60,0x42,0x22,0x22,
    0x51,0x50,0x28,0x40,0x50,0x28,0x4A,0x2A,0x28,0x28,0x20,0x48,0x28,0x28,0x00,0x00,
    0x28,0x28,0x68,0x50,0x30,0x28,0x68,0x50,0x28,0x28,0x28,0x48,0x30,0x30,0x79,0x79,
    0x28,0x28,0x31,0x38,0x28,0x50,0x00,0x00,0x28,0x50,0x10,0x00,0x28,0x28,0x00,0x00,
    0x00,0x00,0x00,0x00,0x50,0x28,0x00,0x00,0x28,0x28,0x28,0x28,0x30,0x30,0x00,0x00,
    0x02,0x02,0x02,0x02,0x02,0x02,0x02,0x02,0x02,0x02,0x02,0x02,0x02,0x02,0x02,0x02,
    0x02,0x02,0x02,0x02,0x02,0x02,0x02,0x02,0x02,0x02,0x52,0x52,0x02,0x02,0x02,0x02,
    0x50,0x28,0x68,0x60,0x48,0x68,0x28,0x28,0x48,0x48,0x40,0x40,0x20,0x28,0x28,0x28,
    0x02,0x02,0x72,0x72,0x30,0x70,0x50,0x50,0x59,0x59,0x48,0x70,0x30,0x68,0x70,0x6A,
    0x30,0x28,0x28,0x48,0x18,0x50,0x50,0x50,0x50,0x18,0x20,0x20,0x48,0x00,0x00,0x28,
    0x28,0x58,0x28,0x20,0x28,0x28,0x00,0x00,0x38,0x28,0x00,0x20,0x00,0x00,0x68,0x70,
    0x00,0x00,0x20,0x20,0x40,0x28,0x68,0x68,0x31,0x31,0x28,0x30,0x28,0x00,0x00,0x00,
    0x00,0x00,0x00,0x00,0x38,0x39,0x28,0x30,0x31,0x31,0x39,0x59,0x30,0x00,0x68,0x68,
    0x09,0x38,0x18,0x18,0x19,0x19,0x38,0x30,0x39,0x11,0x10,0x18,0x59,0x59,0x00,0x00,
    0x00,0x00,0x30,0x30,0x11,0x18,0x58,0x08,0x51,0x39,0x38,0x28,0x39,0x38,0x50,0x28,
    0x09,0x09,0x18,0x10,0x11,0x19,0x38,0x10,0x11,0x18,0x18,0x08,0x19,0x10,0x00,0x08,
    0x00,0x00,0x39,0x18,0x11,0x11,0x38,0x18,0x11,0x31,0x18,0x10,0x19,0x18,0x08,0x08,
    0x01,0x01,0x01,0x01,0x09,0x09,0x29,0x09,0x29,0x01,0x09,0x11,0x09,0x11,0x01,0x01,
    0x29,0x29,0x01,0x09,0x01,0x09,0x19,0x19,0x29,0x29,0x01,0x01,0x01,0x01,0x01,0x09,
    0x09,0x29,0x01,0x01,0x29,0x29,0x51,0x29,0x29,0x29,0x01,0x09,0x01,0x01,0x29,0x29,
    0x01,0x01,0x29,0x29,0x29,0x01,0x29,0x29,0x29,0x29,0x01,0x01,0x01,0x01,0x01,0x01,
    0x3B,0x3B,0x2B,0x03,0x2B,0x2B,0x03,0x03,0x2B,0x2B,0x53,0x2B,0x03,0x03,0x03,0x03,
    0x03,0x03,0x33,0x33,0x2B,0x2B,0x03,0x03,0x2B,0x2B,0x2B,0x53,0x13,0x0B,0x53,0x2B,
    0x33,0x33,0x0B,0x03,0x0B,0x03,0x2B,0x2B,0x33,0x32,0x0B,0x0B,0x0B,0x03,0x03,0x03,
    0x03,0x03,0x03,0x53,0x03,0x0B,0x2B,0x53,0x5A,0x3A,0x13,0x0B,0x0B,0x03,0x2B,0x2B,
    0x2A,0x3A,0x0A,0x1B,0x1A,0x12,0x13,0x33,0x2A,0x2A,0x12,0x3B,0x52,0x5A,0x02,0x02,
    0x02,0x02,0x3A,0x2A,0x1A,0x1A,0x3B,0x33,0x2A,0x4A,0x12,0x3B,0x12,0x12,0x2A,0x2B,
    0x02,0x02,0x32,0x32,0x02,0x02,0x53,0x53,0x02,0x02,0x3A,0x5A,0x2B,0x2B,0x02,0x02,
    0x02,0x02,0x02,0x02,0x33,0x33,0x02,0x02,0x02,0x02,0x32,0x33,0x3B,0x3A,0x2B,0x2B,
    0x70,0x48,0x52,0x4A,0x5B,0x5A,0x2B,0x2B,0x72,0x4A,0x3A,0x3A,0x78,0x78,0x02,0x02,
    0x70,0x70,0x50,0x68,0x70,0x70,0x33,0x33,0x70,0x28,0x28,0x20,0x72,0x68,0x02,0x02,
    0x68,0x50,0x22,0x02,0x22,0x22,0x3A,0x3A,0x6A,0x4A,0x62,0x2A,0x22,0x02,0x02,0x02,
    0x02,0x02,0x52,0x4A,0x52,0x4A,0x32,0x32,0x4A,0x72,0x70,0x78,0x22,0x02,0x2A,0x5A,
    0x00,0x00,0x60,0x68,0x50,0x70,0x00,0x00,0x78,0x78,0x68,0x70,0x68,0x50,0x00,0x00,
    0x00,0x00,0x00,0x00,0x4A,0x28,0x00,0x00,0x78,0x78,0x60,0x52,0x6A,0x68,0x00,0x00,
    0x00,0x00,0x00,0x00,0x00,0x00,0x00,0x00,0x00,0x00,0x00,0x00,0x00,0x00,0x00,0x00,
    0x00,0x00,0x00,0x00,0x00,0x00,0x00,0x00,0x00,0x00,0x00,0x00,0x00,0x00,0x00,0x00,
    0x02,0x02,0x02,0x02,0x02,0x02,0x02,0x02,0x02,0x02,0x02,0x02,0x02,0x02,0x02,0x02,
    0x02,0x02,0x02,0x02,0x78,0x78,0x02,0x02,0x02,0x02,0x28,0x20,0x68,0x68,0x02,0x02,
    0x50,0x50,0x42,0x02,0x62,0x4A,0x02,0x02,0x28,0x50,0x60,0x68,0x42,0x60,0x02,0x02,
    0x02,0x02,0x2A,0x2A,0x4A,0x22,0x2A,0x2A,0x30,0x30,0x6A,0x6A,0x62,0x42,0x3A,0x3A,
    0x4A,0x52,0x40,0x62,0x40,0x62,0x68,0x68,0x48,0x48,0x40,0x68,0x28,0x20,0x70,0x70,
    0x6A,0x6A,0x28,0x48,0x48,0x40,0x6A,0x6A,0x28,0x28,0x20,0x40,0x40,0x40,0x48,0x42,
    0x00,0x00,0x68,0x68,0x4A,0x68,0x00,0x00,0x00,0x00,0x68,0x50,0x48,0x48,0x00,0x00,
    0x00,0x00,0x00,0x00,0x28,0x28,0x00,0x00,0x70,0x70,0x4A,0x6A,0x68,0x28,0x6A,0x68,
    0x51,0x58,0x39,0x39,0x29,0x29,0x00,0x00,0x00,0x00,0x00,0x00,0x00,0x00,0x00,0x00,
    0x00,0x00,0x30,0x28,0x38,0x59,0x00,0x00,0x29,0x29,0x31,0x31,0x51,0x39,0x59,0x59,
    0x39,0x31,0x08,0x00,0x08,0x00,0x68,0x68,0x29,0x39,0x10,0x10,0x08,0x00,0x68,0x72,
    0x00,0x00,0x28,0x28,0x00,0x00,0x60,0x60,0x29,0x29,0x18,0x30,0x08,0x08,0x72,0x72,
    0x29,0x29,0x01,0x09,0x09,0x09,0x48,0x48,0x29,0x31,0x01,0x09,0x31,0x31,0x01,0x01,
    0x38,0x59,0x01,0x09,0x11,0x19,0x38,0x28,0x31,0x29,0x11,0x09,0x01,0x09,0x10,0x10,
    0x29,0x29,0x31,0x29,0x09,0x09,0x59,0x59,0x29,0x29,0x31,0x31,0x11,0x38,0x01,0x01,
    0x01,0x01,0x01,0x01,0x29,0x29,0x58,0x58,0x01,0x01,0x31,0x31,0x09,0x31,0x31,0x31,
    0x03,0x03,0x03,0x03,0x03,0x03,0x03,0x03,0x03,0x03,0x03,0x03,0x03,0x03,0x03,0x03,
    0x03,0x03,0x03,0x03,0x03,0x03,0x03,0x03,0x03,0x03,0x03,0x03,0x53,0x53,0x53,0x53,
    0x2B,0x53,0x5B,0x1B,0x3B,0x3B,0x03,0x03,0x03,0x03,0x3B,0x3B,0x3A,0x3A,0x5B,0x5B,
    0x03,0x03,0x03,0x03,0x03,0x03,0x32,0x32,0x03,0x03,0x5A,0x5A,0x2A,0x2A,0x33,0x33,
    0x02,0x02,0x02,0x02,0x02,0x02,0x02,0x02,0x02,0x02,0x02,0x02,0x02,0x02,0x02,0x02,
    0x02,0x02,0x02,0x02,0x70,0x72,0x02,0x02,0x02,0x02,0x2A,0x2A,0x68,0x50,0x52,0x52,
    0x02,0x02,0x02,0x02,0x02,0x02,0x2B,0x2B,0x02,0x02,0x02,0x02,0x02,0x02,0x02,0x02,
    0x02,0x02,0x02,0x02,0x02,0x02,0x02,0x02,0x02,0x02,0x02,0x02,0x5A,0x5A,0x2B,0x2B,
    0x02,0x02,0x02,0x02,0x28,0x28,0x02,0x02,0x50,0x50,0x02,0x02,0x02,0x02,0x02,0x02,
    0x02,0x02,0x02,0x02,0x28,0x28,0x02,0x02,0x02,0x02,0x28,0x28,0x50,0x00,0x02,0x02,
    0x02,0x02,0x28,0x50,0x28,0x28,0x02,0x02,0x28,0x28,0x20,0x28,0x28,0x00,0x00,0x00,
    0x02,0x02,0x02,0x02,0x02,0x02,0x02,0x02,0x28,0x28,0x00,0x28,0x00,0x00,0x28,0x00,
    0x00,0x00,0x00,0x00,0x30,0x30,0x00,0x00,0x50,0x50,0x00,0x00,0x00,0x00,0x00,0x00,
    0x00,0x00,0x00,0x00,0x59,0x59,0x00,0x00,0x00,0x00,0x58,0x70,0x58,0x30,0x00,0x00,
    0x00,0x00,0x59,0x59,0x00,0x00,0x00,0x00,0x00,0x00,0x00,0x00,0x00,0x00,0x72,0x72,
    0x00,0x00,0x00,0x00,0x00,0x00,0x00,0x00,0x00,0x00,0x00,0x00,0x00,0x00,0x2A,0x2A,
    0x02,0x02,0x02,0x02,0x02,0x02,0x02,0x02,0x02,0x02,0x02,0x02,0x02,0x02,0x02,0x02,
    0x02,0x02,0x02,0x02,0x02,0x02,0x02,0x02,0x02,0x02,0x02,0x02,0x02,0x02,0x02,0x02,
    0x02,0x02,0x02,0x02,0x02,0x02,0x02,0x02,0x02,0x02,0x02,0x02,0x02,0x02,0x02,0x02,
    0x02,0x02,0x02,0x02,0x02,0x02,0x02,0x02,0x02,0x02,0x02,0x02,0x02,0x02,0x02,0x02,
    0x00,0x00,0x00,0x00,0x30,0x30,0x50,0x50,0x58,0x58,0x00,0x00,0x00,0x00,0x00,0x00,
    0x00,0x00,0x58,0x58,0x50,0x30,0x50,0x30,0x31,0x31,0x31,0x31,0x30,0x00,0x28,0x28,
    0x00,0x00,0x00,0x00,0x00,0x00,0x00,0x00,0x00,0x00,0x28,0x28,0x00,0x00,0x28,0x28,
    0x00,0x00,0x00,0x00,0x00,0x00,0x00,0x00,0x00,0x00,0x59,0x59,0x30,0x30,0x58,0x58,
    0x00,0x00,0x00,0x00,0x29,0x29,0x00,0x00,0x29,0x29,0x00,0x00,0x00,0x00,0x00,0x00,
    0x00,0x00,0x00,0x00,0x00,0x00,0x00,0x00,0x00,0x00,0x00,0x00,0x59,0x59,0x00,0x00,
    0x51,0x51,0x00,0x00,0x31,0x29,0x00,0x00,0x29,0x29,0x01,0x51,0x29,0x31,0x38,0x30,
    0x00,0x00,0x00,0x00,0x00,0x00,0x00,0x00,0x29,0x29,0x29,0x29,0x09,0x29,0x50,0x29,
    0x01,0x01,0x51,0x51,0x31,0x51,0x01,0x01,0x29,0x29,0x31,0x31,0x01,0x01,0x01,0x01,
    0x01,0x01,0x01,0x01,0x29,0x29,0x29,0x29,0x01,0x01,0x31,0x31,0x51,0x51,0x29,0x29,
    0x01,0x01,0x01,0x01,0x51,0x51,0x39,0x39,0x01,0x01,0x01,0x01,0x01,0x01,0x30,0x30,
    0x01,0x01,0x01,0x01,0x01,0x01,0x29,0x29,0x01,0x01,0x01,0x01,0x51,0x29,0x19,0x19,
    0x3B,0x3B,0x2B,0x2B,0x53,0x53,0x03,0x03,0x03,0x03,0x03,0x03,0x03,0x03,0x03,0x03,
    0x03,0x03,0x03,0x03,0x03,0x03,0x03,0x03,0x03,0x03,0x03,0x03,0x03,0x03,0x03,0x03,
    0x03,0x03,0x03,0x03,0x33,0x33,0x03,0x03,0x03,0x03,0x03,0x03,0x03,0x03,0x03,0x03,
    0x03,0x03,0x03,0x03,0x03,0x03,0x03,0x03,0x2B,0x2B,0x03,0x03,0x03,0x03,0x03,0x03,
    0x02,0x02,0x02,0x02,0x02,0x02,0x02,0x02,0x02,0x02,0x02,0x02,0x02,0x02,0x02,0x02,
    0x02,0x02,0x02,0x02,0x02,0x02,0x02,0x02,0x02,0x02,0x02,0x02,0x53,0x53,0x02,0x02,
    0x02,0x02,0x02,0x02,0x02,0x02,0x02,0x02,0x02,0x02,0x02,0x02,0x02,0x02,0x02,0x02,
    0x02,0x02,0x02,0x02,0x02,0x02,0x02,0x02,0x02,0x02,0x02,0x02,0x02,0x02,0x02,0x02,
    0x02,0x02,0x02,0x02,0x02,0x02,0x02,0x02,0x02,0x02,0x02,0x02,0x02,0x02,0x02,0x02,
    0x02,0x02,0x02,0x02,0x02,0x02,0x02,0x02,0x02,0x02,0x02,0x02,0x02,0x02,0x02,0x02,
    0x02,0x02,0x02,0x02,0x02,0x02,0x02,0x02,0x02,0x02,0x02,0x02,0x02,0x02,0x02,0x02,
    0x02,0x02,0x02,0x02,0x02,0x02,0x02,0x02,0x02,0x02,0x02,0x02,0x02,0x02,0x02,0x02,
    0x00,0x00,0x00,0x00,0x00,0x00,0x00,0x00,0x00,0x00,0x00,0x00,0x00,0x00,0x00,0x00,
    0x00,0x00,0x00,0x00,0x00,0x00,0x00,0x00,0x00,0x00,0x00,0x00,0x00,0x00,0x00,0x00,
    0x00,0x00,0x00,0x00,0x00,0x00,0x00,0x00,0x00,0x00,0x00,0x00,0x00,0x00,0x00,0x00,
    0x00,0x00,0x00,0x00,0x00,0x00,0x00,0x00,0x00,0x00,0x00,0x00,0x00,0x00,0x00,0x00,
    0x02,0x02,0x02,0x02,0x02,0x02,0x02,0x02,0x02,0x02,0x02,0x02,0x02,0x02,0x02,0x02,
    0x02,0x02,0x02,0x02,0x02,0x02,0x02,0x02,0x02,0x02,0x02,0x02,0x02,0x02,0x02,0x02,
    0x02,0x02,0x02,0x02,0x02,0x02,0x02,0x02,0x02,0x02,0x02,0x02,0x02,0x02,0x02,0x02,
    0x02,0x02,0x02,0x02,0x02,0x02,0x02,0x02,0x02,0x02,0x02,0x02,0x02,0x02,0x02,0x02,
    0x00,0x00,0x00,0x00,0x00,0x00,0x00,0x00,0x00,0x00,0x00,0x00,0x00,0x00,0x00,0x00,
    0x00,0x00,0x00,0x00,0x00,0x00,0x00,0x00,0x00,0x00,0x00,0x00,0x00,0x00,0x00,0x00,
    0x00,0x00,0x00,0x00,0x00,0x00,0x00,0x00,0x00,0x00,0x00,0x00,0x00,0x00,0x00,0x00,
    0x00,0x00,0x00,0x00,0x00,0x00,0x00,0x00,0x00,0x00,0x00,0x00,0x00,0x00,0x00,0x00,
    0x00,0x00,0x00,0x00,0x00,0x00,0x00,0x00,0x00,0x00,0x00,0x00,0x00,0x00,0x00,0x00,
    0x00,0x00,0x00,0x00,0x00,0x00,0x00,0x00,0x00,0x00,0x00,0x00,0x00,0x00,0x00,0x00,
    0x00,0x00,0x00,0x00,0x50,0x50,0x00,0x00,0x00,0x00,0x50,0x50,0x52,0x52,0x00,0x00,
    0x00,0x00,0x00,0x00,0x00,0x00,0x00,0x00,0x00,0x00,0x00,0x00,0x00,0x00,0x00,0x00,
    0x01,0x01,0x01,0x01,0x01,0x01,0x01,0x01,0x01,0x01,0x01,0x01,0x01,0x01,0x01,0x01,
    0x01,0x01,0x01,0x01,0x58,0x58,0x01,0x01,0x01,0x01,0x01,0x01,0x01,0x01,0x01,0x01,
    0x01,0x01,0x01,0x01,0x01,0x01,0x01,0x01,0x01,0x01,0x01,0x01,0x01,0x01,0x01,0x01,
    0x01,0x01,0x01,0x01,0x01,0x01,0x01,0x01,0x01,0x01,0x01,0x01,0x01,0x01,0x01,0x01,
    0x32,0x32,0x3A,0x5A,0x03,0x03,0x03,0x03,0x03,0x03,0x03,0x03,0x03,0x03,0x03,0x03,
    0x52,0x52,0x03,0x03,0x33,0x53,0x03,0x03,0x03,0x03,0x03,0x03,0x03,0x03,0x03,0x03,
    0x03,0x03,0x13,0x1B,0x3B,0x2B,0x03,0x03,0x03,0x03,0x0B,0x13,0x0B,0x2B,0x03,0x03,
    0x03,0x03,0x5B,0x5B,0x3A,0x3A,0x3A,0x3A,0x4A,0x4A,0x0B,0x13,0x13,0x13,0x2B,0x0B,
    0x52,0x6A,0x22,0x0A,0x2A,0x32,0x7B,0x7B,0x52,0x2A,0x2A,0x2A,0x32,0x32,0x02,0x02,
    0x02,0x02,0x2A,0x53,0x12,0x2A,0x52,0x52,0x5A,0x70,0x02,0x0A,0x0A,0x0A,0x2B,0x2B,
    0x02,0x02,0x02,0x02,0x48,0x70,0x02,0x02,0x00,0x28,0x48,0x48,0x02,0x02,0x02,0x02,
    0x50,0x50,0x02,0x02,0x70,0x70,0x02,0x02,0x02,0x02,0x32,0x52,0x52,0x52,0x02,0x02,
    0x4A,0x4A,0x4A,0x4A,0x4A,0x4A,0x02,0x02,0x02,0x02,0x7B,0x52,0x02,0x02,0x02,0x02,
    0x02,0x02,0x02,0x02,0x4A,0x4A,0x02,0x02,0x4A,0x4A,0x52,0x52,0x02,0x02,0x02,0x02,
    0x02,0x02,0x22,0x42,0x62,0x6A,0x02,0x02,0x50,0x50,0x62,0x2A,0x3A,0x52,0x52,0x52,
    0x02,0x02,0x48,0x68,0x60,0x28,0x4A,0x4A,0x02,0x02,0x42,0x2A,0x6A,0x42,0x4A,0x4A,
    0x30,0x30,0x70,0x70,0x48,0x48,0x00,0x00,0x50,0x00,0x50,0x28,0x00,0x00,0x00,0x00,
    0x50,0x50,0x28,0x50,0x40,0x28,0x00,0x00,0x48,0x48,0x52,0x48,0x68,0x68,0x00,0x00,
    0x00,0x00,0x00,0x00,0x00,0x00,0x00,0x00,0x00,0x00,0x28,0x28,0x00,0x00,0x00,0x00,
    0x00,0x00,0x00,0x00,0x00,0x00,0x00,0x00,0x00,0x00,0x28,0x28,0x00,0x00,0x00,0x00,
    0x58,0x58,0x38,0x38,0x02,0x02,0x02,0x02,0x02,0x02,0x02,0x02,0x02,0x02,0x02,0x02,
    0x02,0x02,0x02,0x02,0x02,0x02,0x02,0x02,0x02,0x02,0x02,0x02,0x02,0x02,0x02,0x02,
    0x02,0x02,0x68,0x68,0x70,0x70,0x02,0x02,0x02,0x02,0x28,0x68,0x02,0x02,0x02,0x02,
    0x39,0x39,0x50,0x50,0x7A,0x7A,0x50,0x50,0x02,0x02,0x70,0x28,0x28,0x68,0x2A,0x2A,
    0x58,0x58,0x70,0x30,0x38,0x70,0x00,0x00,0x58,0x39,0x78,0x78,0x00,0x00,0x00,0x00,
    0x00,0x00,0x58,0x28,0x28,0x48,0x28,0x28,0x00,0x00,0x48,0x40,0x50,0x48,0x4A,0x4A,
    0x00,0x00,0x00,0x00,0x50,0x50,0x00,0x00,0x51,0x51,0x00,0x00,0x00,0x28,0x00,0x00,
    0x00,0x00,0x00,0x00,0x59,0x59,0x59,0x59,0x29,0x29,0x28,0x78,0x48,0x48,0x00,0x00,
    0x29,0x29,0x39,0x09,0x31,0x39,0x00,0x00,0x00,0x00,0x58,0x58,0x00,0x00,0x00,0x00,
    0x00,0x00,0x31,0x59,0x00,0x00,0x00,0x00,0x00,0x00,0x31,0x31,0x59,0x59,0x00,0x00,
    0x51,0x51,0x10,0x38,0x31,0x38,0x29,0x29,0x29,0x31,0x18,0x10,0x38,0x38,0x28,0x28,
    0x00,0x00,0x31,0x11,0x31,0x38,0x31,0x31,0x29,0x29,0x38,0x08,0x39,0x30,0x50,0x28,
    0x29,0x31,0x09,0x01,0x29,0x11,0x31,0x59,0x29,0x29,0x29,0x31,0x31,0x31,0x01,0x01,
    0x01,0x01,0x31,0x09,0x01,0x09,0x31,0x59,0x51,0x51,0x09,0x01,0x01,0x09,0x31,0x31,
    0x01,0x01,0x29,0x29,0x01,0x01,0x01,0x01,0x01,0x01,0x29,0x29,0x51,0x51,0x01,0x01,
    0x01,0x01,0x51,0x51,0x29,0x29,0x01,0x01,0x01,0x01,0x29,0x29,0x29,0x51,0x01,0x01,
    0x2B,0x0B,0x13,0x13,0x13,0x0B,0x2B,0x2B,0x2B,0x2B,0x2B,0x0B,0x03,0x03,0x03,0x03,
    0x03,0x03,0x5B,0x5B,0x33,0x03,0x03,0x03,0x33,0x33,0x2B,0x2B,0x2B,0x2B,0x03,0x03,
    0x5B,0x3B,0x0B,0x03,0x03,0x03,0x2B,0x2B,0x33,0x3A,0x0B,0x13,0x03,0x03,0x03,0x03,
    0x03,0x03,0x33,0x33,0x0B,0x0B,0x2B,0x03,0x13,0x33,0x13,0x13,0x0B,0x03,0x2B,0x2B,
    0x03,0x0B,0x13,0x0B,0x1B,0x13,0x3A,0x03,0x33,0x33,0x33,0x13,0x2B,0x2B,0x02,0x02,
    0x2B,0x2B,0x13,0x33,0x1B,0x1B,0x13,0x33,0x33,0x13,0x0B,0x0B,0x1B,0x1B,0x3B,0x13,
    0x02,0x02,0x02,0x02,0x70,0x70,0x02,0x02,0x72,0x72,0x5A,0x3A,0x2B,0x53,0x02,0x02,
    0x02,0x02,0x5A,0x5A,0x32,0x3A,0x13,0x5B,0x3A,0x5A,0x3A,0x3A,0x3B,0x3B,0x2B,0x2B,
    0x2A,0x3A,0x42,0x42,0x32,0x52,0x33,0x33,0x2A,0x52,0x13,0x5B,0x02,0x02,0x02,0x02,
    0x4A,0x6A,0x6A,0x52,0x2A,0x4A,0x3A,0x3A,0x2A,0x6A,0x4A,0x2A,0x02,0x02,0x02,0x02,
    0x02,0x02,0x22,0x02,0x2A,0x22,0x32,0x3A,0x2A,0x4A,0x4A,0x4A,0x2A,0x2A,0x02,0x02,
    0x02,0x02,0x28,0x48,0x6A,0x62,0x52,0x3A,0x70,0x28,0x70,0x52,0x02,0x0A,0x3B,0x53,
    0x48,0x48,0x68,0x5A,0x50,0x50,0x78,0x78,0x28,0x28,0x50,0x50,0x78,0x78,0x00,0x00,
    0x28,0x28,0x28,0x28,0x50,0x20,0x00,0x00,0x28,0x28,0x6A,0x2A,0x72,0x4A,0x00,0x00,
    0x00,0x00,0x00,0x00,0x28,0x28,0x00,0x00,0x28,0x28,0x00,0x28,0x50,0x50,0x00,0x00,
    0x00,0x00,0x00,0x00,0x28,0x28,0x00,0x00,0x50,0x50,0x00,0x00,0x00,0x00,0x00,0x00,
    0x52,0x52,0x2A,0x2A,0x2A,0x2A,0x2A,0x2A,0x02,0x02,0x52,0x2A,0x02,0x02,0x02,0x02,
    0x02,0x02,0x2A,0x2A,0x0A,0x32,0x02,0x02,0x02,0x02,0x3A,0x5B,0x02,0x02,0x02,0x02,
    0x4A,0x4A,0x22,0x02,0x02,0x02,0x6A,0x6A,0x68,0x6A,0x6A,0x6A,0x2A,0x62,0x02,0x02,
    0x02,0x02,0x52,0x4A,0x62,0x42,0x68,0x6A,0x6A,0x48,0x20,0x70,0x22,0x22,0x32,0x32,
    0x4A,0x4A,0x42,0x42,0x62,0x42,0x22,0x4A,0x6A,0x48,0x42,0x42,0x6A,0x48,0x00,0x00,
    0x00,0x00,0x68,0x52,0x6A,0x60,0x42,0x4A,0x52,0x68,0x42,0x22,0x42,0x22,0x4A,0x3A,
    0x00,0x00,0x4A,0x72,0x70,0x48,0x00,0x00,0x20,0x00,0x00,0x40,0x40,0x48,0x00,0x00,
    0x30,0x50,0x28,0x28,0x20,0x00,0x50,0x68,0x68,0x48,0x00,0x50,0x48,0x28,0x4A,0x4A,
    0x28,0x59,0x30,0x08,0x31,0x18,0x00,0x00,0x50,0x50,0x28,0x28,0x00,0x00,0x00,0x00,
    0x00,0x00,0x18,0x30,0x29,0x38,0x50,0x50,0x30,0x30,0x50,0x50,0x2A,0x2A,0x00,0x00,
    0x29,0x29,0x08,0x08,0x08,0x00,0x00,0x00,0x50,0x38,0x08,0x00,0x00,0x00,0x50,0x28,
    0x00,0x00,0x30,0x30,0x08,0x00,0x28,0x70,0x58,0x31,0x30,0x10,0x00,0x00,0x68,0x68,
    0x29,0x31,0x09,0x09,0x11,0x11,0x10,0x59,0x31,0x31,0x01,0x09,0x39,0x30,0x01,0x01,
    0x01,0x01,0x01,0x11,0x11,0x10,0x51,0x30,0x29,0x39,0x09,0x09,0x01,0x09,0x50,0x28,
    0x01,0x01,0x29,0x29,0x09,0x29,0x01,0x01,0x11,0x11,0x51,0x38,0x09,0x31,0x01,0x01,
    0x01,0x01,0x01,0x01,0x39,0x39,0x29,0x29,0x29,0x29,0x29,0x19,0x29,0x29,0x29,0x29,
    0x03,0x03,0x03,0x03,0x5A,0x5A,0x03,0x03,0x03,0x03,0x03,0x03,0x03,0x03,0x03,0x03,
    0x03,0x03,0x03,0x03,0x03,0x03,0x03,0x03,0x03,0x03,0x53,0x53,0x03,0x03,0x03,0x03,
    0x03,0x03,0x33,0x13,0x1B,0x52,0x03,0x03,0x03,0x03,0x13,0x13,0x33,0x33,0x03,0x03,
    0x03,0x03,0x03,0x03,0x03,0x03,0x2B,0x2B,0x72,0x72,0x2B,0x33,0x2B,0x13,0x2B,0x53,
    0x02,0x02,0x3B,0x5A,0x72,0x2A,0x32,0x32,0x02,0x02,0x52,0x52,0x02,0x02,0x02,0x02,
    0x02,0x02,0x02,0x02,0x0A,0x2A,0x3B,0x53,0x70,0x70,0x2A,0x2A,0x0A,0x32,0x33,0x5B,
    0x02,0x02,0x02,0x02,0x02,0x02,0x5B,0x5B,0x02,0x02,0x72,0x72,0x5B,0x5B,0x02,0x02,
    0x02,0x02,0x02,0x02,0x6A,0x6A,0x02,0x02,0x02,0x02,0x32,0x2A,0x2A,0x52,0x3A,0x3A,
    0x50,0x50,0x48,0x48,0x50,0x50,0x02,0x02,0x02,0x02,0x68,0x68,0x02,0x02,0x02,0x02,
    0x02,0x02,0x02,0x02,0x70,0x70,0x02,0x02,0x68,0x48,0x50,0x50,0x02,0x02,0x02,0x02,
    0x02,0x02,0x42,0x4A,0x48,0x48,0x50,0x50,0x50,0x28,0x48,0x6A,0x28,0x28,0x02,0x02,
    0x02,0x02,0x02,0x02,0x68,0x48,0x48,0x48,0x48,0x48,0x68,0x62,0x28,0x48,0x6A,0x6A,
    0x00,0x00,0x28,0x48,0x20,0x48,0x6A,0x6A,0x00,0x00,0x28,0x48,0x00,0x00,0x00,0x00,
    0x00,0x00,0x48,0x48,0x28,0x00,0x00,0x00,0x00,0x00,0x20,0x20,0x28,0x28,0x68,0x68,
    0x00,0x00,0x00,0x00,0x38,0x38,0x72,0x72,0x00,0x00,0x28,0x28,0x50,0x50,0x00,0x00,
    0x00,0x00,0x00,0x00,0x30,0x30,0x28,0x28,0x00,0x00,0x00,0x00,0x28,0x28,0x00,0x00,
    0x02,0x02,0x02,0x02,0x02,0x02,0x02,0x02,0x02,0x02,0x02,0x02,0x02,0x02,0x02,0x02,
    0x02,0x02,0x02,0x02,0x02,0x02,0x02,0x02,0x02,0x02,0x02,0x02,0x02,0x02,0x02,0x02,
    0x02,0x02,0x02,0x02,0x02,0x02,0x02,0x02,0x02,0x02,0x02,0x02,0x58,0x30,0x02,0x02,
    0x02,0x02,0x02,0x02,0x28,0x28,0x50,0x50,0x50,0x50,0x59,0x59,0x28,0x28,0x02,0x02,
    0x30,0x38,0x30,0x30,0x38,0x30,0x30,0x28,0x58,0x38,0x48,0x70,0x72,0x72,0x00,0x00,
    0x00,0x00,0x39,0x59,0x38,0x30,0x18,0x38,0x30,0x30,0x28,0x30,0x28,0x28,0x50,0x28,
    0x00,0x00,0x00,0x00,0x50,0x50,0x00,0x00,0x00,0x00,0x38,0x38,0x28,0x28,0x28,0x28,
    0x00,0x00,0x00,0x00,0x39,0x39,0x18,0x30,0x31,0x31,0x11,0x31,0x28,0x48,0x68,0x68,
    0x29,0x51,0x29,0x09,0x29,0x31,0x31,0x51,0x51,0x29,0x29,0x29,0x00,0x00,0x00,0x00,
    0x51,0x51,0x31,0x31,0x51,0x29,0x29,0x29,0x29,0x29,0x31,0x31,0x39,0x39,0x00,0x00,
    0x29,0x29,0x39,0x31,0x31,0x51,0x31,0x51,0x29,0x29,0x31,0x18,0x31,0x31,0x28,0x38,
    0x00,0x00,0x29,0x29,0x09,0x31,0x11,0x19,0x29,0x09,0x31,0x31,0x11,0x11,0x30,0x39,
    0x29,0x29,0x01,0x29,0x29,0x01,0x11,0x31,0x29,0x29,0x09,0x31,0x01,0x01,0x01,0x01,
    0x01,0x01,0x51,0x31,0x29,0x01,0x11,0x31,0x01,0x01,0x09,0x11,0x29,0x01,0x29,0x29,
    0x01,0x01,0x29,0x51,0x29,0x29,0x38,0x38,0x01,0x01,0x01,0x29,0x38,0x38,0x38,0x38,
    0x01,0x01,0x01,0x01,0x29,0x29,0x38,0x38,0x01,0x01,0x01,0x29,0x51,0x09,0x09,0x51,
    0x03,0x33,0x0B,0x0B,0x03,0x03,0x2B,0x2B,0x2B,0x2B,0x53,0x53,0x03,0x03,0x03,0x03,
    0x33,0x33,0x03,0x2B,0x2B,0x2B,0x03,0x03,0x33,0x53,0x2B,0x2B,0x2B,0x2B,0x03,0x03,
    0x3B,0x5A,0x03,0x2B,0x0B,0x03,0x2B,0x2B,0x0B,0x2B,0x03,0x03,0x53,0x03,0x03,0x03,
    0x2A,0x2A,0x5B,0x53,0x13,0x13,0x2B,0x2B,0x13,0x3A,0x0B,0x03,0x0B,0x03,0x33,0x33,
    0x13,0x3B,0x13,0x13,0x1B,0x1B,0x3A,0x0B,0x33,0x3A,0x3B,0x33,0x5B,0x3B,0x02,0x02,
    0x2B,0x2B,0x32,0x3B,0x1B,0x1B,0x0B,0x0B,0x1B,0x5B,0x1B,0x13,0x3B,0x2B,0x02,0x02,
    0x02,0x02,0x02,0x02,0x2B,0x2B,0x02,0x02,0x33,0x33,0x13,0x13,0x02,0x02,0x02,0x02,
    0x02,0x02,0x02,0x02,0x5B,0x3B,0x03,0x2B,0x32,0x1B,0x3A,0x1B,0x13,0x2B,0x53,0x53,
    0x3B,0x5B,0x3B,0x33,0x3B,0x3A,0x33,0x33,0x5B,0x3B,0x3A,0x3B,0x02,0x02,0x02,0x02,
    0x02,0x02,0x02,0x02,0x5A,0x5A,0x02,0x02,0x02,0x02,0x4A,0x4A,0x32,0x32,0x02,0x02,
    0x02,0x02,0x5B,0x7B,0x3A,0x32,0x3A,0x3B,0x32,0x32,0x1B,0x3B,0x3B,0x3B,0x02,0x02,
    0x02,0x02,0x02,0x02,0x52,0x52,0x5B,0x5B,0x12,0x32,0x1A,0x1B,0x0A,0x0A,0x33,0x53,
    0x00,0x00,0x00,0x00,0x72,0x72,0x33,0x33,0x78,0x78,0x00,0x00,0x00,0x00,0x00,0x00,
    0x00,0x00,0x00,0x00,0x50,0x50,0x00,0x00,0x00,0x00,0x00,0x00,0x00,0x00,0x00,0x00,
    0x00,0x00,0x00,0x00,0x00,0x00,0x00,0x00,0x00,0x00,0x00,0x00,0x00,0x00,0x00,0x00,
    0x00,0x00,0x00,0x00,0x00,0x00,0x00,0x00,0x00,0x00,0x00,0x00,0x00,0x00,0x00,0x00,
    0x6A,0x6A,0x2A,0x2A,0x52,0x4A,0x02,0x02,0x02,0x02,0x02,0x02,0x02,0x02,0x02,0x02,
    0x48,0x48,0x02,0x02,0x2A,0x2A,0x02,0x02,0x02,0x02,0x02,0x02,0x02,0x02,0x02,0x02,
    0x68,0x68,0x4A,0x4A,0x68,0x68,0x52,0x2A,0x68,0x68,0x2A,0x2A,0x2A,0x2A,0x02,0x02,
    0x02,0x02,0x68,0x68,0x68,0x4A,0x02,0x02,0x40,0x68,0x48,0x6A,0x48,0x72,0x02,0x02,
    0x52,0x52,0x68,0x4A,0x4A,0x6A,0x72,0x72,0x50,0x50,0x42,0x2A,0x2A,0x2A,0x00,0x00,
    0x32,0x32,0x6A,0x2A,0x68,0x68,0x32,0x52,0x68,0x28,0x40,0x6A,0x4A,0x60,0x68,0x68,
    0x00,0x00,0x00,0x00,0x28,0x28,0x00,0x00,0x48,0x48,0x28,0x28,0x00,0x00,0x00,0x00,
    0x00,0x00,0x28,0x28,0x28,0x28,0x50,0x50,0x48,0x50,0x48,0x40,0x48,0x48,0x00,0x00,
    0x38,0x59,0x30,0x70,0x38,0x30,0x00,0x00,0x58,0x58,0x70,0x70,0x00,0x00,0x00,0x00,
    0x49,0x49,0x00,0x00,0x39,0x39,0x00,0x00,0x59,0x31,0x00,0x00,0x50,0x50,0x00,0x00,
    0x39,0x29,0x31,0x19,0x38,0x38,0x50,0x50,0x51,0x59,0x10,0x28,0x00,0x00,0x00,0x00,
    0x00,0x00,0x00,0x00,0x38,0x30,0x00,0x00,0x59,0x51,0x58,0x50,0x29,0x31,0x00,0x00,
    0x51,0x31,0x38,0x38,0x58,0x39,0x30,0x30,0x31,0x31,0x30,0x30,0x01,0x01,0x01,0x01,
    0x01,0x01,0x30,0x30,0x10,0x30,0x28,0x28,0x29,0x31,0x39,0x31,0x39,0x51,0x01,0x01,
    0x01,0x01,0x51,0x51,0x29,0x51,0x01,0x01,0x01,0x01,0x38,0x38,0x29,0x51,0x01,0x01,
    0x01,0x01,0x01,0x01,0x01,0x01,0x01,0x01,0x51,0x51,0x31,0x31,0x31,0x31,0x01,0x01,
    0x33,0x3A,0x0B,0x03,0x1A,0x1B,0x32,0x32,0x2B,0x33,0x2B,0x2B,0x2B,0x2B,0x03,0x03,
    0x03,0x03,0x0B,0x0B,0x13,0x13,0x2B,0x2B,0x3B,0x3A,0x0B,0x03,0x0B,0x03,0x5B,0x53,
    0x12,0x1A,0x13,0x13,0x1B,0x13,0x33,0x33,0x1A,0x32,0x13,0x0B,0x1B,0x13,0x2B,0x2B,
    0x03,0x03,0x33,0x13,0x52,0x1A,0x33,0x3A,0x52,0x32,0x13,0x13,0x1B,0x13,0x03,0x03,
    0x6A,0x70,0x3A,0x3A,0x12,0x3A,0x32,0x1B,0x78,0x72,0x32,0x12,0x0A,0x2A,0x02,0x02,
    0x33,0x53,0x5B,0x53,0x32,0x1A,0x3B,0x13,0x72,0x70,0x52,0x3A,0x12,0x1A,0x03,0x03,
    0x02,0x02,0x52,0x52,0x52,0x52,0x3B,0x3B,0x72,0x28,0x4A,0x5B,0x5A,0x5A,0x02,0x02,
    0x02,0x02,0x70,0x48,0x52,0x68,0x52,0x5B,0x70,0x48,0x72,0x52,0x12,0x12,0x3A,0x3A,
    0x62,0x6A,0x4A,0x42,0x62,0x42,0x72,0x62,0x62,0x68,0x42,0x62,0x68,0x68,0x02,0x02,
    0x02,0x02,0x60,0x48,0x68,0x60,0x4A,0x4A,0x68,0x68,0x6A,0x6A,0x6A,0x60,0x52,0x52,
    0x40,0x40,0x42,0x22,0x60,0x60,0x4A,0x4A,0x60,0x48,0x62,0x42,0x4A,0x2A,0x2A,0x3A,
    0x02,0x02,0x40,0x68,0x40,0x00,0x40,0x4A,0x40,0x40,0x60,0x42,0x62,0x42,0x02,0x0A,
    0x68,0x30,0x48,0x60,0x40,0x40,0x68,0x68,0x48,0x48,0x20,0x48,0x28,0x48,0x00,0x00,
    0x28,0x28,0x48,0x68,0x48,0x20,0x68,0x48,0x30,0x28,0x50,0x40,0x48,0x40,0x72,0x72,
    0x00,0x00,0x28,0x28,0x28,0x28,0x00,0x00,0x00,0x00,0x00,0x00,0x28,0x28,0x00,0x00,
    0x00,0x00,0x00,0x00,0x00,0x00,0x28,0x28,0x28,0x28,0x28,0x28,0x28,0x28,0x00,0x00,
    0x02,0x02,0x52,0x52,0x02,0x02,0x02,0x02,0x02,0x02,0x02,0x02,0x02,0x02,0x02,0x02,
    0x02,0x02,0x02,0x02,0x02,0x02,0x02,0x02,0x02,0x02,0x02,0x02,0x02,0x02,0x02,0x02,
    0x02,0x02,0x48,0x48,0x70,0x72,0x48,0x70,0x38,0x38,0x48,0x68,0x72,0x72,0x02,0x02,
    0x02,0x02,0x59,0x78,0x39,0x30,0x28,0x28,0x31,0x31,0x59,0x50,0x50,0x50,0x52,0x78,
    0x38,0x50,0x50,0x38,0x39,0x38,0x70,0x50,0x59,0x31,0x59,0x59,0x50,0x50,0x00,0x00,
    0x38,0x50,0x50,0x58,0x38,0x30,0x28,0x28,0x38,0x50,0x30,0x08,0x48,0x40,0x72,0x72,
    0x00,0x00,0x48,0x28,0x70,0x50,0x50,0x50,0x39,0x51,0x28,0x38,0x58,0x00,0x72,0x72,
    0x00,0x00,0x31,0x39,0x39,0x10,0x28,0x58,0x09,0x29,0x59,0x11,0x48,0x28,0x6A,0x6A,
    0x31,0x31,0x10,0x18,0x11,0x19,0x18,0x18,0x31,0x51,0x11,0x18,0x59,0x31,0x00,0x00,
    0x58,0x38,0x7A,0x31,0x31,0x39,0x38,0x50,0x29,0x29,0x31,0x31,0x38,0x38,0x28,0x28,
    0x09,0x09,0x10,0x10,0x11,0x19,0x39,0x10,0x11,0x31,0x18,0x10,0x19,0x19,0x28,0x28,
    0x00,0x00,0x38,0x19,0x09,0x11,0x10,0x11,0x11,0x01,0x10,0x08,0x18,0x10,0x00,0x08,
    0x01,0x09,0x01,0x09,0x09,0x01,0x29,0x11,0x29,0x29,0x01,0x09,0x31,0x31,0x01,0x01,
    0x29,0x29,0x11,0x09,0x01,0x01,0x31,0x11,0x01,0x29,0x01,0x01,0x01,0x11,0x09,0x11,
    0x31,0x51,0x01,0x01,0x29,0x01,0x51,0x29,0x29,0x29,0x01,0x01,0x01,0x01,0x51,0x51,
    0x01,0x01,0x29,0x51,0x29,0x01,0x29,0x01,0x29,0x29,0x01,0x01,0x01,0x01,0x01,0x01,
    0x13,0x03,0x03,0x03,0x0B,0x03,0x2B,0x2B,0x53,0x2B,0x2B,0x2B,0x2B,0x2B,0x03,0x03,
    0x03,0x03,0x2B,0x13,0x0B,0x03,0x53,0x2B,0x3B,0x33,0x0B,0x2B,0x03,0x0B,0x03,0x03,
    0x3A,0x3B,0x0B,0x03,0x0B,0x03,0x33,0x2B,0x13,0x3B,0x0B,0x0B,0x03,0x03,0x2B,0x2B,
    0x03,0x03,0x13,0x1B,0x0B,0x0B,0x33,0x2B,0x13,0x3A,0x13,0x13,0x0B,0x0B,0x03,0x2B,
    0x5B,0x3B,0x1B,0x1B,0x1A,0x1A,0x1B,0x13,0x1A,0x2A,0x1A,0x13,0x1B,0x3B,0x02,0x02,
    0x3A,0x3A,0x1B,0x1A,0x1A,0x1A,0x3B,0x3A,0x12,0x3A,0x1B,0x13,0x1A,0x1B,0x13,0x0B,
    0x02,0x02,0x52,0x2A,0x5A,0x32,0x2B,0x53,0x32,0x32,0x3A,0x32,0x3A,0x3A,0x02,0x02,
    0x02,0x02,0x2A,0x2A,0x12,0x12,0x32,0x32,0x3A,0x12,0x12,0x32,0x12,0x12,0x13,0x2B,
    0x4A,0x4A,0x42,0x52,0x70,0x4A,0x53,0x5B,0x52,0x2A,0x52,0x52,0x02,0x02,0x02,0x02,
    0x02,0x02,0x68,0x62,0x68,0x68,0x53,0x53,0x48,0x48,0x6A,0x6A,0x2A,0x52,0x02,0x02,
    0x20,0x50,0x22,0x22,0x22,0x22,0x5A,0x32,0x22,0x68,0x42,0x42,0x02,0x02,0x33,0x53,
    0x02,0x02,0x4A,0x52,0x4A,0x22,0x5A,0x5B,0x70,0x70,0x60,0x70,0x22,0x02,0x3A,0x32,
    0x28,0x28,0x62,0x42,0x70,0x60,0x5A,0x5A,0x4A,0x68,0x6A,0x52,0x48,0x68,0x00,0x00,
    0x00,0x00,0x48,0x48,0x60,0x48,0x00,0x00,0x4A,0x4A,0x42,0x2A,0x62,0x62,0x00,0x00,
    0x00,0x00,0x00,0x00,0x50,0x50,0x00,0x00,0x00,0x00,0x50,0x50,0x50,0x50,0x00,0x00,
    0x00,0x00,0x00,0x00,0x00,0x00,0x00,0x00,0x00,0x00,0x00,0x00,0x00,0x00,0x00,0x00,
    0x02,0x02,0x2A,0x0A,0x2A,0x32,0x52,0x52,0x02,0x02,0x2A,0x2A,0x02,0x02,0x02,0x02,
    0x02,0x02,0x2A,0x2A,0x72,0x22,0x02,0x02,0x4A,0x4A,0x68,0x72,0x52,0x52,0x52,0x52,
    0x68,0x68,0x22,0x22,0x42,0x42,0x52,0x52,0x28,0x68,0x42,0x72,0x42,0x22,0x02,0x02,
    0x02,0x02,0x2A,0x2A,0x42,0x22,0x4A,0x4A,0x28,0x48,0x60,0x40,0x62,0x42,0x5A,0x5A,
    0x68,0x68,0x62,0x42,0x60,0x62,0x28,0x60,0x28,0x28,0x60,0x60,0x68,0x28,0x00,0x00,
    0x70,0x68,0x60,0x62,0x60,0x42,0x48,0x48,0x20,0x48,0x42,0x22,0x62,0x42,0x22,0x02,
    0x50,0x50,0x68,0x72,0x4A,0x2A,0x6A,0x6A,0x28,0x28,0x40,0x50,0x40,0x48,0x52,0x52,
    0x00,0x00,0x48,0x28,0x00,0x00,0x40,0x28,0x28,0x28,0x00,0x20,0x20,0x00,0x68,0x50,
    0x29,0x29,0x39,0x09,0x29,0x09,0x58,0x58,0x79,0x52,0x58,0x79,0x00,0x00,0x00,0x00,
    0x00,0x00,0x31,0x31,0x29,0x31,0x00,0x00,0x29,0x01,0x31,0x29,0x29,0x58,0x00,0x00,
    0x29,0x09,0x08,0x08,0x10,0x08,0x72,0x72,0x01,0x09,0x10,0x08,0x08,0x00,0x72,0x72,
    0x00,0x00,0x10,0x08,0x10,0x08,0x50,0x28,0x01,0x01,0x10,0x10,0x10,0x10,0x58,0x50,
    0x11,0x11,0x09,0x09,0x09,0x11,0x58,0x39,0x01,0x09,0x01,0x09,0x01,0x09,0x01,0x01,
    0x31,0x31,0x01,0x01,0x09,0x11,0x18,0x28,0x29,0x29,0x09,0x11,0x09,0x09,0x10,0x28,
    0x01,0x29,0x01,0x01,0x29,0x01,0x29,0x29,0x29,0x29,0x31,0x39,0x01,0x01,0x01,0x01,
    0x01,0x01,0x51,0x51,0x11,0x11,0x38,0x38,0x31,0x31,0x01,0x11,0x01,0x01,0x19,0x38,
    0x03,0x03,0x3B,0x3B,0x03,0x03,0x03,0x03,0x03,0x03,0x53,0x53,0x03,0x03,0x03,0x03,
    0x03,0x03,0x2B,0x2B,0x2B,0x33,0x03,0x03,0x03,0x03,0x2B,0x2B,0x53,0x3B,0x53,0x2B,
    0x03,0x03,0x0B,0x0B,0x3B,0x13,0x3A,0x3A,0x2A,0x2A,0x0B,0x0B,0x33,0x13,0x5B,0x5B,
    0x03,0x03,0x52,0x32,0x12,0x2A,0x33,0x33,0x32,0x32,0x13,0x03,0x3B,0x13,0x0B,0x03,
    0x02,0x02,0x32,0x5A,0x4A,0x6A,0x5B,0x7B,0x02,0x02,0x5B,0x72,0x02,0x02,0x02,0x02,
    0x02,0x02,0x3A,0x3A,0x5A,0x52,0x32,0x1A,0x02,0x02,0x2A,0x4A,0x5A,0x32,0x2A,0x3A,
    0x02,0x02,0x0A,0x2A,0x32,0x32,0x33,0x33,0x02,0x02,0x70,0x70,0x32,0x32,0x2B,0x2B,
    0x02,0x02,0x02,0x02,0x6A,0x6A,0x02,0x02,0x02,0x02,0x6A,0x52,0x2A,0x4A,0x52,0x13,
    0x02,0x02,0x02,0x02,0x50,0x48,0x02,0x02,0x02,0x02,0x70,0x70,0x02,0x02,0x02,0x02,
    0x02,0x02,0x02,0x02,0x28,0x28,0x02,0x02,0x02,0x02,0x02,0x02,0x50,0x50,0x02,0x02,
    0x28,0x28,0x42,0x42,0x28,0x40,0x68,0x68,0x00,0x48,0x42,0x62,0x28,0x28,0x02,0x02,
    0x02,0x02,0x68,0x68,0x28,0x70,0x68,0x68,0x28,0x28,0x42,0x4A,0x00,0x40,0x62,0x22,
    0x00,0x00,0x00,0x00,0x28,0x08,0x48,0x48,0x00,0x00,0x48,0x70,0x00,0x00,0x00,0x00,
    0x00,0x00,0x79,0x79,0x00,0x00,0x68,0x68,0x00,0x00,0x00,0x00,0x08,0x00,0x00,0x00,
    0x00,0x00,0x38,0x30,0x00,0x00,0x2A,0x2A,0x00,0x00,0x28,0x28,0x00,0x00,0x2A,0x2A,
    0x00,0x00,0x00,0x00,0x00,0x00,0x50,0x50,0x00,0x00,0x50,0x50,0x58,0x58,0x42,0x42,
    0x02,0x02,0x02,0x02,0x02,0x02,0x02,0x02,0x02,0x02,0x02,0x02,0x02,0x02,0x02,0x02,
    0x02,0x02,0x02,0x02,0x02,0x02,0x02,0x02,0x02,0x02,0x02,0x02,0x02,0x02,0x02,0x02,
    0x02,0x02,0x2A,0x2A,0x68,0x68,0x02,0x02,0x02,0x02,0x6A,0x72,0x02,0x02,0x02,0x02,
    0x02,0x02,0x4A,0x4A,0x02,0x02,0x02,0x02,0x02,0x02,0x48,0x72,0x7A,0x52,0x2A,0x52,
    0x00,0x00,0x72,0x72,0x39,0x38,0x31,0x31,0x30,0x30,0x51,0x51,0x00,0x00,0x00,0x00,
    0x00,0x00,0x72,0x52,0x39,0x72,0x39,0x39,0x51,0x51,0x4A,0x7A,0x50,0x6A,0x6A,0x2A,
    0x00,0x00,0x28,0x28,0x28,0x28,0x70,0x70,0x00,0x00,0x00,0x28,0x28,0x28,0x52,0x52,
    0x00,0x00,0x00,0x00,0x39,0x39,0x38,0x38,0x29,0x29,0x31,0x31,0x38,0x38,0x40,0x50,
    0x00,0x00,0x00,0x00,0x29,0x29,0x00,0x00,0x51,0x29,0x29,0x29,0x00,0x00,0x00,0x00,
    0x00,0x00,0x00,0x00,0x59,0x59,0x00,0x00,0x00,0x00,0x00,0x00,0x29,0x29,0x00,0x00,
    0x59,0x59,0x38,0x38,0x01,0x11,0x31,0x38,0x29,0x09,0x11,0x18,0x31,0x51,0x58,0x58,
    0x00,0x00,0x31,0x31,0x51,0x29,0x59,0x31,0x01,0x01,0x19,0x19,0x09,0x09,0x30,0x19,
    0x01,0x01,0x01,0x29,0x01,0x01,0x39,0x39,0x29,0x29,0x01,0x29,0x31,0x31,0x01,0x01,
    0x01,0x01,0x29,0x29,0x01,0x01,0x39,0x59,0x51,0x51,0x01,0x01,0x01,0x01,0x01,0x09,
    0x01,0x01,0x01,0x01,0x29,0x51,0x11,0x11,0x01,0x01,0x01,0x51,0x29,0x29,0x10,0x10,
    0x01,0x01,0x29,0x29,0x01,0x29,0x29,0x29,0x01,0x01,0x01,0x01,0x29,0x01,0x29,0x01,
    0x0B,0x33,0x03,0x73,0x03,0x03,0x03,0x03,0x33,0x33,0x2B,0x2B,0x33,0x33,0x03,0x03,
    0x1A,0x1A,0x2B,0x2B,0x53,0x0B,0x03,0x03,0x3A,0x2B,0x2B,0x2B,0x03,0x03,0x4B,0x4B,
    0x03,0x03,0x03,0x03,0x03,0x03,0x2B,0x2B,0x33,0x2B,0x03,0x03,0x2B,0x0B,0x03,0x03,
    0x53,0x53,0x2B,0x2B,0x0B,0x0B,0x2B,0x2B,0x2B,0x2B,0x03,0x03,0x03,0x03,0x2B,0x2B,
    0x0B,0x33,0x03,0x0B,0x0B,0x13,0x23,0x2B,0x1A,0x1A,0x33,0x2B,0x33,0x33,0x02,0x02,
    0x2B,0x53,0x13,0x33,0x13,0x0B,0x2B,0x2B,0x3B,0x13,0x13,0x03,0x1B,0x13,0x53,0x2B,
    0x02,0x02,0x02,0x02,0x02,0x02,0x02,0x02,0x02,0x02,0x02,0x02,0x02,0x02,0x02,0x02,
    0x02,0x02,0x53,0x53,0x2B,0x2B,0x2B,0x2B,0x3A,0x3A,0x02,0x02,0x03,0x2B,0x02,0x02,
    0x72,0x72,0x3A,0x1A,0x12,0x12,0x2B,0x53,0x52,0x52,0x5B,0x5B,0x02,0x02,0x02,0x02,
    0x72,0x52,0x2A,0x52,0x52,0x52,0x02,0x02,0x62,0x52,0x32,0x32,0x2A,0x4A,0x02,0x02,
    0x70,0x68,0x52,0x5A,0x68,0x78,0x33,0x2B,0x2A,0x12,0x70,0x3B,0x52,0x72,0x33,0x33,
    0x02,0x02,0x02,0x02,0x78,0x50,0x02,0x02,0x3B,0x3B,0x7B,0x5B,0x32,0x5B,0x2B,0x2B,
    0x30,0x30,0x52,0x52,0x78,0x79,0x00,0x00,0x78,0x78,0x50,0x50,0x00,0x00,0x00,0x00,
    0x00,0x00,0x00,0x00,0x70,0x70,0x00,0x00,0x00,0x00,0x50,0x50,0x68,0x70,0x5B,0x5B,
    0x00,0x00,0x00,0x00,0x00,0x00,0x00,0x00,0x00,0x00,0x00,0x00,0x00,0x00,0x00,0x00,
    0x00,0x00,0x00,0x00,0x00,0x00,0x00,0x00,0x00,0x00,0x00,0x00,0x00,0x00,0x00,0x00,
    0x48,0x48,0x2A,0x2A,0x2A,0x2A,0x02,0x02,0x02,0x02,0x02,0x02,0x02,0x02,0x02,0x02,
    0x50,0x50,0x32,0x32,0x02,0x02,0x02,0x02,0x68,0x68,0x2A,0x2A,0x50,0x50,0x02,0x02,
    0x2A,0x12,0x0A,0x12,0x0A,0x0A,0x2A,0x2A,0x62,0x2A,0x0A,0x0A,0x32,0x52,0x5A,0x32,
    0x02,0x02,0x02,0x02,0x52,0x4A,0x2A,0x2A,0x68,0x68,0x02,0x2A,0x02,0x02,0x02,0x02,
    0x6A,0x42,0x2A,0x02,0x4A,0x4A,0x2A,0x2A,0x72,0x6A,0x52,0x22,0x52,0x52,0x00,0x00,
    0x02,0x2A,0x72,0x0A,0x52,0x2A,0x02,0x2A,0x52,0x5A,0x2A,0x22,0x42,0x42,0x32,0x2A,
    0x00,0x00,0x5A,0x5A,0x52,0x52,0x00,0x00,0x00,0x00,0x00,0x00,0x72,0x72,0x00,0x00,
    0x00,0x00,0x00,0x00,0x4A,0x4A,0x00,0x00,0x00,0x00,0x00,0x00,0x4A,0x4A,0x00,0x00,
    0x50,0x28,0x28,0x10,0x50,0x28,0x00,0x00,0x38,0x38,0x00,0x00,0x00,0x00,0x00,0x00,
    0x39,0x39,0x28,0x28,0x50,0x50,0x00,0x00,0x11,0x30,0x28,0x28,0x50,0x28,0x00,0x00,
    0x10,0x20,0x50,0x08,0x30,0x40,0x00,0x00,0x39,0x30,0x20,0x08,0x58,0x48,0x00,0x00,
    0x00,0x00,0x38,0x38,0x50,0x50,0x00,0x00,0x39,0x30,0x10,0x48,0x59,0x58,0x00,0x00,
    0x01,0x11,0x11,0x19,0x09,0x11,0x28,0x28,0x51,0x39,0x30,0x28,0x59,0x59,0x01,0x01,
    0x31,0x39,0x11,0x38,0x11,0x11,0x38,0x30,0x29,0x11,0x11,0x19,0x09,0x11,0x29,0x31,
    0x29,0x29,0x29,0x51,0x29,0x29,0x01,0x01,0x29,0x29,0x29,0x29,0x29,0x51,0x01,0x01,
    0x01,0x01,0x01,0x01,0x01,0x01,0x01,0x01,0x01,0x01,0x29,0x29,0x01,0x01,0x01,0x01,
    0x2B,0x2B,0x03,0x03,0x33,0x2B,0x03,0x03,0x3B,0x2B,0x2B,0x13,0x03,0x03,0x03,0x03,
    0x73,0x73,0x03,0x2B,0x13,0x13,0x03,0x03,0x53,0x2B,0x0B,0x03,0x0B,0x03,0x53,0x2B,
    0x13,0x0B,0x03,0x03,0x0B,0x0B,0x0B,0x2B,0x3A,0x33,0x0B,0x03,0x03,0x03,0x2B,0x2B,
    0x03,0x03,0x13,0x0B,0x03,0x03,0x2B,0x13,0x5B,0x33,0x0B,0x03,0x03,0x03,0x2B,0x33,
    0x4A,0x12,0x0A,0x12,0x12,0x12,0x2B,0x03,0x1A,0x32,0x02,0x0A,0x0A,0x02,0x02,0x02,
    0x52,0x32,0x02,0x02,0x12,0x12,0x3B,0x0B,0x52,0x3A,0x02,0x0A,0x0A,0x0A,0x3B,0x33,
    0x02,0x02,0x5B,0x33,0x53,0x33,0x2B,0x2B,0x68,0x68,0x53,0x53,0x3A,0x3A,0x02,0x02,
    0x02,0x02,0x78,0x78,0x53,0x5B,0x2B,0x2B,0x70,0x70,0x33,0x2B,0x2B,0x0B,0x53,0x53,
    0x6A,0x2A,0x22,0x02,0x2A,0x02,0x0A,0x2A,0x62,0x62,0x52,0x2A,0x52,0x52,0x02,0x02,
    0x02,0x02,0x6A,0x2A,0x4A,0x2A,0x52,0x2A,0x72,0x68,0x6A,0x2A,0x6A,0x70,0x48,0x48,
    0x40,0x60,0x40,0x62,0x20,0x40,0x02,0x22,0x32,0x4A,0x40,0x60,0x6A,0x62,0x02,0x2A,
    0x02,0x02,0x6A,0x6A,0x48,0x60,0x3A,0x02,0x52,0x68,0x60,0x62,0x40,0x40,0x4A,0x2A,
    0x38,0x28,0x20,0x40,0x68,0x48,0x2A,0x2A,0x59,0x38,0x00,0x20,0x48,0x28,0x00,0x00,
    0x70,0x70,0x20,0x00,0x28,0x48,0x72,0x2A,0x48,0x28,0x20,0x20,0x28,0x00,0x58,0x52,
    0x50,0x50,0x50,0x30,0x68,0x68,0x00,0x00,0x00,0x00,0x20,0x20,0x00,0x00,0x00,0x00,
    0x00,0x00,0x00,0x00,0x00,0x00,0x00,0x00,0x00,0x00,0x78,0x78,0x58,0x58,0x00,0x00,
    0x30,0x30,0x58,0x58,0x02,0x02,0x02,0x02,0x02,0x02,0x02,0x02,0x02,0x02,0x02,0x02,
    0x02,0x02,0x02,0x02,0x02,0x02,0x02,0x02,0x48,0x48,0x02,0x02,0x50,0x50,0x02,0x02,
    0x28,0x28,0x40,0x48,0x00,0x20,0x52,0x52,0x48,0x48,0x48,0x48,0x28,0x28,0x02,0x02,
    0x02,0x02,0x48,0x48,0x50,0x28,0x28,0x28,0x11,0x11,0x48,0x6A,0x48,0x40,0x50,0x50,
    0x20,0x28,0x00,0x00,0x50,0x40,0x60,0x48,0x28,0x58,0x00,0x00,0x28,0x48,0x50,0x50,
    0x50,0x48,0x00,0x00,0x20,0x20,0x68,0x40,0x28,0x48,0x00,0x00,0x00,0x00,0x48,0x6A,
    0x00,0x00,0x48,0x68,0x52,0x72,0x6A,0x68,0x59,0x59,0x79,0x52,0x48,0x28,0x68,0x68,
    0x00,0x00,0x79,0x79,0x30,0x72,0x28,0x28,0x09,0x09,0x4A,0x52,0x48,0x28,0x4A,0x4A,
    0x39,0x39,0x08,0x08,0x18,0x30,0x38,0x38,0x58,0x18,0x58,0x28,0x31,0x31,0x00,0x00,
    0x29,0x29,0x19,0x28,0x38,0x28,0x38,0x38,0x51,0x51,0x28,0x30,0x39,0x39,0x30,0x30,
    0x11,0x19,0x19,0x18,0x11,0x11,0x38,0x30,0x11,0x31,0x18,0x10,0x18,0x18,0x28,0x28,
    0x00,0x00,0x28,0x38,0x18,0x18,0x28,0x19,0x19,0x39,0x19,0x10,0x11,0x18,0x38,0x28,
    0x09,0x09,0x01,0x09,0x09,0x09,0x51,0x11,0x01,0x01,0x01,0x01,0x01,0x01,0x01,0x01,
    0x29,0x29,0x01,0x01,0x01,0x09,0x38,0x11,0x01,0x09,0x01,0x01,0x01,0x01,0x01,0x31,
    0x01,0x29,0x09,0x01,0x31,0x09,0x31,0x31,0x29,0x29,0x29,0x29,0x31,0x31,0x01,0x01,
    0x01,0x01,0x01,0x01,0x01,0x29,0x01,0x29,0x29,0x29,0x29,0x09,0x01,0x29,0x29,0x51,
    0x2B,0x2B,0x03,0x03,0x2B,0x2B,0x03,0x03,0x2B,0x33,0x53,0x03,0x03,0x03,0x03,0x03,
    0x3A,0x3A,0x03,0x03,0x2B,0x2B,0x2B,0x2B,0x0B,0x2B,0x03,0x2B,0x03,0x03,0x2B,0x2B,
    0x03,0x03,0x03,0x03,0x03,0x03,0x2B,0x53,0x3B,0x2B,0x03,0x03,0x2B,0x2B,0x2B,0x2B,
    0x03,0x03,0x0B,0x33,0x2B,0x03,0x2B,0x2B,0x53,0x2B,0x03,0x03,0x03,0x03,0x2B,0x33,
    0x0A,0x12,0x1A,0x1B,0x12,0x1A,0x33,0x03,0x3A,0x2A,0x13,0x0B,0x5A,0x5B,0x02,0x02,
    0x33,0x53,0x2B,0x03,0x12,0x12,0x32,0x0B,0x33,0x3A,0x1B,0x0B,0x12,0x12,0x13,0x03,
    0x02,0x02,0x1B,0x3A,0x3B,0x33,0x2B,0x2B,0x3B,0x3B,0x33,0x0B,0x5B,0x5B,0x02,0x02,
    0x02,0x02,0x3A,0x3A,0x33,0x3B,0x1B,0x33,0x3A,0x1A,0x1B,0x13,0x1B,0x3B,0x0B,0x2B,
    0x4A,0x2A,0x02,0x12,0x3B,0x3B,0x0B,0x2B,0x5A,0x52,0x32,0x33,0x5B,0x5B,0x02,0x02,
    0x02,0x02,0x02,0x2A,0x6A,0x52,0x3A,0x3A,0x6A,0x6A,0x2A,0x5A,0x02,0x2A,0x02,0x02,
    0x2A,0x6A,0x22,0x4A,0x32,0x2A,0x13,0x2B,0x3A,0x4A,0x0A,0x1A,0x5A,0x52,0x2B,0x2B,
    0x02,0x02,0x2A,0x2A,0x52,0x52,0x13,0x33,0x70,0x70,0x5A,0x3A,0x32,0x32,0x33,0x33,
    0x48,0x68,0x52,0x3B,0x3A,0x5A,0x33,0x2B,0x70,0x50,0x70,0x3B,0x78,0x78,0x00,0x00,
    0x00,0x00,0x68,0x68,0x72,0x72,0x00,0x00,0x50,0x50,0x70,0x5B,0x6A,0x6A,0x00,0x00,
    0x00,0x00,0x00,0x00,0x00,0x00,0x00,0x00,0x00,0x00,0x50,0x50,0x00,0x00,0x00,0x00,
    0x00,0x00,0x00,0x00,0x00,0x00,0x00,0x00,0x00,0x00,0x50,0x50,0x00,0x00,0x00,0x00,
    0x52,0x52,0x4A,0x4A,0x42,0x42,0x2A,0x2A,0x2A,0x2A,0x2A,0x2A,0x52,0x52,0x02,0x02,
    0x50,0x50,0x02,0x02,0x4A,0x4A,0x2A,0x2A,0x50,0x50,0x2A,0x2A,0x70,0x70,0x02,0x02,
    0x4A,0x4A,0x2A,0x2A,0x4A,0x6A,0x32,0x32,0x62,0x62,0x4A,0x2A,0x72,0x72,0x02,0x02,
    0x02,0x02,0x4A,0x4A,0x2A,0x2A,0x52,0x52,0x60,0x60,0x2A,0x2A,0x68,0x42,0x68,0x68,
    0x40,0x40,0x40,0x60,0x40,0x60,0x4A,0x2A,0x60,0x20,0x60,0x42,0x68,0x70,0x00,0x00,
    0x72,0x72,0x62,0x42,0x40,0x60,0x52,0x22,0x70,0x4A,0x6A,0x22,0x20,0x40,0x42,0x22,
    0x00,0x00,0x4A,0x4A,0x42,0x2A,0x52,0x2A,0x28,0x28,0x72,0x60,0x4A,0x4A,0x00,0x00,
    0x00,0x00,0x50,0x48,0x6A,0x68,0x4A,0x2A,0x48,0x48,0x62,0x62,0x60,0x48,0x6A,0x52,
    0x28,0x30,0x20,0x00,0x30,0x50,0x50,0x70,0x58,0x39,0x70,0x50,0x00,0x00,0x00,0x00,
    0x38,0x38,0x18,0x18,0x59,0x30,0x28,0x28,0x31,0x58,0x50,0x48,0x51,0x58,0x00,0x00,
    0x39,0x19,0x10,0x28,0x38,0x30,0x52,0x68,0x31,0x10,0x10,0x10,0x39,0x59,0x6A,0x52,
    0x00,0x00,0x48,0x28,0x30,0x50,0x68,0x68,0x58,0x28,0x10,0x28,0x18,0x10,0x38,0x7A,
    0x09,0x09,0x11,0x11,0x09,0x09,0x38,0x48,0x09,0x31,0x39,0x30,0x29,0x09,0x01,0x01,
    0x31,0x51,0x11,0x19,0x09,0x11,0x08,0x00,0x29,0x29,0x11,0x11,0x09,0x09,0x18,0x58,
    0x01,0x01,0x01,0x09,0x29,0x01,0x38,0x38,0x29,0x29,0x11,0x39,0x29,0x09,0x01,0x01,
    0x01,0x01,0x51,0x51,0x09,0x31,0x31,0x31,0x01,0x01,0x31,0x39,0x01,0x01,0x01,0x01,
    0x03,0x03,0x03,0x03,0x03,0x03,0x03,0x03,0x03,0x03,0x03,0x03,0x03,0x03,0x03,0x03,
    0x03,0x03,0x03,0x03,0x03,0x03,0x03,0x03,0x03,0x03,0x03,0x03,0x03,0x03,0x03,0x03,
    0x53,0x53,0x33,0x5B,0x33,0x33,0x5A,0x5A,0x03,0x03,0x5B,0x3A,0x03,0x03,0x03,0x03,
    0x03,0x03,0x03,0x03,0x03,0x03,0x03,0x03,0x03,0x03,0x1B,0x53,0x3A,0x3A,0x3A,0x3A,
    0x02,0x02,0x3B,0x3B,0x5A,0x53,0x7B,0x7B,0x72,0x72,0x5A,0x5A,0x28,0x28,0x02,0x02,
    0x02,0x02,0x53,0x53,0x78,0x78,0x5B,0x3B,0x02,0x02,0x2A,0x32,0x33,0x33,0x2B,0x2B,
    0x02,0x02,0x02,0x02,0x02,0x02,0x02,0x02,0x02,0x02,0x02,0x02,0x02,0x02,0x02,0x02,
    0x02,0x02,0x02,0x02,0x02,0x02,0x02,0x02,0x02,0x02,0x72,0x72,0x52,0x32,0x53,0x53,
    0x48,0x48,0x52,0x52,0x68,0x68,0x02,0x02,0x28,0x28,0x6A,0x6A,0x02,0x02,0x02,0x02,
    0x02,0x02,0x02,0x02,0x02,0x02,0x02,0x02,0x28,0x28,0x02,0x02,0x48,0x48,0x02,0x02,
    0x02,0x02,0x4A,0x52,0x28,0x68,0x6A,0x52,0x50,0x48,0x48,0x60,0x28,0x28,0x02,0x02,
    0x02,0x02,0x02,0x02,0x48,0x48,0x6A,0x6A,0x70,0x48,0x68,0x4A,0x48,0x48,0x48,0x48,
    0x00,0x00,0x72,0x72,0x68,0x68,0x4A,0x4A,0x00,0x00,0x4A,0x4A,0x00,0x00,0x00,0x00,
    0x00,0x00,0x00,0x00,0x48,0x48,0x2A,0x2A,0x00,0x00,0x68,0x68,0x28,0x28,0x00,0x00,
    0x00,0x00,0x00,0x00,0x00,0x00,0x00,0x00,0x00,0x00,0x00,0x00,0x00,0x00,0x00,0x00,
    0x00,0x00,0x00,0x00,0x00,0x00,0x00,0x00,0x00,0x00,0x00,0x00,0x00,0x00,0x00,0x00,
    0x02,0x02,0x02,0x02,0x02,0x02,0x02,0x02,0x02,0x02,0x02,0x02,0x02,0x02,0x02,0x02,
    0x02,0x02,0x02,0x02,0x02,0x02,0x02,0x02,0x02,0x02,0x02,0x02,0x02,0x02,0x02,0x02,
    0x02,0x02,0x50,0x50,0x02,0x02,0x02,0x02,0x02,0x02,0x02,0x02,0x02,0x02,0x02,0x02,
    0x02,0x02,0x02,0x02,0x02,0x02,0x02,0x02,0x02,0x02,0x28,0x30,0x30,0x30,0x02,0x02,
    0x28,0x50,0x00,0x28,0x30,0x30,0x50,0x28,0x39,0x39,0x18,0x18,0x00,0x00,0x00,0x00,
    0x38,0x38,0x38,0x38,0x28,0x28,0x50,0x10,0x38,0x38,0x58,0x50,0x28,0x30,0x50,0x50,
    0x00,0x00,0x28,0x28,0x68,0x68,0x28,0x28,0x00,0x00,0x39,0x39,0x58,0x58,0x28,0x28,
    0x00,0x00,0x00,0x00,0x50,0x19,0x30,0x28,0x29,0x29,0x28,0x30,0x30,0x28,0x50,0x48,
    0x29,0x29,0x39,0x31,0x38,0x38,0x19,0x39,0x29,0x29,0x30,0x19,0x00,0x00,0x00,0x00,
    0x00,0x00,0x29,0x29,0x29,0x29,0x31,0x31,0x00,0x00,0x00,0x00,0x29,0x29,0x00,0x00,
    0x29,0x29,0x19,0x31,0x39,0x39,0x51,0x39,0x29,0x01,0x11,0x18,0x39,0x11,0x18,0x58,
    0x00,0x00,0x29,0x29,0x39,0x58,0x28,0x31,0x29,0x11,0x11,0x19,0x11,0x11,0x11,0x38,
    0x29,0x29,0x09,0x01,0x11,0x09,0x39,0x11,0x29,0x29,0x51,0x31,0x29,0x31,0x01,0x01,
    0x01,0x01,0x09,0x29,0x29,0x09,0x09,0x11,0x29,0x29,0x29,0x11,0x51,0x29,0x29,0x29,
    0x01,0x01,0x29,0x51,0x29,0x29,0x38,0x38,0x01,0x01,0x01,0x29,0x29,0x29,0x58,0x58,
    0x01,0x01,0x01,0x01,0x51,0x51,0x29,0x29,0x51,0x51,0x29,0x09,0x29,0x01,0x51,0x31,
    0x2B,0x2B,0x2B,0x2B,0x03,0x2B,0x03,0x03,0x2B,0x2B,0x2B,0x2B,0x03,0x03,0x03,0x03,
    0x5A,0x5A,0x2B,0x2B,0x03,0x03,0x03,0x03,0x1A,0x2B,0x2B,0x0B,0x2B,0x53,0x03,0x03,
    0x2B,0x2B,0x03,0x03,0x03,0x03,0x03,0x03,0x13,0x5B,0x03,0x03,0x53,0x33,0x03,0x03,
    0x03,0x03,0x2B,0x2B,0x2B,0x2B,0x03,0x03,0x3A,0x1B,0x03,0x2B,0x0B,0x03,0x03,0x03,
    0x52,0x2B,0x33,0x2B,0x33,0x33,0x03,0x03,0x3B,0x1B,0x53,0x2B,0x2B,0x2B,0x02,0x02,
    0x02,0x02,0x2B,0x2B,0x3A,0x1B,0x33,0x53,0x13,0x13,0x3B,0x2B,0x5B,0x5B,0x02,0x02,
    0x02,0x02,0x02,0x02,0x02,0x02,0x02,0x02,0x33,0x33,0x2B,0x2B,0x2B,0x2B,0x02,0x02,
    0x02,0x02,0x02,0x02,0x2B,0x2B,0x2B,0x2B,0x02,0x02,0x13,0x13,0x2B,0x53,0x03,0x2B,
    0x70,0x4A,0x32,0x3A,0x3A,0x5B,0x02,0x02,0x5B,0x52,0x52,0x52,0x02,0x02,0x02,0x02,
    0x02,0x02,0x2A,0x32,0x4A,0x4A,0x02,0x02,0x6A,0x6A,0x02,0x02,0x2A,0x72,0x02,0x02,
    0x02,0x02,0x78,0x78,0x72,0x3A,0x53,0x53,0x52,0x52,0x2B,0x33,0x32,0x32,0x02,0x02,
    0x02,0x02,0x4A,0x4A,0x33,0x33,0x53,0x53,0x32,0x32,0x33,0x33,0x2A,0x32,0x32,0x32,
    0x00,0x00,0x00,0x00,0x70,0x70,0x00,0x00,0x70,0x28,0x4A,0x4A,0x00,0x00,0x00,0x00,
    0x00,0x00,0x00,0x00,0x78,0x78,0x00,0x00,0x00,0x00,0x00,0x00,0x00,0x00,0x00,0x00,
    0x00,0x00,0x00,0x00,0x00,0x00,0x00,0x00,0x00,0x00,0x00,0x00,0x00,0x00,0x00,0x00,
    0x00,0x00,0x00,0x00,0x00,0x00,0x00,0x00,0x00,0x00,0x00,0x00,0x00,0x00,0x00,0x00,
    0x4A,0x52,0x52,0x52,0x2A,0x2A,0x02,0x02,0x02,0x02,0x02,0x02,0x02,0x02,0x02,0x02,
    0x78,0x78,0x48,0x48,0x02,0x02,0x02,0x02,0x52,0x52,0x78,0x78,0x02,0x02,0x02,0x02,
    0x2A,0x4A,0x22,0x2A,0x22,0x0A,0x02,0x02,0x70,0x70,0x02,0x2A,0x3A,0x52,0x02,0x02,
    0x02,0x02,0x02,0x02,0x4A,0x52,0x52,0x52,0x48,0x48,0x4A,0x52,0x2A,0x2A,0x02,0x02,
    0x62,0x2A,0x6A,0x2A,0x68,0x4A,0x00,0x00,0x60,0x60,0x4A,0x4A,0x4A,0x4A,0x00,0x00,
    0x00,0x00,0x78,0x78,0x40,0x40,0x00,0x00,0x6A,0x6A,0x4A,0x52,0x60,0x72,0x00,0x00,
    0x00,0x00,0x00,0x00,0x68,0x68,0x00,0x00,0x70,0x70,0x00,0x00,0x00,0x00,0x00,0x00,
    0x00,0x00,0x00,0x00,0x00,0x00,0x00,0x00,0x28,0x28,0x68,0x68,0x4A,0x4A,0x00,0x00,
    0x28,0x50,0x30,0x48,0x28,0x30,0x00,0x00,0x50,0x50,0x50,0x50,0x00,0x00,0x00,0x00,
    0x08,0x28,0x28,0x28,0x28,0x50,0x00,0x00,0x58,0x50,0x30,0x50,0x59,0x38,0x00,0x00,
    0x39,0x38,0x10,0x28,0x28,0x00,0x00,0x00,0x10,0x28,0x28,0x28,0x51,0x31,0x00,0x00,
    0x00,0x00,0x00,0x00,0x58,0x58,0x00,0x00,0x19,0x19,0x28,0x58,0x30,0x30,0x00,0x00,
    0x29,0x09,0x09,0x11,0x29,0x11,0x01,0x01,0x51,0x38,0x38,0x58,0x01,0x01,0x01,0x01,
    0x51,0x51,0x49,0x49,0x01,0x19,0x50,0x50,0x29,0x29,0x31,0x38,0x09,0x11,0x01,0x01,
    0x01,0x01,0x01,0x01,0x01,0x01,0x01,0x01,0x01,0x01,0x01,0x01,0x01,0x01,0x01,0x01,
    0x01,0x01,0x01,0x01,0x01,0x01,0x01,0x01,0x01,0x01,0x01,0x01,0x01,0x01,0x01,0x01,
    0x03,0x03,0x2B,0x2B,0x2B,0x2B,0x03,0x03,0x03,0x03,0x33,0x33,0x03,0x03,0x03,0x03,
    0x03,0x03,0x2B,0x33,0x53,0x2B,0x03,0x03,0x7B,0x7B,0x3B,0x53,0x2B,0x2B,0x03,0x03,
    0x32,0x33,0x03,0x03,0x03,0x03,0x5B,0x5B,0x32,0x5A,0x13,0x0B,0x03,0x03,0x03,0x03,
    0x03,0x03,0x2B,0x2B,0x03,0x03,0x2B,0x2B,0x52,0x52,0x13,0x03,0x03,0x03,0x5B,0x5B,
    0x2A,0x2A,0x02,0x0A,0x32,0x12,0x13,0x33,0x32,0x2A,0x02,0x02,0x4A,0x2A,0x02,0x02,
    0x02,0x02,0x02,0x02,0x2A,0x0A,0x3A,0x3A,0x6A,0x6A,0x02,0x02,0x02,0x02,0x33,0x53,
    0x02,0x02,0x02,0x02,0x02,0x02,0x53,0x53,0x02,0x02,0x5A,0x5A,0x32,0x32,0x02,0x02,
    0x02,0x02,0x48,0x48,0x4A,0x4A,0x52,0x52,0x70,0x70,0x3A,0x33,0x52,0x3A,0x2A,0x3A,
    0x50,0x6A,0x2A,0x4A,0x2A,0x2A,0x4A,0x4A,0x70,0x60,0x2A,0x2A,0x68,0x68,0x02,0x02,
    0x02,0x02,0x02,0x02,0x60,0x60,0x52,0x52,0x6A,0x6A,0x52,0x6A,0x6A,0x72,0x02,0x02,
    0x28,0x48,0x20,0x40,0x00,0x20,0x4A,0x32,0x68,0x4A,0x40,0x62,0x48,0x60,0x52,0x52,
    0x02,0x02,0x28,0x70,0x00,0x00,0x4A,0x52,0x2A,0x60,0x60,0x42,0x20,0x20,0x68,0x70,
    0x38,0x38,0x00,0x20,0x70,0x70,0x52,0x2A,0x30,0x28,0x00,0x20,0x08,0x28,0x00,0x00,
    0x00,0x00,0x00,0x00,0x30,0x28,0x42,0x2A,0x59,0x59,0x00,0x00,0x00,0x00,0x00,0x00,
    0x00,0x00,0x00,0x00,0x00,0x00,0x00,0x00,0x00,0x00,0x28,0x28,0x58,0x58,0x00,0x00,
    0x00,0x00,0x00,0x00,0x28,0x28,0x00,0x00,0x00,0x00,0x48,0x48,0x30,0x30,0x00,0x00,
    0x02,0x02,0x02,0x02,0x02,0x02,0x02,0x02,0x02,0x02,0x02,0x02,0x02,0x02,0x02,0x02,
    0x02,0x02,0x02,0x02,0x02,0x02,0x02,0x02,0x02,0x02,0x02,0x02,0x02,0x02,0x02,0x02,
    0x70,0x70,0x28,0x28,0x28,0x48,0x00,0x00,0x02,0x02,0x48,0x48,0x20,0x20,0x50,0x50,
    0x02,0x02,0x50,0x50,0x30,0x30,0x48,0x48,0x58,0x58,0x72,0x68,0x28,0x48,0x2A,0x2A,
    0x50,0x28,0x00,0x20,0x50,0x72,0x62,0x2A,0x30,0x30,0x20,0x48,0x00,0x00,0x28,0x28,
    0x00,0x00,0x00,0x20,0x48,0x20,0x40,0x70,0x30,0x30,0x28,0x00,0x00,0x00,0x28,0x28,
    0x00,0x00,0x50,0x50,0x00,0x00,0x4A,0x2A,0x00,0x00,0x52,0x52,0x28,0x28,0x00,0x00,
    0x00,0x00,0x51,0x51,0x38,0x38,0x50,0x50,0x29,0x29,0x59,0x2A,0x30,0x48,0x68,0x68,
    0x31,0x11,0x18,0x38,0x30,0x28,0x38,0x38,0x39,0x19,0x28,0x28,0x00,0x00,0x00,0x00,
    0x31,0x31,0x51,0x51,0x38,0x38,0x38,0x38,0x00,0x00,0x38,0x38,0x59,0x59,0x00,0x00,
    0x51,0x29,0x11,0x19,0x11,0x11,0x39,0x30,0x11,0x31,0x19,0x10,0x31,0x38,0x28,0x28,
    0x00,0x00,0x19,0x39,0x31,0x31,0x19,0x38,0x30,0x19,0x19,0x38,0x11,0x11,0x11,0x29,
    0x29,0x29,0x09,0x01,0x11,0x11,0x19,0x19,0x29,0x29,0x01,0x09,0x31,0x01,0x01,0x01,
    0x01,0x01,0x01,0x01,0x01,0x11,0x11,0x11,0x29,0x29,0x01,0x09,0x01,0x01,0x29,0x29,
    0x01,0x01,0x29,0x29,0x11,0x39,0x31,0x31,0x01,0x01,0x31,0x29,0x39,0x39,0x01,0x01,
    0x01,0x01,0x01,0x01,0x01,0x51,0x29,0x29,0x51,0x51,0x31,0x31,0x29,0x09,0x29,0x29,
    0x53,0x53,0x2B,0x2B,0x03,0x03,0x03,0x03,0x03,0x03,0x03,0x03,0x03,0x03,0x03,0x03,
    0x03,0x03,0x2B,0x2B,0x2B,0x2B,0x03,0x03,0x03,0x03,0x2B,0x2B,0x2B,0x2B,0x2B,0x2B,
    0x33,0x53,0x03,0x03,0x03,0x0B,0x03,0x03,0x3B,0x3B,0x03,0x03,0x1B,0x33,0x03,0x03,
    0x03,0x03,0x53,0x53,0x2B,0x33,0x53,0x53,0x03,0x03,0x0B,0x2B,0x0B,0x0B,0x2B,0x2B,
    0x2A,0x2A,0x12,0x32,0x12,0x12,0x33,0x33,0x52,0x52,0x53,0x2B,0x5A,0x7A,0x02,0x02,
    0x02,0x02,0x3A,0x3A,0x12,0x12,0x3B,0x33,0x78,0x78,0x3A,0x5B,0x12,0x0A,0x02,0x02,
    0x02,0x02,0x02,0x02,0x02,0x02,0x02,0x02,0x02,0x02,0x02,0x02,0x02,0x02,0x02,0x02,
    0x02,0x02,0x02,0x02,0x3A,0x3A,0x02,0x02,0x02,0x02,0x3B,0x3B,0x33,0x33,0x2B,0x2B,
    0x28,0x28,0x6A,0x5A,0x53,0x53,0x53,0x53,0x70,0x70,0x02,0x02,0x70,0x70,0x02,0x02,
    0x28,0x28,0x4A,0x68,0x02,0x02,0x02,0x02,0x28,0x28,0x48,0x48,0x52,0x72,0x02,0x02,
    0x28,0x50,0x68,0x6A,0x72,0x6A,0x33,0x33,0x02,0x02,0x48,0x7A,0x28,0x70,0x02,0x02,
    0x02,0x02,0x02,0x02,0x3A,0x3A,0x2A,0x2A,0x68,0x68,0x53,0x5A,0x72,0x52,0x02,0x02,
    0x00,0x00,0x6A,0x48,0x28,0x48,0x79,0x79,0x00,0x00,0x70,0x70,0x28,0x28,0x00,0x00,
    0x00,0x00,0x00,0x00,0x50,0x28,0x00,0x00,0x00,0x00,0x52,0x52,0x28,0x6A,0x00,0x00,
    0x00,0x00,0x00,0x00,0x00,0x00,0x00,0x00,0x00,0x00,0x00,0x00,0x00,0x00,0x00,0x00,
    0x00,0x00,0x00,0x00,0x00,0x00,0x00,0x00,0x00,0x00,0x00,0x00,0x00,0x00,0x00,0x00,
    0x02,0x02,0x02,0x02,0x02,0x02,0x02,0x02,0x02,0x02,0x02,0x02,0x02,0x02,0x02,0x02,
    0x02,0x02,0x02,0x02,0x02,0x02,0x02,0x02,0x50,0x50,0x00,0x00,0x02,0x02,0x02,0x02,
    0x50,0x50,0x68,0x68,0x48,0x48,0x02,0x02,0x50,0x50,0x70,0x70,0x00,0x00,0x02,0x02,
    0x02,0x02,0x02,0x02,0x48,0x48,0x02,0x02,0x50,0x50,0x48,0x48,0x68,0x48,0x02,0x02,
    0x70,0x28,0x20,0x68,0x48,0x40,0x52,0x52,0x28,0x28,0x28,0x52,0x28,0x28,0x00,0x00,
    0x00,0x00,0x70,0x48,0x28,0x20,0x00,0x00,0x28,0x28,0x00,0x00,0x40,0x40,0x00,0x00,
    0x00,0x00,0x00,0x00,0x00,0x00,0x00,0x00,0x00,0x00,0x00,0x00,0x00,0x00,0x00,0x00,
    0x00,0x00,0x00,0x00,0x00,0x00,0x00,0x00,0x00,0x00,0x72,0x72,0x48,0x48,0x00,0x00,
    0x50,0x30,0x30,0x28,0x00,0x00,0x00,0x00,0x00,0x00,0x00,0x00,0x00,0x00,0x00,0x00,
    0x00,0x00,0x00,0x00,0x00,0x00,0x00,0x00,0x31,0x31,0x29,0x29,0x31,0x31,0x00,0x00,
    0x29,0x29,0x00,0x00,0x30,0x00,0x00,0x00,0x29,0x38,0x10,0x08,0x31,0x30,0x00,0x00,
    0x00,0x00,0x50,0x28,0x78,0x28,0x00,0x00,0x30,0x30,0x38,0x00,0x10,0x08,0x00,0x00,
    0x29,0x29,0x11,0x11,0x11,0x11,0x01,0x01,0x59,0x31,0x38,0x39,0x38,0x29,0x01,0x01,
    0x01,0x01,0x29,0x50,0x01,0x11,0x50,0x50,0x01,0x01,0x11,0x39,0x11,0x11,0x51,0x51,
    0x01,0x01,0x01,0x01,0x51,0x51,0x01,0x01,0x01,0x01,0x39,0x39,0x01,0x01,0x01,0x01,
    0x01,0x01,0x01,0x01,0x01,0x01,0x01,0x01,0x01,0x01,0x01,0x01,0x59,0x59,0x01,0x01,
    0x03,0x03,0x03,0x03,0x03,0x03,0x03,0x03,0x03,0x03,0x03,0x03,0x03,0x03,0x03,0x03,
    0x03,0x03,0x03,0x03,0x03,0x03,0x03,0x03,0x03,0x03,0x03,0x03,0x03,0x03,0x03,0x03,
    0x03,0x03,0x03,0x03,0x03,0x03,0x03,0x03,0x03,0x03,0x03,0x03,0x03,0x03,0x03,0x03,
    0x03,0x03,0x03,0x03,0x03,0x03,0x03,0x03,0x03,0x03,0x03,0x03,0x03,0x03,0x03,0x03,
    0x02,0x02,0x02,0x02,0x02,0x02,0x02,0x02,0x02,0x02,0x02,0x02,0x28,0x28,0x02,0x02,
    0x02,0x02,0x02,0x02,0x50,0x50,0x02,0x02,0x02,0x02,0x28,0x28,0x28,0x28,0x02,0x02,
    0x02,0x02,0x02,0x02,0x02,0x02,0x02,0x02,0x02,0x02,0x02,0x02,0x02,0x02,0x02,0x02,
    0x02,0x02,0x02,0x02,0x02,0x02,0x02,0x02,0x02,0x02,0x02,0x02,0x02,0x02,0x02,0x02,
    0x02,0x02,0x02,0x02,0x02,0x02,0x02,0x02,0x02,0x02,0x02,0x02,0x02,0x02,0x02,0x02,
    0x02,0x02,0x02,0x02,0x02,0x02,0x02,0x02,0x02,0x02,0x28,0x28,0x28,0x28,0x02,0x02,
    0x02,0x02,0x02,0x02,0x02,0x02,0x02,0x02,0x02,0x02,0x28,0x28,0x28,0x28,0x02,0x02,
    0x02,0x02,0x02,0x02,0x02,0x02,0x02,0x02,0x02,0x02,0x28,0x28,0x28,0x28,0x50,0x50,
    0x00,0x00,0x00,0x00,0x00,0x00,0x00,0x00,0x00,0x00,0x00,0x00,0x00,0x00,0x00,0x00,
    0x00,0x00,0x00,0x00,0x00,0x00,0x00,0x00,0x00,0x00,0x00,0x00,0x00,0x00,0x00,0x00,
    0x00,0x00,0x00,0x00,0x00,0x00,0x00,0x00,0x00,0x00,0x00,0x00,0x00,0x00,0x00,0x00,
    0x00,0x00,0x00,0x00,0x00,0x00,0x00,0x00,0x00,0x00,0x00,0x00,0x00,0x00,0x00,0x00,
    0x02,0x02,0x02,0x02,0x02,0x02,0x02,0x02,0x02,0x02,0x02,0x02,0x02,0x02,0x02,0x02,
    0x02,0x02,0x02,0x02,0x02,0x02,0x02,0x02,0x02,0x02,0x02,0x02,0x02,0x02,0x02,0x02,
    0x02,0x02,0x02,0x02,0x02,0x02,0x02,0x02,0x02,0x02,0x02,0x02,0x02,0x02,0x02,0x02,
    0x02,0x02,0x02,0x02,0x02,0x02,0x02,0x02,0x02,0x02,0x02,0x02,0x02,0x02,0x02,0x02,
    0x00,0x00,0x00,0x00,0x00,0x00,0x00,0x00,0x00,0x00,0x00,0x00,0x00,0x00,0x00,0x00,
    0x00,0x00,0x00,0x00,0x00,0x00,0x00,0x00,0x00,0x00,0x39,0x39,0x00,0x00,0x00,0x00,
    0x00,0x00,0x00,0x00,0x00,0x00,0x00,0x00,0x00,0x00,0x00,0x00,0x00,0x00,0x00,0x00,
    0x00,0x00,0x00,0x00,0x00,0x00,0x00,0x00,0x00,0x00,0x00,0x00,0x00,0x00,0x00,0x00,
    0x00,0x00,0x00,0x00,0x00,0x00,0x00,0x00,0x00,0x00,0x00,0x00,0x00,0x00,0x00,0x00,
    0x00,0x00,0x00,0x00,0x00,0x00,0x00,0x00,0x00,0x00,0x00,0x00,0x00,0x00,0x00,0x00,
    0x00,0x00,0x00,0x00,0x00,0x00,0x00,0x00,0x00,0x00,0x51,0x51,0x00,0x00,0x00,0x00,
    0x00,0x00,0x00,0x00,0x00,0x00,0x00,0x00,0x00,0x00,0x00,0x00,0x00,0x00,0x00,0x00,
    0x01,0x01,0x01,0x01,0x01,0x01,0x01,0x01,0x01,0x01,0x01,0x01,0x01,0x01,0x01,0x01,
    0x01,0x01,0x01,0x01,0x01,0x01,0x01,0x01,0x01,0x01,0x01,0x01,0x01,0x01,0x01,0x01,
    0x01,0x01,0x01,0x01,0x01,0x01,0x01,0x01,0x01,0x01,0x01,0x01,0x01,0x01,0x01,0x01,
    0x01,0x01,0x01,0x01,0x01,0x01,0x01,0x01,0x01,0x01,0x01,0x01,0x01,0x01,0x51,0x51,
    0x3B,0x3B,0x33,0x33,0x2B,0x2B,0x03,0x03,0x2B,0x2B,0x03,0x03,0x03,0x03,0x03,0x03,
    0x3B,0x3B,0x33,0x33,0x53,0x53,0x03,0x03,0x13,0x13,0x2B,0x2B,0x33,0x33,0x03,0x03,
    0x2B,0x2B,0x33,0x2B,0x33,0x33,0x03,0x03,0x03,0x03,0x2B,0x2B,0x2B,0x2B,0x03,0x03,
    0x03,0x03,0x03,0x03,0x03,0x03,0x03,0x03,0x53,0x53,0x33,0x33,0x2B,0x2B,0x03,0x03,
    0x3A,0x3A,0x33,0x33,0x2B,0x13,0x02,0x02,0x3B,0x3B,0x2B,0x2B,0x33,0x53,0x02,0x02,
    0x02,0x02,0x5B,0x5B,0x3B,0x13,0x02,0x02,0x5A,0x5A,0x33,0x33,0x2B,0x53,0x53,0x53,
    0x02,0x02,0x02,0x02,0x02,0x02,0x02,0x02,0x02,0x02,0x02,0x02,0x02,0x02,0x02,0x02,
    0x02,0x02,0x02,0x02,0x02,0x02,0x02,0x02,0x02,0x02,0x32,0x32,0x2B,0x2B,0x02,0x02,
    0x02,0x02,0x02,0x02,0x2A,0x2A,0x02,0x02,0x02,0x02,0x02,0x02,0x02,0x02,0x02,0x02,
    0x02,0x02,0x02,0x02,0x5A,0x5A,0x02,0x02,0x52,0x52,0x02,0x02,0x5A,0x5A,0x02,0x02,
    0x02,0x02,0x52,0x52,0x02,0x02,0x02,0x02,0x2A,0x2A,0x52,0x52,0x52,0x52,0x02,0x02,
    0x02,0x02,0x02,0x02,0x02,0x02,0x02,0x02,0x2A,0x2A,0x3A,0x3A,0x2A,0x2A,0x02,0x02,
    0x00,0x00,0x00,0x00,0x72,0x72,0x00,0x00,0x00,0x00,0x00,0x00,0x00,0x00,0x00,0x00,
    0x00,0x00,0x00,0x00,0x78,0x78,0x00,0x00,0x00,0x00,0x00,0x00,0x00,0x00,0x00,0x00,
    0x00,0x00,0x00,0x00,0x00,0x00,0x00,0x00,0x00,0x00,0x00,0x00,0x00,0x00,0x00,0x00,
    0x00,0x00,0x00,0x00,0x00,0x00,0x00,0x00,0x00,0x00,0x00,0x00,0x00,0x00,0x00,0x00,
    0x72,0x72,0x02,0x02,0x02,0x02,0x02,0x02,0x7B,0x7B,0x02,0x02,0x02,0x02,0x02,0x02,
    0x30,0x30,0x02,0x02,0x02,0x02,0x02,0x02,0x50,0x50,0x02,0x02,0x3A,0x3A,0x02,0x02,
    0x72,0x72,0x3A,0x3A,0x5B,0x5B,0x02,0x02,0x78,0x78,0x02,0x02,0x02,0x02,0x02,0x02,
    0x02,0x02,0x5A,0x5A,0x02,0x02,0x02,0x02,0x28,0x28,0x02,0x02,0x4A,0x4A,0x02,0x02,
    0x2A,0x2A,0x52,0x4A,0x2A,0x2A,0x00,0x00,0x00,0x00,0x00,0x00,0x00,0x00,0x00,0x00,
    0x52,0x2A,0x6A,0x6A,0x2A,0x2A,0x2A,0x2A,0x2A,0x52,0x4A,0x4A,0x2A,0x2A,0x32,0x32,
    0x00,0x00,0x00,0x00,0x00,0x00,0x00,0x00,0x00,0x00,0x00,0x00,0x00,0x00,0x00,0x00,
    0x00,0x00,0x00,0x00,0x00,0x00,0x00,0x00,0x00,0x00,0x00,0x00,0x4A,0x4A,0x00,0x00,
    0x31,0x31,0x30,0x30,0x50,0x50,0x00,0x00,0x38,0x38,0x28,0x28,0x00,0x00,0x00,0x00,
    0x58,0x58,0x10,0x10,0x48,0x70,0x00,0x00,0x51,0x51,0x39,0x39,0x31,0x31,0x00,0x00,
    0x38,0x30,0x50,0x50,0x30,0x28,0x00,0x00,0x28,0x28,0x30,0x28,0x00,0x00,0x00,0x00,
    0x00,0x00,0x59,0x59,0x00,0x00,0x00,0x00,0x39,0x39,0x38,0x38,0x58,0x58,0x00,0x00,
    0x51,0x59,0x38,0x59,0x01,0x01,0x01,0x01,0x29,0x29,0x01,0x01,0x01,0x01,0x01,0x01,
    0x58,0x38,0x29,0x58,0x38,0x38,0x01,0x01,0x29,0x29,0x30,0x39,0x39,0x59,0x51,0x51,
    0x51,0x51,0x59,0x59,0x01,0x01,0x01,0x01,0x01,0x01,0x01,0x01,0x71,0x71,0x01,0x01,
    0x01,0x01,0x01,0x01,0x01,0x01,0x01,0x01,0x01,0x01,0x01,0x01,0x01,0x01,0x01,0x01,
    0x0B,0x2B,0x53,0x2B,0x2B,0x13,0x03,0x03,0x3B,0x3B,0x3B,0x53,0x03,0x03,0x03,0x03,
    0x7B,0x7B,0x53,0x0B,0x33,0x2B,0x4B,0x4B,0x3A,0x3A,0x2B,0x2B,0x53,0x13,0x5A,0x3B,
    0x2B,0x2B,0x03,0x03,0x03,0x03,0x03,0x03,0x13,0x13,0x0B,0x0B,0x03,0x03,0x2B,0x53,
    0x03,0x03,0x2B,0x2B,0x03,0x03,0x2B,0x0B,0x5A,0x5A,0x0B,0x03,0x03,0x03,0x33,0x2B,
    0x32,0x2A,0x02,0x02,0x32,0x2A,0x02,0x02,0x2A,0x4A,0x02,0x02,0x3A,0x2A,0x5A,0x5A,
    0x52,0x52,0x02,0x02,0x0A,0x12,0x5A,0x3B,0x72,0x72,0x02,0x02,0x02,0x02,0x33,0x3B,
    0x02,0x02,0x33,0x33,0x7B,0x7B,0x02,0x02,0x02,0x02,0x32,0x32,0x02,0x02,0x02,0x02,
    0x02,0x02,0x02,0x02,0x68,0x68,0x02,0x02,0x72,0x72,0x68,0x68,0x5B,0x5B,0x33,0x33,
    0x4A,0x62,0x32,0x2A,0x4A,0x2A,0x02,0x02,0x02,0x02,0x72,0x72,0x02,0x02,0x02,0x02,
    0x50,0x50,0x4A,0x60,0x68,0x4A,0x4A,0x4A,0x48,0x48,0x52,0x32,0x68,0x4A,0x02,0x02,
    0x68,0x68,0x60,0x42,0x40,0x60,0x52,0x52,0x52,0x62,0x60,0x4A,0x4A,0x42,0x72,0x72,
    0x02,0x02,0x4A,0x4A,0x4A,0x60,0x4A,0x4A,0x70,0x72,0x6A,0x2A,0x60,0x60,0x2A,0x7A,
    0x38,0x28,0x20,0x20,0x48,0x6A,0x00,0x00,0x28,0x28,0x00,0x28,0x28,0x28,0x00,0x00,
    0x00,0x00,0x20,0x40,0x30,0x40,0x00,0x00,0x50,0x50,0x20,0x40,0x20,0x20,0x52,0x52,
    0x00,0x00,0x00,0x00,0x00,0x00,0x00,0x00,0x00,0x00,0x28,0x28,0x00,0x00,0x00,0x00,
    0x00,0x00,0x00,0x00,0x00,0x00,0x00,0x00,0x00,0x00,0x00,0x00,0x50,0x50,0x00,0x00,
    0x50,0x50,0x02,0x02,0x02,0x02,0x02,0x02,0x02,0x02,0x02,0x02,0x02,0x02,0x02,0x02,
    0x02,0x02,0x02,0x02,0x02,0x02,0x02,0x02,0x02,0x02,0x02,0x02,0x02,0x02,0x02,0x02,
    0x50,0x50,0x48,0x48,0x28,0x28,0x28,0x28,0x02,0x02,0x52,0x6A,0x48,0x48,0x02,0x02,
    0x02,0x02,0x38,0x38,0x72,0x72,0x02,0x02,0x02,0x02,0x72,0x68,0x48,0x40,0x02,0x02,
    0x28,0x28,0x00,0x00,0x28,0x48,0x28,0x28,0x18,0x18,0x00,0x20,0x28,0x28,0x28,0x28,
    0x48,0x48,0x00,0x00,0x40,0x40,0x00,0x50,0x18,0x18,0x00,0x00,0x00,0x00,0x68,0x50,
    0x00,0x00,0x48,0x4A,0x28,0x30,0x00,0x00,0x29,0x29,0x30,0x30,0x68,0x68,0x6A,0x6A,
    0x00,0x00,0x00,0x00,0x39,0x39,0x00,0x00,0x00,0x00,0x29,0x29,0x30,0x30,0x00,0x00,
    0x31,0x11,0x30,0x39,0x50,0x19,0x30,0x30,0x39,0x39,0x38,0x50,0x39,0x39,0x00,0x00,
    0x29,0x29,0x10,0x28,0x30,0x30,0x30,0x30,0x31,0x31,0x10,0x28,0x38,0x38,0x00,0x00,
    0x51,0x58,0x10,0x10,0x18,0x10,0x58,0x19,0x38,0x30,0x18,0x08,0x38,0x38,0x28,0x28,
    0x00,0x00,0x19,0x38,0x39,0x30,0x19,0x31,0x31,0x31,0x19,0x18,0x10,0x08,0x28,0x28,
    0x01,0x11,0x01,0x01,0x09,0x09,0x31,0x31,0x29,0x29,0x01,0x01,0x01,0x01,0x01,0x01,
    0x29,0x31,0x01,0x01,0x01,0x01,0x11,0x59,0x51,0x29,0x01,0x01,0x01,0x01,0x29,0x31,
    0x01,0x01,0x29,0x31,0x29,0x29,0x01,0x01,0x29,0x29,0x29,0x29,0x01,0x01,0x51,0x51,
    0x01,0x01,0x01,0x01,0x51,0x51,0x01,0x01,0x01,0x01,0x29,0x29,0x01,0x29,0x01,0x01,
    0x2B,0x03,0x03,0x03,0x0B,0x2B,0x2B,0x2B,0x53,0x2B,0x53,0x03,0x2B,0x2B,0x03,0x03,
    0x2B,0x2B,0x03,0x2B,0x53,0x2B,0x33,0x33,0x33,0x33,0x2B,0x2B,0x03,0x03,0x2B,0x53,
    0x03,0x03,0x03,0x03,0x03,0x03,0x13,0x13,0x2B,0x33,0x03,0x03,0x03,0x03,0x2B,0x2B,
    0x03,0x03,0x03,0x03,0x0B,0x0B,0x2B,0x13,0x2B,0x3B,0x03,0x03,0x03,0x03,0x13,0x53,
    0x0A,0x0A,0x12,0x1B,0x12,0x1A,0x2B,0x0B,0x2B,0x32,0x33,0x2B,0x3B,0x3B,0x02,0x02,
    0x2B,0x2B,0x13,0x03,0x12,0x1A,0x3B,0x0B,0x3B,0x3B,0x13,0x0B,0x12,0x1A,0x13,0x03,
    0x02,0x02,0x3B,0x1A,0x3A,0x3A,0x53,0x53,0x3A,0x3A,0x53,0x2B,0x33,0x33,0x02,0x02,
    0x02,0x02,0x52,0x52,0x1A,0x33,0x13,0x2B,0x1A,0x1A,0x33,0x3B,0x3A,0x3B,0x13,0x2B,
    0x4A,0x2A,0x02,0x22,0x4A,0x5A,0x2B,0x53,0x32,0x52,0x3A,0x33,0x02,0x02,0x02,0x02,
    0x02,0x02,0x02,0x02,0x2A,0x62,0x3A,0x3A,0x2A,0x6A,0x02,0x2A,0x02,0x02,0x02,0x02,
    0x6A,0x4A,0x2A,0x22,0x4A,0x22,0x3B,0x5B,0x6A,0x6A,0x4A,0x0A,0x32,0x4A,0x52,0x52,
    0x02,0x02,0x72,0x52,0x42,0x22,0x32,0x32,0x32,0x52,0x32,0x52,0x4A,0x2A,0x2A,0x52,
    0x50,0x50,0x68,0x48,0x32,0x6A,0x00,0x00,0x5A,0x70,0x52,0x50,0x72,0x48,0x00,0x00,
    0x50,0x50,0x50,0x48,0x68,0x60,0x00,0x00,0x48,0x48,0x48,0x68,0x42,0x4A,0x72,0x72,
    0x00,0x00,0x00,0x00,0x00,0x00,0x00,0x00,0x00,0x00,0x28,0x28,0x00,0x00,0x00,0x00,
    0x00,0x00,0x00,0x00,0x00,0x00,0x00,0x00,0x00,0x00,0x00,0x00,0x00,0x00,0x00,0x00,
    0x02,0x02,0x2A,0x2A,0x42,0x42,0x02,0x02,0x32,0x32,0x32,0x32,0x02,0x02,0x02,0x02,
    0x02,0x02,0x52,0x2A,0x32,0x32,0x02,0x02,0x02,0x02,0x02,0x02,0x5A,0x5B,0x02,0x02,
    0x4A,0x32,0x2A,0x02,0x42,0x42,0x3A,0x3A,0x68,0x68,0x02,0x22,0x4A,0x4A,0x02,0x02,
    0x02,0x02,0x52,0x2A,0x4A,0x2A,0x52,0x52,0x60,0x60,0x42,0x2A,0x22,0x2A,0x2A,0x3A,
    0x40,0x60,0x60,0x62,0x40,0x60,0x4A,0x2A,0x28,0x40,0x60,0x62,0x48,0x68,0x00,0x00,
    0x52,0x3A,0x60,0x4A,0x60,0x60,0x4A,0x02,0x72,0x68,0x42,0x22,0x60,0x62,0x42,0x02,
    0x00,0x00,0x52,0x6A,0x6A,0x6A,0x4A,0x4A,0x28,0x28,0x2A,0x60,0x68,0x68,0x00,0x00,
    0x00,0x00,0x4A,0x2A,0x42,0x48,0x60,0x52,0x2A,0x40,0x62,0x62,0x6A,0x40,0x6A,0x6A,
    0x18,0x18,0x00,0x00,0x48,0x30,0x28,0x28,0x28,0x50,0x50,0x28,0x30,0x30,0x00,0x00,
    0x00,0x00,0x28,0x28,0x58,0x00,0x08,0x28,0x38,0x38,0x30,0x28,0x58,0x30,0x00,0x00,
    0x38,0x10,0x00,0x08,0x08,0x00,0x10,0x28,0x39,0x00,0x08,0x00,0x10,0x08,0x28,0x28,
    0x00,0x00,0x00,0x00,0x00,0x00,0x28,0x28,0x58,0x38,0x08,0x00,0x08,0x00,0x30,0x50,
    0x01,0x11,0x09,0x11,0x11,0x11,0x10,0x30,0x19,0x18,0x19,0x18,0x31,0x18,0x01,0x01,
    0x29,0x38,0x09,0x19,0x11,0x18,0x58,0x00,0x31,0x19,0x11,0x11,0x09,0x11,0x18,0x38,
    0x29,0x29,0x09,0x09,0x29,0x09,0x51,0x51,0x31,0x39,0x11,0x18,0x01,0x01,0x31,0x31,
    0x01,0x01,0x59,0x59,0x11,0x29,0x31,0x31,0x31,0x31,0x29,0x51,0x01,0x01,0x29,0x29,
    0x03,0x03,0x03,0x03,0x03,0x03,0x03,0x03,0x03,0x03,0x03,0x03,0x03,0x03,0x03,0x03,
    0x03,0x03,0x03,0x03,0x3A,0x3A,0x03,0x03,0x03,0x03,0x2B,0x2B,0x53,0x2B,0x03,0x03,
    0x03,0x03,0x5B,0x2B,0x3B,0x33,0x3A,0x3A,0x03,0x03,0x3B,0x53,0x2B,0x2B,0x03,0x03,
    0x03,0x03,0x5A,0x5A,0x3B,0x3A,0x53,0x53,0x03,0x03,0x3A,0x33,0x5A,0x3B,0x5B,0x2B,
    0x02,0x02,0x2B,0x2B,0x72,0x3A,0x3A,0x3A,0x78,0x78,0x32,0x5B,0x48,0x48,0x02,0x02,
    0x02,0x02,0x5B,0x5B,0x3A,0x5A,0x1B,0x2B,0x28,0x28,0x70,0x70,0x5A,0x5B,0x32,0x2B,
    0x02,0x02,0x02,0x02,0x5B,0x5B,0x53,0x53,0x02,0x02,0x02,0x02,0x02,0x02,0x02,0x02,
    0x02,0x02,0x02,0x02,0x52,0x52,0x02,0x02,0x02,0x02,0x02,0x02,0x2A,0x2A,0x3B,0x3B,
    0x02,0x02,0x6A,0x6A,0x68,0x68,0x02,0x02,0x02,0x02,0x02,0x02,0x50,0x50,0x02,0x02,
    0x02,0x02,0x02,0x02,0x68,0x68,0x02,0x02,0x02,0x02,0x50,0x00,0x20,0x28,0x02,0x02,
    0x28,0x28,0x68,0x68,0x68,0x68,0x68,0x68,0x50,0x28,0x48,0x4A,0x70,0x48,0x28,0x28,
    0x02,0x02,0x72,0x72,0x6A,0x4A,0x6A,0x6A,0x48,0x48,0x6A,0x72,0x4A,0x68,0x48,0x60,
    0x00,0x00,0x5A,0x5A,0x50,0x30,0x4A,0x4A,0x50,0x50,0x6A,0x6A,0x6A,0x6A,0x00,0x00,
    0x00,0x00,0x00,0x00,0x50,0x78,0x68,0x68,0x00,0x00,0x50,0x50,0x38,0x28,0x70,0x70,
    0x00,0x00,0x00,0x00,0x00,0x00,0x00,0x00,0x00,0x00,0x00,0x00,0x00,0x00,0x00,0x00,
    0x00,0x00,0x00,0x00,0x00,0x00,0x00,0x00,0x00,0x00,0x50,0x50,0x00,0x00,0x00,0x00,
    0x02,0x02,0x02,0x02,0x02,0x02,0x02,0x02,0x02,0x02,0x02,0x02,0x02,0x02,0x02,0x02,
    0x02,0x02,0x02,0x02,0x02,0x02,0x02,0x02,0x02,0x02,0x02,0x02,0x02,0x02,0x02,0x02,
    0x02,0x02,0x28,0x28,0x70,0x70,0x02,0x02,0x02,0x02,0x28,0x28,0x28,0x28,0x02,0x02,
    0x02,0x02,0x78,0x78,0x02,0x02,0x02,0x02,0x39,0x39,0x38,0x38,0x28,0x50,0x30,0x30,
    0x28,0x28,0x28,0x20,0x28,0x20,0x18,0x28,0x30,0x30,0x39,0x39,0x28,0x28,0x28,0x48,
    0x30,0x30,0x28,0x28,0x08,0x00,0x08,0x00,0x30,0x30,0x28,0x48,0x28,0x00,0x28,0x50,
    0x00,0x00,0x70,0x68,0x58,0x58,0x28,0x28,0x00,0x00,0x30,0x30,0x28,0x28,0x28,0x28,
    0x00,0x00,0x00,0x00,0x19,0x19,0x59,0x48,0x38,0x38,0x11,0x11,0x10,0x28,0x30,0x30,
    0x29,0x29,0x31,0x29,0x09,0x31,0x31,0x38,0x51,0x29,0x09,0x09,0x59,0x59,0x00,0x00,
    0x59,0x59,0x00,0x00,0x31,0x31,0x30,0x30,0x51,0x51,0x38,0x38,0x18,0x18,0x00,0x00,
    0x31,0x31,0x31,0x38,0x31,0x39,0x30,0x38,0x29,0x59,0x39,0x10,0x31,0x38,0x30,0x39,
    0x00,0x00,0x39,0x58,0x31,0x38,0x18,0x10,0x29,0x09,0x11,0x18,0x11,0x11,0x38,0x30,
    0x29,0x29,0x01,0x09,0x09,0x01,0x58,0x11,0x29,0x29,0x39,0x29,0x29,0x29,0x01,0x01,
    0x29,0x29,0x31,0x29,0x01,0x01,0x29,0x09,0x29,0x29,0x11,0x01,0x29,0x01,0x11,0x31,
    0x01,0x01,0x29,0x29,0x09,0x51,0x01,0x01,0x01,0x01,0x01,0x29,0x29,0x29,0x01,0x01,
    0x01,0x01,0x29,0x29,0x29,0x29,0x29,0x29,0x01,0x01,0x51,0x29,0x29,0x29,0x01,0x51,
    0x03,0x03,0x2B,0x2B,0x0B,0x2B,0x03,0x03,0x0B,0x0B,0x2B,0x2B,0x03,0x03,0x03,0x03,
    0x3A,0x3A,0x0B,0x0B,0x0B,0x0B,0x03,0x03,0x3B,0x2B,0x2B,0x2B,0x0B,0x53,0x03,0x03,
    0x33,0x53,0x0B,0x2B,0x53,0x2B,0x2B,0x2B,0x53,0x2B,0x53,0x2B,0x33,0x33,0x03,0x03,
    0x52,0x52,0x3B,0x2B,0x2B,0x13,0x2B,0x2B,0x1B,0x2B,0x2B,0x2B,0x33,0x2B,0x03,0x03,
    0x0B,0x33,0x03,0x0B,0x33,0x2B,0x33,0x33,0x53,0x12,0x53,0x2B,0x02,0x02,0x02,0x02,
    0x32,0x32,0x13,0x2B,0x33,0x53,0x2B,0x2B,0x2B,0x1B,0x2B,0x03,0x5B,0x53,0x2B,0x2B,
    0x02,0x02,0x02,0x02,0x02,0x02,0x02,0x02,0x02,0x02,0x33,0x53,0x02,0x02,0x02,0x02,
    0x02,0x02,0x02,0x02,0x02,0x02,0x02,0x02,0x5A,0x5A,0x3B,0x3B,0x2B,0x2B,0x02,0x02,
    0x6A,0x6A,0x3A,0x3A,0x52,0x52,0x02,0x02,0x6A,0x6A,0x02,0x02,0x02,0x02,0x02,0x02,
    0x50,0x50,0x02,0x02,0x02,0x02,0x02,0x02,0x6A,0x6A,0x52,0x52,0x2A,0x2A,0x02,0x02,
    0x02,0x02,0x02,0x02,0x4A,0x4A,0x02,0x02,0x52,0x52,0x52,0x52,0x6A,0x6A,0x02,0x02,
    0x02,0x02,0x02,0x02,0x52,0x52,0x02,0x02,0x12,0x12,0x32,0x32,0x2A,0x52,0x02,0x02,
    0x31,0x31,0x00,0x00,0x00,0x00,0x00,0x00,0x00,0x00,0x00,0x00,0x00,0x00,0x00,0x00,
    0x00,0x00,0x00,0x00,0x78,0x78,0x00,0x00,0x00,0x00,0x00,0x00,0x00,0x00,0x00,0x00,
    0x00,0x00,0x00,0x00,0x00,0x00,0x00,0x00,0x00,0x00,0x00,0x00,0x00,0x00,0x00,0x00,
    0x00,0x00,0x00,0x00,0x00,0x00,0x00,0x00,0x00,0x00,0x00,0x00,0x00,0x00,0x00,0x00,
    0x52,0x2A,0x6A,0x6A,0x6A,0x6A,0x02,0x02,0x02,0x02,0x02,0x02,0x02,0x02,0x02,0x02,
    0x30,0x30,0x52,0x52,0x02,0x02,0x02,0x02,0x48,0x52,0x68,0x68,0x02,0x02,0x02,0x02,
    0x60,0x52,0x42,0x2A,0x3A,0x2A,0x2A,0x2A,0x68,0x68,0x2A,0x2A,0x52,0x4A,0x02,0x02,
    0x50,0x50,0x20,0x20,0x68,0x5B,0x02,0x02,0x40,0x40,0x40,0x40,0x6A,0x6A,0x02,0x02,
    0x4A,0x62,0x2A,0x2A,0x4A,0x4A,0x6A,0x6A,0x2A,0x4A,0x72,0x6A,0x00,0x00,0x00,0x00,
    0x00,0x00,0x4A,0x72,0x68,0x4A,0x4A,0x4A,0x40,0x2A,0x68,0x52,0x4A,0x62,0x6A,0x6A,
    0x00,0x00,0x3A,0x3A,0x00,0x00,0x00,0x00,0x28,0x28,0x28,0x28,0x00,0x00,0x00,0x00,
    0x00,0x00,0x00,0x00,0x00,0x00,0x00,0x00,0x50,0x50,0x48,0x48,0x6A,0x6A,0x00,0x00,
    0x30,0x30,0x28,0x28,0x28,0x50,0x00,0x00,0x31,0x31,0x00,0x00,0x00,0x00,0x00,0x00,
    0x51,0x51,0x50,0x28,0x00,0x00,0x00,0x00,0x38,0x28,0x28,0x28,0x29,0x29,0x00,0x00,
    0x50,0x28,0x38,0x30,0x28,0x28,0x00,0x00,0x70,0x30,0x30,0x28,0x59,0x59,0x00,0x00,
    0x00,0x00,0x38,0x28,0x28,0x50,0x00,0x00,0x11,0x11,0x30,0x28,0x51,0x51,0x00,0x00,
    0x31,0x11,0x38,0x38,0x18,0x28,0x01,0x01,0x11,0x29,0x38,0x38,0x01,0x01,0x01,0x01,
    0x51,0x51,0x59,0x59,0x31,0x10,0x01,0x01,0x31,0x11,0x31,0x38,0x11,0x39,0x01,0x01,
    0x01,0x01,0x71,0x71,0x01,0x01,0x01,0x01,0x01,0x01,0x38,0x38,0x01,0x01,0x01,0x01,
    0x01,0x01,0x01,0x01,0x01,0x01,0x01,0x01,0x01,0x01,0x58,0x58,0x01,0x01,0x01,0x01,
    0x13,0x03,0x03,0x03,0x2B,0x2B,0x03,0x03,0x13,0x53,0x33,0x2B,0x53,0x53,0x03,0x03,
    0x5A,0x5A,0x33,0x33,0x33,0x03,0x2B,0x2B,0x3B,0x2B,0x13,0x0B,0x0B,0x03,0x33,0x2B,
    0x1B,0x1B,0x0B,0x03,0x0B,0x0B,0x33,0x33,0x1A,0x3B,0x13,0x0B,0x03,0x03,0x33,0x5B,
    0x03,0x03,0x13,0x0B,0x03,0x03,0x03,0x03,0x5B,0x3A,0x13,0x0B,0x0B,0x0B,0x3B,0x2B,
    0x0A,0x02,0x02,0x0A,0x12,0x32,0x5B,0x33,0x2A,0x2A,0x02,0x02,0x2A,0x0A,0x02,0x02,
    0x52,0x5A,0x02,0x02,0x0A,0x0A,0x3A,0x1B,0x3A,0x32,0x02,0x02,0x02,0x02,0x2A,0x5B,
    0x02,0x02,0x72,0x72,0x78,0x78,0x5A,0x5A,0x50,0x50,0x48,0x48,0x3A,0x3A,0x02,0x02,
    0x02,0x02,0x00,0x00,0x20,0x20,0x50,0x50,0x70,0x70,0x68,0x68,0x2A,0x5B,0x3A,0x53,
    0x62,0x4A,0x42,0x02,0x42,0x42,0x62,0x52,0x48,0x68,0x4A,0x2A,0x02,0x02,0x02,0x02,
    0x4A,0x4A,0x52,0x52,0x4A,0x2A,0x32,0x32,0x48,0x70,0x62,0x52,0x68,0x32,0x68,0x68,
    0x42,0x62,0x62,0x62,0x20,0x40,0x2A,0x2A,0x62,0x72,0x62,0x42,0x6A,0x62,0x4A,0x4A,
    0x02,0x02,0x42,0x2A,0x40,0x40,0x4A,0x2A,0x6A,0x68,0x62,0x4A,0x62,0x42,0x2A,0x2A,
    0x30,0x50,0x20,0x00,0x20,0x48,0x6A,0x52,0x30,0x50,0x00,0x00,0x28,0x48,0x00,0x00,
    0x50,0x50,0x20,0x20,0x20,0x40,0x50,0x70,0x10,0x38,0x00,0x00,0x20,0x20,0x6A,0x2A,
    0x00,0x00,0x00,0x00,0x00,0x00,0x00,0x00,0x50,0x50,0x00,0x00,0x00,0x00,0x00,0x00,
    0x00,0x00,0x00,0x00,0x28,0x28,0x00,0x00,0x00,0x00,0x50,0x28,0x50,0x48,0x70,0x70,
    0x02,0x02,0x02,0x02,0x02,0x02,0x02,0x02,0x02,0x02,0x02,0x02,0x02,0x02,0x02,0x02,
    0x02,0x02,0x02,0x02,0x02,0x02,0x02,0x02,0x02,0x02,0x02,0x02,0x02,0x02,0x02,0x02,
    0x28,0x28,0x40,0x40,0x20,0x00,0x02,0x02,0x48,0x48,0x20,0x48,0x48,0x28,0x02,0x02,
    0x02,0x02,0x28,0x00,0x30,0x28,0x28,0x28,0x31,0x31,0x50,0x40,0x40,0x40,0x02,0x02,
    0x28,0x48,0x00,0x00,0x20,0x48,0x68,0x68,0x28,0x38,0x00,0x20,0x28,0x28,0x00,0x00,
    0x50,0x30,0x00,0x00,0x00,0x20,0x28,0x48,0x58,0x48,0x00,0x00,0x00,0x00,0x22,0x4A,
    0x00,0x00,0x28,0x28,0x48,0x48,0x48,0x48,0x00,0x00,0x48,0x48,0x50,0x48,0x70,0x70,
    0x00,0x00,0x51,0x51,0x31,0x31,0x48,0x70,0x29,0x29,0x58,0x58,0x48,0x20,0x48,0x48,
    0x19,0x18,0x10,0x19,0x18,0x10,0x10,0x28,0x31,0x31,0x18,0x18,0x29,0x29,0x00,0x00,
    0x31,0x31,0x18,0x28,0x30,0x30,0x38,0x58,0x51,0x11,0x18,0x30,0x31,0x38,0x50,0x28,
    0x19,0x19,0x10,0x10,0x11,0x19,0x51,0x58,0x19,0x31,0x10,0x10,0x38,0x10,0x28,0x30,
    0x00,0x00,0x28,0x18,0x19,0x10,0x00,0x18,0x11,0x31,0x10,0x10,0x18,0x10,0x30,0x30,
    0x01,0x01,0x01,0x01,0x09,0x01,0x29,0x29,0x29,0x29,0x01,0x01,0x01,0x01,0x29,0x29,
    0x29,0x29,0x01,0x01,0x01,0x01,0x31,0x19,0x01,0x09,0x01,0x01,0x01,0x01,0x39,0x31,
    0x01,0x01,0x29,0x29,0x29,0x51,0x01,0x01,0x51,0x51,0x51,0x51,0x31,0x58,0x59,0x59,
    0x01,0x01,0x01,0x01,0x51,0x51,0x01,0x01,0x01,0x01,0x11,0x29,0x01,0x01,0x29,0x51,
    0x03,0x03,0x03,0x03,0x2B,0x2B,0x03,0x03,0x13,0x13,0x2B,0x03,0x2B,0x2B,0x03,0x03,
    0x2B,0x2B,0x03,0x03,0x2B,0x2B,0x53,0x53,0x13,0x53,0x0B,0x2B,0x03,0x03,0x2B,0x2B,
    0x0B,0x0B,0x03,0x03,0x03,0x03,0x2B,0x2B,0x33,0x33,0x03,0x03,0x03,0x03,0x2B,0x2B,
    0x03,0x03,0x03,0x2B,0x03,0x03,0x53,0x33,0x33,0x1B,0x0B,0x03,0x03,0x03,0x03,0x2B,
    0x0A,0x0A,0x0A,0x12,0x0A,0x0A,0x13,0x2B,0x02,0x02,0x0A,0x1A,0x32,0x2A,0x02,0x02,
    0x50,0x50,0x32,0x2A,0x0A,0x0A,0x33,0x2B,0x2A,0x5A,0x1A,0x13,0x0A,0x0A,0x1A,0x33,
    0x02,0x02,0x5B,0x33,0x3A,0x3A,0x02,0x02,0x70,0x70,0x33,0x33,0x02,0x02,0x02,0x02,
    0x02,0x02,0x02,0x02,0x12,0x12,0x3A,0x3A,0x5A,0x5A,0x1A,0x33,0x32,0x32,0x33,0x5B,
    0x72,0x50,0x02,0x02,0x72,0x70,0x02,0x02,0x4A,0x62,0x4A,0x4A,0x02,0x02,0x02,0x02,
    0x28,0x28,0x02,0x02,0x32,0x2A,0x02,0x02,0x40,0x40,0x02,0x22,0x02,0x2A,0x02,0x02,
    0x68,0x4A,0x02,0x02,0x02,0x02,0x52,0x2A,0x6A,0x6A,0x02,0x02,0x22,0x02,0x72,0x72,
    0x02,0x02,0x52,0x2A,0x0A,0x2A,0x02,0x02,0x68,0x68,0x22,0x2A,0x02,0x02,0x2A,0x2A,
    0x48,0x4A,0x42,0x4A,0x62,0x62,0x00,0x00,0x50,0x2A,0x68,0x2A,0x68,0x4A,0x00,0x00,
    0x00,0x00,0x4A,0x52,0x42,0x42,0x00,0x00,0x72,0x72,0x42,0x4A,0x42,0x4A,0x00,0x00,
    0x00,0x00,0x00,0x00,0x00,0x00,0x00,0x00,0x00,0x00,0x00,0x00,0x00,0x00,0x00,0x00,
    0x00,0x00,0x00,0x00,0x00,0x00,0x00,0x00,0x00,0x00,0x00,0x00,0x00,0x00,0x00,0x00,
    0x02,0x02,0x2A,0x2A,0x32,0x32,0x02,0x02,0x02,0x02,0x2A,0x2A,0x02,0x02,0x02,0x02,
    0x70,0x70,0x52,0x52,0x2A,0x2A,0x02,0x02,0x48,0x48,0x70,0x72,0x72,0x2A,0x5A,0x5A,
    0x78,0x52,0x02,0x02,0x22,0x22,0x02,0x02,0x28,0x4A,0x42,0x4A,0x22,0x02,0x02,0x02,
    0x02,0x02,0x2A,0x2A,0x02,0x02,0x2A,0x2A,0x20,0x20,0x6A,0x68,0x22,0x02,0x4A,0x52,
    0x20,0x48,0x40,0x68,0x20,0x40,0x48,0x4A,0x00,0x00,0x60,0x62,0x48,0x40,0x00,0x00,
    0x4A,0x4A,0x40,0x60,0x20,0x40,0x4A,0x32,0x28,0x28,0x62,0x22,0x20,0x40,0x42,0x22,
    0x50,0x50,0x6A,0x6A,0x60,0x68,0x00,0x00,0x00,0x00,0x60,0x72,0x5B,0x5A,0x00,0x00,
    0x00,0x00,0x48,0x48,0x50,0x28,0x48,0x48,0x28,0x28,0x68,0x68,0x28,0x20,0x72,0x60,
    0x09,0x59,0x28,0x30,0x31,0x31,0x00,0x00,0x31,0x31,0x30,0x50,0x38,0x38,0x00,0x00,
    0x09,0x09,0x28,0x11,0x31,0x58,0x00,0x00,0x09,0x09,0x28,0x19,0x11,0x39,0x30,0x30,
    0x11,0x11,0x08,0x08,0x00,0x00,0x59,0x59,0x11,0x38,0x08,0x08,0x08,0x00,0x39,0x39,
    0x00,0x00,0x00,0x28,0x08,0x00,0x58,0x50,0x31,0x29,0x18,0x10,0x08,0x08,0x30,0x10,
    0x01,0x09,0x09,0x09,0x09,0x09,0x18,0x30,0x11,0x11,0x09,0x09,0x11,0x11,0x01,0x01,
    0x11,0x31,0x09,0x09,0x09,0x11,0x38,0x30,0x29,0x11,0x09,0x11,0x09,0x11,0x10,0x30,
    0x11,0x31,0x09,0x09,0x29,0x09,0x29,0x29,0x01,0x01,0x01,0x29,0x29,0x01,0x01,0x01,
    0x01,0x01,0x01,0x01,0x29,0x29,0x29,0x51,0x01,0x01,0x01,0x29,0x29,0x01,0x51,0x51,
    0x03,0x03,0x2B,0x2B,0x53,0x53,0x03,0x03,0x03,0x03,0x2B,0x2B,0x03,0x03,0x03,0x03,
    0x03,0x03,0x2B,0x2B,0x0B,0x33,0x03,0x03,0x03,0x03,0x5B,0x3B,0x13,0x2B,0x2B,0x2B,
    0x78,0x78,0x13,0x13,0x3A,0x33,0x5B,0x5B,0x52,0x70,0x13,0x33,0x3A,0x0B,0x53,0x53,
    0x03,0x03,0x32,0x5A,0x3B,0x3B,0x2B,0x0B,0x52,0x52,0x13,0x13,0x13,0x13,0x1A,0x2B,
    0x5B,0x5B,0x32,0x2A,0x2A,0x2A,0x02,0x02,0x48,0x48,0x02,0x02,0x02,0x02,0x02,0x02,
    0x02,0x02,0x2A,0x4A,0x4A,0x22,0x3A,0x5A,0x78,0x78,0x42,0x22,0x62,0x42,0x32,0x68,
    0x02,0x02,0x52,0x72,0x52,0x52,0x02,0x02,0x02,0x02,0x02,0x02,0x2A,0x2A,0x52,0x52,
    0x02,0x02,0x02,0x02,0x02,0x02,0x02,0x02,0x02,0x02,0x02,0x02,0x4A,0x4A,0x02,0x02,
    0x02,0x02,0x02,0x02,0x28,0x28,0x02,0x02,0x02,0x02,0x02,0x02,0x02,0x02,0x02,0x02,
    0x02,0x02,0x02,0x02,0x28,0x28,0x02,0x02,0x02,0x02,0x28,0x28,0x28,0x28,0x28,0x28,
    0x50,0x68,0x60,0x72,0x28,0x48,0x68,0x68,0x50,0x28,0x40,0x40,0x28,0x68,0x28,0x28,
    0x02,0x02,0x02,0x02,0x48,0x48,0x02,0x02,0x28,0x28,0x52,0x72,0x28,0x40,0x68,0x72,
    0x51,0x29,0x10,0x08,0x10,0x28,0x00,0x00,0x00,0x00,0x30,0x00,0x51,0x38,0x00,0x00,
    0x51,0x51,0x50,0x00,0x38,0x08,0x72,0x72,0x00,0x00,0x10,0x00,0x08,0x08,0x38,0x38,
    0x00,0x00,0x29,0x29,0x00,0x00,0x00,0x00,0x00,0x00,0x00,0x00,0x00,0x00,0x00,0x00,
    0x00,0x00,0x00,0x00,0x00,0x00,0x00,0x00,0x00,0x00,0x00,0x00,0x00,0x00,0x00,0x00,
    0x02,0x02,0x02,0x02,0x02,0x02,0x02,0x02,0x02,0x02,0x02,0x02,0x02,0x02,0x02,0x02,
    0x02,0x02,0x02,0x02,0x02,0x02,0x02,0x02,0x02,0x02,0x02,0x02,0x02,0x02,0x02,0x02,
    0x02,0x02,0x28,0x28,0x02,0x02,0x02,0x02,0x02,0x02,0x02,0x02,0x30,0x30,0x02,0x02,
    0x02,0x02,0x02,0x02,0x02,0x02,0x02,0x02,0x02,0x02,0x02,0x02,0x70,0x70,0x02,0x02,
    0x00,0x00,0x70,0x70,0x10,0x10,0x00,0x00,0x59,0x59,0x00,0x00,0x00,0x00,0x00,0x00,
    0x00,0x00,0x00,0x00,0x30,0x28,0x00,0x00,0x00,0x00,0x50,0x50,0x48,0x48,0x28,0x00,
    0x00,0x00,0x28,0x28,0x28,0x28,0x00,0x00,0x00,0x00,0x28,0x28,0x28,0x28,0x00,0x00,
    0x00,0x00,0x00,0x00,0x00,0x00,0x00,0x00,0x00,0x00,0x59,0x59,0x38,0x28,0x00,0x00,
    0x00,0x00,0x00,0x00,0x29,0x29,0x00,0x00,0x00,0x00,0x00,0x00,0x00,0x00,0x00,0x00,
    0x00,0x00,0x00,0x00,0x00,0x00,0x00,0x00,0x00,0x00,0x00,0x00,0x31,0x31,0x59,0x59,
    0x29,0x29,0x39,0x39,0x31,0x31,0x29,0x29,0x09,0x51,0x31,0x31,0x31,0x11,0x31,0x31,
    0x00,0x00,0x00,0x00,0x39,0x39,0x00,0x00,0x29,0x29,0x58,0x38,0x11,0x11,0x38,0x19,
    0x01,0x01,0x01,0x01,0x29,0x29,0x31,0x31,0x51,0x51,0x51,0x29,0x29,0x29,0x01,0x01,
    0x01,0x01,0x29,0x51,0x01,0x01,0x31,0x59,0x01,0x01,0x01,0x01,0x01,0x01,0x31,0x29,
    0x51,0x51,0x29,0x01,0x29,0x29,0x01,0x01,0x01,0x01,0x29,0x29,0x29,0x29,0x01,0x01,
    0x01,0x01,0x01,0x01,0x01,0x01,0x01,0x01,0x01,0x01,0x51,0x51,0x29,0x29,0x31,0x31,
    0x13,0x13,0x03,0x03,0x03,0x03,0x03,0x03,0x33,0x33,0x2B,0x2B,0x03,0x03,0x03,0x03,
    0x33,0x33,0x33,0x33,0x03,0x03,0x03,0x03,0x2B,0x2B,0x0B,0x0B,0x03,0x03,0x53,0x53,
    0x0B,0x0B,0x2B,0x03,0x03,0x03,0x03,0x03,0x13,0x13,0x03,0x03,0x03,0x03,0x2B,0x2B,
    0x03,0x03,0x2B,0x2B,0x0B,0x0B,0x03,0x03,0x3B,0x3B,0x03,0x03,0x03,0x03,0x53,0x53,
    0x1B,0x1B,0x1B,0x1B,0x1B,0x1B,0x02,0x02,0x3A,0x3A,0x3B,0x3B,0x02,0x02,0x02,0x02,
    0x2B,0x2B,0x2B,0x2B,0x13,0x13,0x02,0x02,0x3B,0x3B,0x13,0x13,0x1B,0x1B,0x03,0x03,
    0x02,0x02,0x02,0x02,0x02,0x02,0x02,0x02,0x53,0x53,0x02,0x02,0x02,0x02,0x02,0x02,
    0x02,0x02,0x02,0x02,0x02,0x02,0x02,0x02,0x02,0x02,0x5B,0x5B,0x53,0x53,0x02,0x02,
    0x2A,0x2A,0x42,0x42,0x2A,0x2A,0x02,0x02,0x02,0x02,0x02,0x02,0x5A,0x5A,0x02,0x02,
    0x02,0x02,0x22,0x22,0x2A,0x2A,0x02,0x02,0x52,0x52,0x32,0x32,0x42,0x42,0x02,0x02,
    0x2A,0x2A,0x52,0x52,0x0A,0x0A,0x02,0x02,0x3A,0x3A,0x4A,0x52,0x42,0x42,0x02,0x02,
    0x02,0x02,0x4A,0x4A,0x68,0x68,0x02,0x02,0x02,0x02,0x2A,0x2A,0x52,0x52,0x02,0x02,
    0x00,0x00,0x00,0x00,0x30,0x30,0x00,0x00,0x00,0x00,0x00,0x00,0x00,0x00,0x00,0x00,
    0x00,0x00,0x00,0x00,0x00,0x00,0x00,0x00,0x00,0x00,0x00,0x00,0x72,0x72,0x00,0x00,
    0x00,0x00,0x00,0x00,0x00,0x00,0x00,0x00,0x00,0x00,0x00,0x00,0x00,0x00,0x00,0x00,
    0x00,0x00,0x00,0x00,0x00,0x00,0x00,0x00,0x00,0x00,0x00,0x00,0x00,0x00,0x00,0x00,
    0x02,0x02,0x02,0x02,0x02,0x02,0x02,0x02,0x02,0x02,0x02,0x02,0x02,0x02,0x02,0x02,
    0x02,0x02,0x02,0x02,0x32,0x32,0x7B,0x7B,0x02,0x02,0x2A,0x2A,0x3A,0x3A,0x02,0x02,
    0x5A,0x53,0x2B,0x32,0x53,0x32,0x02,0x02,0x32,0x32,0x0A,0x0A,0x1A,0x1A,0x3B,0x3B,
    0x02,0x02,0x4A,0x4A,0x32,0x32,0x02,0x02,0x02,0x02,0x52,0x52,0x2A,0x2A,0x2B,0x2B,
    0x6A,0x52,0x42,0x2A,0x42,0x2A,0x52,0x52,0x68,0x68,0x6A,0x6A,0x42,0x42,0x00,0x00,
    0x2A,0x2A,0x0A,0x52,0x2A,0x4A,0x22,0x22,0x68,0x68,0x4A,0x4A,0x52,0x2A,0x2A,0x52,
    0x32,0x32,0x2A,0x2A,0x00,0x00,0x00,0x00,0x00,0x00,0x00,0x00,0x52,0x52,0x00,0x00,
    0x00,0x00,0x00,0x00,0x28,0x28,0x00,0x00,0x00,0x00,0x50,0x50,0x68,0x68,0x00,0x00,
    0x59,0x59,0x28,0x28,0x00,0x00,0x00,0x00,0x00,0x00,0x00,0x00,0x00,0x00,0x00,0x00,
    0x00,0x00,0x58,0x58,0x58,0x58,0x00,0x00,0x31,0x31,0x38,0x38,0x59,0x59,0x00,0x00,
    0x39,0x28,0x30,0x30,0x38,0x38,0x00,0x00,0x11,0x11,0x72,0x28,0x58,0x58,0x52,0x52,
    0x00,0x00,0x00,0x00,0x59,0x59,0x52,0x52,0x31,0x31,0x10,0x10,0x39,0x39,0x68,0x68,
    0x11,0x50,0x30,0x58,0x11,0x28,0x01,0x01,0x11,0x11,0x31,0x31,0x38,0x38,0x01,0x01,
    0x39,0x58,0x11,0x31,0x11,0x28,0x38,0x38,0x31,0x31,0x11,0x31,0x11,0x10,0x38,0x38,
    0x51,0x31,0x31,0x29,0x39,0x39,0x01,0x01,0x01,0x01,0x11,0x59,0x29,0x51,0x01,0x01,
    0x01,0x01,0x01,0x01,0x01,0x01,0x01,0x01,0x01,0x01,0x29,0x01,0x29,0x29,0x01,0x01,
    0x5A,0x5A,0x0B,0x0B,0x03,0x03,0x03,0x03,0x2B,0x2B,0x13,0x13,0x03,0x03,0x03,0x03,
    0x2B,0x2B,0x03,0x03,0x13,0x13,0x33,0x33,0x3B,0x3B,0x13,0x13,0x53,0x53,0x0B,0x0B,
    0x1B,0x2B,0x03,0x03,0x2B,0x0B,0x13,0x13,0x53,0x1B,0x0B,0x03,0x03,0x53,0x0B,0x0B,
    0x03,0x03,0x2B,0x2B,0x13,0x2B,0x53,0x0B,0x1A,0x1A,0x03,0x03,0x3B,0x0B,0x03,0x03,
    0x52,0x52,0x33,0x33,0x2B,0x2B,0x13,0x13,0x52,0x52,0x02,0x02,0x0A,0x0A,0x2B,0x2B,
    0x5A,0x5A,0x0A,0x0A,0x2B,0x33,0x53,0x2B,0x78,0x78,0x3B,0x33,0x33,0x13,0x2B,0x03,
    0x02,0x02,0x1B,0x1B,0x3B,0x5B,0x33,0x33,0x70,0x70,0x52,0x52,0x3B,0x3B,0x53,0x53,
    0x02,0x02,0x02,0x02,0x52,0x52,0x02,0x02,0x72,0x72,0x52,0x52,0x3A,0x3A,0x33,0x33,
    0x68,0x68,0x42,0x42,0x62,0x62,0x52,0x52,0x42,0x42,0x22,0x22,0x02,0x02,0x02,0x02,
    0x02,0x02,0x52,0x52,0x60,0x60,0x02,0x02,0x68,0x68,0x72,0x72,0x6A,0x2A,0x6A,0x6A,
    0x52,0x2A,0x02,0x02,0x2A,0x42,0x52,0x4A,0x62,0x62,0x02,0x02,0x4A,0x2A,0x42,0x42,
    0x2A,0x2A,0x4A,0x4A,0x60,0x60,0x5A,0x02,0x60,0x60,0x02,0x0A,0x32,0x02,0x02,0x02,
    0x50,0x50,0x28,0x68,0x48,0x68,0x52,0x52,0x58,0x58,0x00,0x00,0x28,0x28,0x00,0x00,
    0x38,0x38,0x00,0x52,0x28,0x50,0x4A,0x4A,0x00,0x00,0x68,0x68,0x00,0x50,0x70,0x70,
    0x00,0x00,0x58,0x48,0x48,0x48,0x00,0x00,0x50,0x50,0x08,0x08,0x28,0x28,0x00,0x00,
    0x00,0x00,0x00,0x00,0x38,0x38,0x00,0x00,0x00,0x00,0x20,0x20,0x30,0x30,0x00,0x00,
    0x02,0x02,0x02,0x02,0x52,0x52,0x02,0x02,0x02,0x02,0x02,0x02,0x02,0x02,0x02,0x02,
    0x02,0x02,0x02,0x02,0x02,0x02,0x02,0x02,0x02,0x02,0x02,0x02,0x02,0x02,0x02,0x02,
    0x28,0x28,0x40,0x40,0x48,0x48,0x48,0x48,0x30,0x30,0x40,0x40,0x48,0x48,0x02,0x02,
    0x02,0x02,0x60,0x60,0x60,0x60,0x60,0x60,0x38,0x38,0x60,0x60,0x40,0x6A,0x4A,0x4A,
    0x28,0x28,0x00,0x72,0x48,0x20,0x68,0x68,0x68,0x68,0x00,0x00,0x00,0x00,0x48,0x48,
    0x28,0x28,0x20,0x20,0x00,0x00,0x60,0x60,0x30,0x30,0x00,0x00,0x30,0x68,0x48,0x48,
    0x4A,0x52,0x20,0x68,0x20,0x20,0x68,0x68,0x00,0x00,0x30,0x30,0x00,0x48,0x68,0x68,
    0x00,0x00,0x00,0x00,0x30,0x30,0x28,0x28,0x51,0x51,0x72,0x72,0x50,0x00,0x4A,0x4A,
    0x11,0x11,0x30,0x10,0x11,0x11,0x31,0x31,0x30,0x30,0x00,0x00,0x00,0x00,0x00,0x00,
    0x38,0x38,0x19,0x19,0x19,0x19,0x78,0x78,0x38,0x38,0x18,0x18,0x11,0x11,0x38,0x38,
    0x50,0x30,0x00,0x00,0x28,0x08,0x18,0x18,0x11,0x11,0x00,0x00,0x18,0x28,0x08,0x08,
    0x00,0x00,0x10,0x28,0x11,0x11,0x10,0x10,0x11,0x11,0x00,0x00,0x30,0x08,0x08,0x00,
    0x29,0x29,0x09,0x11,0x29,0x11,0x11,0x11,0x29,0x29,0x01,0x01,0x01,0x01,0x51,0x51,
    0x09,0x09,0x31,0x31,0x09,0x09,0x11,0x31,0x01,0x01,0x11,0x09,0x11,0x09,0x11,0x11,
    0x09,0x29,0x01,0x01,0x29,0x29,0x29,0x29,0x29,0x29,0x01,0x01,0x29,0x01,0x51,0x31,
    0x01,0x01,0x29,0x01,0x01,0x29,0x09,0x09,0x29,0x29,0x29,0x29,0x09,0x01,0x01,0x29,
    0x0B,0x0B,0x13,0x13,0x0B,0x0B,0x2B,0x2B,0x2B,0x2B,0x2B,0x2B,0x03,0x03,0x03,0x03,
    0x03,0x03,0x13,0x13,0x0B,0x0B,0x03,0x03,0x33,0x33,0x13,0x13,0x0B,0x0B,0x03,0x03,
    0x13,0x13,0x2B,0x2B,0x2B,0x0B,0x23,0x23,0x13,0x13,0x2B,0x2B,0x03,0x2B,0x2B,0x2B,
    0x03,0x03,0x0B,0x0B,0x03,0x2B,0x0B,0x0B,0x13,0x13,0x33,0x2B,0x03,0x2B,0x03,0x03,
    0x3A,0x3A,0x2B,0x2B,0x33,0x2B,0x13,0x13,0x12,0x12,0x1B,0x1B,0x12,0x12,0x53,0x53,
    0x33,0x33,0x1A,0x1A,0x12,0x33,0x13,0x13,0x3A,0x3A,0x2B,0x2B,0x2B,0x2B,0x1B,0x1B,
    0x02,0x02,0x33,0x33,0x5B,0x53,0x2B,0x2B,0x5B,0x5B,0x1B,0x1B,0x33,0x33,0x53,0x53,
    0x02,0x02,0x32,0x32,0x1A,0x1A,0x13,0x13,0x3B,0x3B,0x1B,0x1B,0x1A,0x1A,0x1B,0x1B,
    0x52,0x52,0x2A,0x2A,0x5B,0x5B,0x0B,0x0B,0x52,0x52,0x33,0x33,0x3B,0x3B,0x02,0x02,
    0x6A,0x6A,0x42,0x42,0x70,0x70,0x3A,0x3A,0x60,0x60,0x52,0x52,0x52,0x52,0x02,0x02,
    0x70,0x70,0x02,0x02,0x02,0x02,0x1B,0x1B,0x5A,0x5A,0x2A,0x2A,0x02,0x02,0x33,0x33,
    0x02,0x02,0x4A,0x4A,0x02,0x02,0x1A,0x1A,0x5A,0x5A,0x5A,0x33,0x52,0x02,0x3A,0x3A,
    0x48,0x48,0x4A,0x4A,0x68,0x68,0x33,0x33,0x68,0x68,0x42,0x42,0x62,0x62,0x00,0x00,
    0x00,0x00,0x28,0x68,0x62,0x62,0x00,0x00,0x48,0x48,0x22,0x22,0x42,0x42,0x00,0x00,
    0x00,0x00,0x00,0x00,0x00,0x00,0x00,0x00,0x00,0x00,0x28,0x28,0x00,0x00,0x00,0x00,
    0x00,0x00,0x00,0x00,0x00,0x00,0x00,0x00,0x00,0x00,0x00,0x00,0x00,0x00,0x00,0x00,
    0x52,0x52,0x4A,0x4A,0x2A,0x2A,0x02,0x02,0x02,0x02,0x02,0x02,0x02,0x02,0x02,0x02,
    0x02,0x02,0x3A,0x3A,0x4A,0x4A,0x02,0x02,0x72,0x72,0x6A,0x6A,0x6A,0x6A,0x02,0x02,
    0x62,0x62,0x2A,0x02,0x22,0x3A,0x4A,0x4A,0x60,0x60,0x42,0x42,0x22,0x22,0x02,0x02,
    0x02,0x02,0x22,0x22,0x02,0x02,0x4A,0x4A,0x52,0x52,0x42,0x42,0x22,0x22,0x42,0x42,
    0x42,0x42,0x0A,0x2A,0x40,0x42,0x62,0x62,0x20,0x20,0x62,0x62,0x60,0x60,0x00,0x00,
    0x6A,0x6A,0x52,0x2A,0x2A,0x22,0x4A,0x52,0x40,0x40,0x2A,0x2A,0x52,0x02,0x2A,0x52,
    0x00,0x00,0x42,0x4A,0x60,0x4A,0x4A,0x4A,0x00,0x00,0x62,0x62,0x68,0x68,0x4A,0x4A,
    0x00,0x00,0x72,0x72,0x20,0x20,0x4A,0x4A,0x48,0x48,0x60,0x60,0x40,0x40,0x72,0x42,
    0x18,0x18,0x10,0x10,0x59,0x59,0x2A,0x2A,0x00,0x00,0x6A,0x6A,0x50,0x50,0x00,0x00,
    0x30,0x30,0x08,0x08,0x10,0x10,0x28,0x28,0x39,0x39,0x10,0x10,0x58,0x58,0x4A,0x4A,
    0x18,0x50,0x20,0x40,0x28,0x48,0x40,0x40,0x30,0x28,0x00,0x48,0x00,0x28,0x6A,0x6A,
    0x00,0x00,0x08,0x08,0x00,0x28,0x48,0x48,0x11,0x11,0x48,0x00,0x48,0x20,0x68,0x68,
    0x09,0x39,0x19,0x31,0x39,0x30,0x38,0x38,0x01,0x01,0x01,0x01,0x09,0x09,0x01,0x01,
    0x01,0x01,0x19,0x59,0x31,0x18,0x10,0x28,0x31,0x31,0x11,0x19,0x29,0x11,0x59,0x18,
    0x31,0x31,0x11,0x39,0x11,0x39,0x31,0x31,0x01,0x01,0x11,0x31,0x09,0x29,0x01,0x01,
    0x01,0x01,0x01,0x01,0x09,0x09,0x11,0x11,0x01,0x01,0x51,0x11,0x51,0x31,0x11,0x11,
    0x03,0x03,0x03,0x03,0x03,0x03,0x03,0x03,0x03,0x03,0x03,0x03,0x03,0x03,0x03,0x03,
    0x03,0x03,0x03,0x03,0x03,0x03,0x03,0x03,0x03,0x03,0x03,0x03,0x03,0x03,0x03,0x03,
    0x03,0x03,0x1B,0x33,0x1A,0x1A,0x3A,0x3A,0x03,0x03,0x1A,0x1A,0x7B,0x7B,0x03,0x03,
    0x03,0x03,0x03,0x03,0x03,0x03,0x03,0x03,0x03,0x03,0x1A,0x1A,0x1A,0x2B,0x2B,0x2B,
    0x02,0x02,0x5B,0x5B,0x5B,0x5B,0x4A,0x4A,0x48,0x48,0x3A,0x3A,0x30,0x30,0x02,0x02,
    0x02,0x02,0x2B,0x2B,0x32,0x32,0x3B,0x3B,0x28,0x28,0x72,0x72,0x3A,0x3A,0x3A,0x3A,
    0x02,0x02,0x5B,0x5B,0x78,0x78,0x33,0x33,0x02,0x02,0x02,0x02,0x02,0x02,0x53,0x53,
    0x02,0x02,0x02,0x02,0x4A,0x4A,0x02,0x02,0x02,0x02,0x52,0x52,0x2A,0x2A,0x53,0x2B,
    0x02,0x02,0x02,0x02,0x28,0x28,0x02,0x02,0x28,0x28,0x72,0x72,0x28,0x28,0x02,0x02,
    0x28,0x28,0x02,0x02,0x28,0x28,0x28,0x28,0x28,0x28,0x00,0x00,0x48,0x70,0x50,0x50,
    0x02,0x02,0x68,0x68,0x40,0x40,0x68,0x68,0x00,0x00,0x40,0x40,0x20,0x20,0x02,0x02,
    0x02,0x02,0x02,0x02,0x02,0x02,0x50,0x50,0x48,0x48,0x60,0x60,0x40,0x40,0x28,0x28,
    0x00,0x00,0x00,0x00,0x68,0x68,0x6A,0x6A,0x00,0x00,0x68,0x68,0x00,0x00,0x00,0x00,
    0x00,0x00,0x00,0x00,0x30,0x30,0x4A,0x4A,0x00,0x00,0x48,0x48,0x48,0x48,0x00,0x00,
    0x00,0x00,0x50,0x50,0x00,0x00,0x52,0x52,0x00,0x00,0x00,0x00,0x00,0x00,0x52,0x52,
    0x00,0x00,0x00,0x00,0x00,0x00,0x00,0x00,0x00,0x00,0x00,0x00,0x28,0x28,0x2A,0x52,
    0x02,0x02,0x02,0x02,0x02,0x02,0x02,0x02,0x02,0x02,0x02,0x02,0x02,0x02,0x02,0x02,
    0x02,0x02,0x02,0x02,0x02,0x02,0x02,0x02,0x02,0x02,0x02,0x02,0x02,0x02,0x02,0x02,
    0x02,0x02,0x02,0x02,0x50,0x50,0x28,0x28,0x02,0x02,0x30,0x30,0x00,0x00,0x02,0x02,
    0x02,0x02,0x02,0x02,0x02,0x02,0x02,0x02,0x02,0x02,0x48,0x48,0x28,0x28,0x02,0x02,
    0x30,0x30,0x48,0x48,0x10,0x10,0x50,0x50,0x30,0x30,0x50,0x50,0x31,0x31,0x00,0x00,
    0x28,0x28,0x48,0x48,0x08,0x08,0x10,0x10,0x39,0x39,0x30,0x30,0x08,0x08,0x48,0x48,
    0x00,0x00,0x00,0x00,0x50,0x50,0x00,0x00,0x00,0x00,0x00,0x00,0x28,0x28,0x00,0x00,
    0x00,0x00,0x00,0x00,0x51,0x51,0x00,0x00,0x00,0x00,0x30,0x30,0x59,0x59,0x28,0x28,
    0x51,0x51,0x31,0x31,0x31,0x31,0x38,0x38,0x29,0x29,0x31,0x31,0x00,0x00,0x00,0x00,
    0x00,0x00,0x00,0x00,0x39,0x39,0x31,0x31,0x00,0x00,0x29,0x29,0x29,0x29,0x00,0x00,
    0x29,0x29,0x11,0x11,0x11,0x11,0x19,0x19,0x09,0x09,0x11,0x11,0x19,0x19,0x19,0x19,
    0x00,0x00,0x29,0x29,0x11,0x11,0x11,0x11,0x21,0x21,0x11,0x11,0x11,0x11,0x39,0x39,
    0x29,0x29,0x11,0x11,0x09,0x29,0x11,0x11,0x29,0x29,0x09,0x09,0x01,0x01,0x01,0x01,
    0x29,0x29,0x29,0x29,0x09,0x51,0x01,0x01,0x29,0x29,0x09,0x51,0x01,0x29,0x29,0x29,
    0x01,0x01,0x29,0x29,0x29,0x29,0x39,0x39,0x01,0x01,0x29,0x29,0x29,0x29,0x58,0x50,
    0x01,0x01,0x01,0x01,0x29,0x29,0x29,0x29,0x01,0x01,0x09,0x09,0x09,0x09,0x30,0x38,
    0x13,0x13,0x03,0x03,0x03,0x03,0x2B,0x2B,0x2B,0x2B,0x2B,0x2B,0x2B,0x2B,0x03,0x03,
    0x03,0x03,0x2B,0x2B,0x03,0x03,0x2B,0x2B,0x3B,0x3B,0x03,0x03,0x0B,0x0B,0x03,0x03,
    0x13,0x13,0x0B,0x0B,0x0B,0x0B,0x2B,0x2B,0x0B,0x0B,0x03,0x03,0x0B,0x0B,0x03,0x03,
    0x03,0x03,0x2B,0x2B,0x0B,0x0B,0x2B,0x2B,0x0B,0x0B,0x0B,0x0B,0x0B,0x0B,0x2B,0x2B,
    0x1B,0x1B,0x13,0x53,0x1B,0x2B,0x0B,0x0B,0x1B,0x1B,0x1B,0x1B,0x2A,0x2A,0x02,0x02,
    0x02,0x02,0x13,0x53,0x1B,0x1B,0x03,0x03,0x1B,0x1B,0x1B,0x1B,0x1A,0x1A,0x2B,0x2B,
    0x02,0x02,0x02,0x02,0x02,0x02,0x02,0x02,0x5B,0x5B,0x13,0x13,0x02,0x02,0x02,0x02,
    0x02,0x02,0x02,0x02,0x1B,0x1B,0x3B,0x3B,0x33,0x33,0x1B,0x1B,0x1B,0x1B,0x02,0x02,
    0x70,0x70,0x13,0x13,0x3B,0x3B,0x3A,0x3A,0x5B,0x5B,0x33,0x33,0x78,0x78,0x02,0x02,
    0x02,0x02,0x02,0x02,0x52,0x52,0x02,0x02,0x52,0x52,0x52,0x52,0x4A,0x4A,0x02,0x02,
    0x52,0x52,0x2A,0x2A,0x42,0x42,0x02,0x02,0x52,0x52,0x32,0x32,0x52,0x52,0x02,0x02,
    0x02,0x02,0x02,0x02,0x3B,0x3B,0x02,0x02,0x32,0x32,0x1A,0x1A,0x22,0x22,0x32,0x32,
    0x00,0x00,0x78,0x78,0x68,0x68,0x00,0x00,0x48,0x48,0x00,0x00,0x00,0x00,0x00,0x00,
    0x50,0x50,0x00,0x00,0x70,0x70,0x53,0x53,0x00,0x00,0x78,0x78,0x00,0x00,0x00,0x00,
    0x00,0x00,0x00,0x00,0x00,0x00,0x00,0x00,0x00,0x00,0x00,0x00,0x00,0x00,0x00,0x00,
    0x00,0x00,0x00,0x00,0x00,0x00,0x00,0x00,0x00,0x00,0x00,0x00,0x00,0x00,0x00,0x00,
    0x78,0x78,0x2A,0x2A,0x02,0x02,0x02,0x02,0x02,0x02,0x52,0x52,0x02,0x02,0x02,0x02,
    0x02,0x02,0x02,0x02,0x4A,0x4A,0x02,0x02,0x02,0x02,0x02,0x02,0x02,0x02,0x02,0x02,
    0x02,0x02,0x4A,0x4A,0x68,0x68,0x02,0x02,0x60,0x60,0x42,0x42,0x6A,0x6A,0x02,0x02,
    0x02,0x02,0x02,0x02,0x42,0x42,0x02,0x02,0x70,0x70,0x62,0x62,0x48,0x48,0x02,0x02,
    0x4A,0x4A,0x6A,0x2A,0x60,0x60,0x68,0x68,0x68,0x68,0x62,0x62,0x4A,0x4A,0x00,0x00,
    0x4A,0x4A,0x62,0x62,0x60,0x52,0x52,0x52,0x70,0x70,0x60,0x60,0x60,0x60,0x00,0x00,
    0x70,0x70,0x48,0x48,0x68,0x68,0x00,0x00,0x50,0x50,0x28,0x28,0x00,0x00,0x00,0x00,
    0x00,0x00,0x00,0x00,0x28,0x28,0x70,0x70,0x00,0x00,0x48,0x48,0x68,0x68,0x00,0x00,
    0x38,0x38,0x10,0x10,0x38,0x38,0x00,0x00,0x50,0x50,0x48,0x48,0x00,0x00,0x00,0x00,
    0x00,0x00,0x30,0x30,0x48,0x48,0x00,0x00,0x29,0x29,0x38,0x38,0x59,0x59,0x00,0x00,
    0x19,0x19,0x78,0x28,0x10,0x48,0x50,0x50,0x10,0x28,0x10,0x28,0x39,0x39,0x00,0x00,
    0x00,0x00,0x00,0x00,0x39,0x50,0x52,0x52,0x11,0x11,0x38,0x38,0x11,0x11,0x00,0x00,
    0x31,0x39,0x31,0x50,0x18,0x30,0x01,0x01,0x10,0x10,0x10,0x10,0x30,0x30,0x01,0x01,
    0x01,0x01,0x19,0x19,0x10,0x10,0x30,0x30,0x19,0x19,0x28,0x18,0x11,0x59,0x29,0x29,
    0x51,0x51,0x51,0x31,0x39,0x39,0x01,0x01,0x01,0x01,0x39,0x39,0x51,0x51,0x01,0x01,
    0x01,0x01,0x01,0x01,0x01,0x01,0x01,0x01,0x01,0x01,0x01,0x01,0x01,0x01,0x01,0x01,
    0x53,0x53,0x03,0x2B,0x13,0x13,0x32,0x32,0x2B,0x2B,0x0B,0x0B,0x2B,0x2B,0x03,0x03,
    0x33,0x33,0x03,0x03,0x13,0x13,0x3B,0x3B,0x5B,0x5B,0x0B,0x0B,0x03,0x2B,0x33,0x33,
    0x1A,0x2B,0x03,0x0B,0x2B,0x2B,0x13,0x13,0x1A,0x1A,0x03,0x03,0x2B,0x2B,0x0B,0x0B,
    0x03,0x03,0x13,0x13,0x1B,0x1B,0x1B,0x1B,0x12,0x12,0x0B,0x2B,0x2B,0x03,0x2B,0x2B,
    0x12,0x12,0x3B,0x0B,0x33,0x2B,0x1B,0x1B,0x0A,0x0A,0x12,0x12,0x0A,0x0A,0x02,0x02,
    0x5A,0x5A,0x12,0x12,0x2B,0x2B,0x1B,0x2B,0x70,0x70,0x53,0x33,0x3A,0x2B,0x1B,0x2B,
    0x02,0x02,0x70,0x5A,0x5A,0x5A,0x2B,0x2B,0x70,0x70,0x32,0x32,0x5A,0x5A,0x02,0x02,
    0x02,0x02,0x02,0x02,0x4A,0x4A,0x3A,0x3A,0x5A,0x5A,0x52,0x53,0x12,0x12,0x5A,0x5A,
    0x60,0x60,0x2A,0x2A,0x52,0x2A,0x42,0x42,0x68,0x68,0x32,0x52,0x52,0x52,0x02,0x02,
    0x48,0x48,0x68,0x68,0x60,0x60,0x2A,0x2A,0x68,0x68,0x4A,0x52,0x60,0x2A,0x02,0x02,
    0x40,0x2A,0x0A,0x2A,0x4A,0x2A,0x6A,0x6A,0x60,0x2A,0x22,0x0A,0x5B,0x4A,0x52,0x42,
    0x02,0x02,0x68,0x68,0x40,0x4A,0x2A,0x2A,0x2A,0x60,0x22,0x02,0x4A,0x22,0x22,0x02,
    0x30,0x48,0x28,0x48,0x28,0x00,0x4A,0x4A,0x28,0x28,0x20,0x20,0x20,0x20,0x00,0x00,
    0x28,0x28,0x48,0x48,0x50,0x00,0x68,0x72,0x28,0x28,0x68,0x28,0x50,0x30,0x79,0x79,
    0x28,0x28,0x38,0x38,0x28,0x28,0x00,0x00,0x28,0x28,0x28,0x28,0x28,0x28,0x00,0x00,
    0x00,0x00,0x00,0x00,0x00,0x00,0x00,0x00,0x28,0x28,0x00,0x00,0x30,0x30,0x00,0x00,
    0x02,0x02,0x02,0x02,0x02,0x02,0x02,0x02,0x02,0x02,0x02,0x02,0x02,0x02,0x02,0x02,
    0x02,0x02,0x02,0x02,0x02,0x02,0x02,0x02,0x02,0x02,0x52,0x52,0x02,0x02,0x02,0x02,
    0x28,0x28,0x60,0x60,0x60,0x60,0x28,0x28,0x48,0x48,0x40,0x40,0x20,0x20,0x28,0x28,
    0x02,0x02,0x72,0x72,0x50,0x50,0x50,0x50,0x59,0x59,0x50,0x50,0x68,0x68,0x6A,0x6A,
    0x28,0x28,0x28,0x28,0x30,0x30,0x50,0x50,0x18,0x18,0x20,0x20,0x20,0x20,0x00,0x00,
    0x30,0x30,0x20,0x20,0x28,0x28,0x00,0x00,0x30,0x30,0x20,0x20,0x2A,0x72,0x60,0x60,
    0x00,0x00,0x20,0x20,0x40,0x40,0x68,0x68,0x31,0x31,0x30,0x30,0x00,0x00,0x00,0x00,
    0x00,0x00,0x00,0x00,0x19,0x19,0x30,0x30,0x31,0x31,0x58,0x58,0x20,0x20,0x68,0x68,
    0x11,0x11,0x18,0x30,0x19,0x28,0x38,0x38,0x11,0x11,0x18,0x50,0x59,0x59,0x00,0x00,
    0x00,0x00,0x30,0x30,0x18,0x28,0x08,0x50,0x39,0x39,0x10,0x10,0x19,0x19,0x28,0x28,
    0x11,0x28,0x00,0x08,0x39,0x28,0x50,0x10,0x11,0x50,0x08,0x00,0x18,0x28,0x28,0x00,
    0x00,0x00,0x18,0x18,0x11,0x28,0x18,0x18,0x59,0x11,0x00,0x08,0x50,0x30,0x28,0x00,
    0x01,0x31,0x11,0x11,0x19,0x11,0x11,0x38,0x01,0x01,0x39,0x38,0x09,0x09,0x01,0x01,
    0x01,0x29,0x09,0x31,0x29,0x18,0x19,0x10,0x11,0x38,0x29,0x11,0x19,0x11,0x31,0x39,
    0x09,0x31,0x01,0x09,0x09,0x39,0x29,0x29,0x29,0x29,0x29,0x09,0x01,0x09,0x29,0x29,
    0x01,0x01,0x01,0x01,0x01,0x29,0x01,0x01,0x29,0x29,0x29,0x29,0x01,0x01,0x29,0x29,
    0x3B,0x3B,0x03,0x03,0x03,0x03,0x03,0x03,0x2B,0x2B,0x2B,0x2B,0x03,0x03,0x03,0x03,
    0x03,0x03,0x33,0x33,0x0B,0x0B,0x03,0x03,0x2B,0x2B,0x03,0x03,0x13,0x13,0x2B,0x2B,
    0x13,0x2B,0x03,0x03,0x2B,0x2B,0x53,0x2B,0x1B,0x53,0x03,0x03,0x0B,0x2B,0x03,0x03,
    0x03,0x03,0x2B,0x03,0x03,0x2B,0x2B,0x2B,0x3A,0x3A,0x2B,0x03,0x03,0x03,0x03,0x03,
    0x12,0x12,0x2B,0x53,0x1A,0x2B,0x13,0x13,0x2A,0x2A,0x1A,0x53,0x5A,0x5A,0x02,0x02,
    0x02,0x02,0x3A,0x3A,0x2B,0x03,0x3B,0x3B,0x4A,0x4A,0x33,0x2B,0x3A,0x0B,0x33,0x1B,
    0x02,0x02,0x32,0x32,0x02,0x02,0x53,0x53,0x02,0x02,0x3A,0x3A,0x2B,0x2B,0x02,0x02,
    0x02,0x02,0x02,0x02,0x33,0x33,0x02,0x02,0x02,0x02,0x1B,0x1B,0x1B,0x1B,0x2B,0x2B,
    0x48,0x48,0x4A,0x4A,0x5A,0x5A,0x2B,0x2B,0x4A,0x4A,0x3A,0x3A,0x78,0x78,0x02,0x02,
    0x70,0x70,0x68,0x68,0x70,0x70,0x33,0x33,0x40,0x40,0x20,0x20,0x68,0x68,0x02,0x02,
    0x68,0x68,0x2A,0x02,0x22,0x22,0x3A,0x3A,0x4A,0x4A,0x4A,0x4A,0x02,0x02,0x02,0x02,
    0x02,0x02,0x4A,0x4A,0x4A,0x4A,0x32,0x32,0x72,0x72,0x72,0x72,0x0A,0x2A,0x32,0x32,
    0x00,0x00,0x6A,0x6A,0x50,0x50,0x00,0x00,0x78,0x78,0x70,0x70,0x68,0x68,0x00,0x00,
    0x00,0x00,0x00,0x00,0x48,0x48,0x00,0x00,0x78,0x78,0x42,0x42,0x6A,0x6A,0x00,0x00,
    0x00,0x00,0x00,0x00,0x00,0x00,0x00,0x00,0x00,0x00,0x00,0x00,0x00,0x00,0x00,0x00,
    0x00,0x00,0x00,0x00,0x00,0x00,0x00,0x00,0x00,0x00,0x00,0x00,0x00,0x00,0x00,0x00,
    0x02,0x02,0x02,0x02,0x02,0x02,0x02,0x02,0x02,0x02,0x02,0x02,0x02,0x02,0x02,0x02,
    0x02,0x02,0x02,0x02,0x78,0x78,0x02,0x02,0x02,0x02,0x20,0x20,0x68,0x68,0x02,0x02,
    0x50,0x50,0x52,0x52,0x42,0x42,0x02,0x02,0x00,0x00,0x42,0x42,0x62,0x62,0x02,0x02,
    0x02,0x02,0x2A,0x2A,0x22,0x22,0x2A,0x2A,0x30,0x30,0x42,0x42,0x02,0x42,0x3A,0x3A,
    0x4A,0x4A,0x02,0x02,0x2A,0x02,0x68,0x68,0x48,0x48,0x60,0x60,0x40,0x40,0x70,0x70,
    0x6A,0x6A,0x40,0x40,0x42,0x0A,0x6A,0x6A,0x10,0x10,0x22,0x02,0x02,0x02,0x22,0x02,
    0x00,0x00,0x68,0x68,0x68,0x68,0x00,0x00,0x00,0x00,0x60,0x52,0x48,0x48,0x00,0x00,
    0x00,0x00,0x00,0x00,0x28,0x28,0x00,0x00,0x70,0x70,0x42,0x52,0x60,0x60,0x6A,0x6A,
    0x39,0x39,0x39,0x39,0x29,0x29,0x00,0x00,0x00,0x00,0x00,0x00,0x00,0x00,0x00,0x00,
    0x00,0x00,0x30,0x30,0x59,0x59,0x00,0x00,0x29,0x29,0x11,0x11,0x51,0x51,0x59,0x59,
    0x19,0x19,0x00,0x00,0x00,0x28,0x68,0x68,0x11,0x11,0x00,0x00,0x00,0x30,0x68,0x68,
    0x00,0x00,0x00,0x28,0x50,0x00,0x50,0x52,0x29,0x29,0x20,0x00,0x40,0x20,0x72,0x72,
    0x58,0x31,0x11,0x11,0x11,0x58,0x48,0x48,0x09,0x09,0x09,0x09,0x11,0x11,0x01,0x01,
    0x38,0x38,0x31,0x39,0x11,0x18,0x38,0x38,0x31,0x31,0x11,0x19,0x31,0x19,0x28,0x10,
    0x29,0x29,0x29,0x09,0x29,0x29,0x59,0x59,0x29,0x29,0x59,0x31,0x29,0x11,0x01,0x01,
    0x01,0x01,0x01,0x01,0x29,0x29,0x58,0x58,0x01,0x01,0x31,0x31,0x31,0x01,0x31,0x31,
    0x03,0x03,0x03,0x03,0x03,0x03,0x03,0x03,0x03,0x03,0x03,0x03,0x03,0x03,0x03,0x03,
    0x03,0x03,0x03,0x03,0x03,0x03,0x03,0x03,0x03,0x03,0x03,0x03,0x53,0x53,0x53,0x53,
    0x2B,0x53,0x53,0x33,0x3B,0x3B,0x03,0x03,0x03,0x03,0x3B,0x3B,0x3A,0x3A,0x5B,0x5B,
    0x03,0x03,0x03,0x03,0x03,0x03,0x32,0x32,0x03,0x03,0x5A,0x5A,0x2A,0x2A,0x33,0x33,
    0x02,0x02,0x02,0x02,0x02,0x02,0x02,0x02,0x02,0x02,0x02,0x02,0x02,0x02,0x02,0x02,
    0x02,0x02,0x02,0x02,0x72,0x72,0x02,0x02,0x02,0x02,0x2A,0x2A,0x68,0x68,0x52,0x52,
    0x02,0x02,0x02,0x02,0x02,0x02,0x2B,0x2B,0x02,0x02,0x02,0x02,0x02,0x02,0x02,0x02,
    0x02,0x02,0x02,0x02,0x02,0x02,0x02,0x02,0x02,0x02,0x02,0x02,0x5A,0x5A,0x2B,0x2B,
    0x02,0x02,0x02,0x02,0x28,0x28,0x02,0x02,0x50,0x50,0x02,0x02,0x02,0x02,0x02,0x02,
    0x02,0x02,0x02,0x02,0x28,0x28,0x02,0x02,0x02,0x02,0x28,0x28,0x00,0x00,0x02,0x02,
    0x02,0x02,0x00,0x00,0x20,0x20,0x02,0x02,0x28,0x28,0x78,0x28,0x00,0x00,0x00,0x00,
    0x02,0x02,0x02,0x02,0x02,0x02,0x02,0x02,0x28,0x28,0x00,0x00,0x00,0x00,0x00,0x00,
    0x00,0x00,0x00,0x00,0x30,0x30,0x00,0x00,0x50,0x50,0x00,0x00,0x00,0x00,0x00,0x00,
    0x00,0x00,0x00,0x00,0x59,0x59,0x00,0x00,0x00,0x00,0x70,0x70,0x18,0x18,0x00,0x00,
    0x00,0x00,0x59,0x59,0x00,0x00,0x00,0x00,0x00,0x00,0x00,0x00,0x00,0x00,0x72,0x72,
    0x00,0x00,0x00,0x00,0x00,0x00,0x00,0x00,0x00,0x00,0x00,0x00,0x00,0x00,0x2A,0x2A,
    0x02,0x02,0x02,0x02,0x02,0x02,0x02,0x02,0x02,0x02,0x02,0x02,0x02,0x02,0x02,0x02,
    0x02,0x02,0x02,0x02,0x02,0x02,0x02,0x02,0x02,0x02,0x02,0x02,0x02,0x02,0x02,0x02,
    0x02,0x02,0x02,0x02,0x02,0x02,0x02,0x02,0x02,0x02,0x02,0x02,0x02,0x02,0x02,0x02,
    0x02,0x02,0x02,0x02,0x02,0x02,0x02,0x02,0x02,0x02,0x02,0x02,0x02,0x02,0x02,0x02,
    0x00,0x00,0x00,0x00,0x30,0x30,0x50,0x50,0x58,0x58,0x00,0x00,0x00,0x00,0x00,0x00,
    0x00,0x00,0x58,0x58,0x30,0x30,0x50,0x50,0x31,0x31,0x31,0x31,0x00,0x00,0x28,0x28,
    0x00,0x00,0x00,0x00,0x00,0x00,0x00,0x00,0x00,0x00,0x28,0x28,0x00,0x00,0x28,0x28,
    0x00,0x00,0x00,0x00,0x00,0x00,0x00,0x00,0x00,0x00,0x59,0x59,0x30,0x30,0x58,0x58,
    0x00,0x00,0x00,0x00,0x29,0x29,0x00,0x00,0x29,0x29,0x00,0x00,0x00,0x00,0x00,0x00,
    0x00,0x00,0x00,0x00,0x00,0x00,0x00,0x00,0x00,0x00,0x00,0x00,0x59,0x59,0x00,0x00,
    0x51,0x51,0x00,0x00,0x31,0x31,0x00,0x00,0x29,0x29,0x01,0x01,0x31,0x31,0x38,0x38,
    0x00,0x00,0x00,0x00,0x00,0x00,0x00,0x00,0x29,0x29,0x29,0x29,0x09,0x09,0x39,0x39,
    0x01,0x01,0x51,0x51,0x31,0x31,0x01,0x01,0x29,0x29,0x31,0x31,0x01,0x01,0x01,0x01,
    0x01,0x01,0x01,0x01,0x29,0x29,0x29,0x29,0x01,0x01,0x31,0x31,0x09,0x09,0x29,0x29,
    0x01,0x01,0x01,0x01,0x51,0x51,0x30,0x39,0x01,0x01,0x01,0x01,0x01,0x01,0x30,0x30,
    0x01,0x01,0x01,0x01,0x01,0x01,0x29,0x51,0x01,0x01,0x01,0x01,0x29,0x29,0x31,0x38,
    0x3B,0x3B,0x2B,0x2B,0x53,0x53,0x03,0x03,0x03,0x03,0x03,0x03,0x03,0x03,0x03,0x03,
    0x03,0x03,0x03,0x03,0x03,0x03,0x03,0x03,0x03,0x03,0x03,0x03,0x03,0x03,0x03,0x03,
    0x03,0x03,0x03,0x03,0x33,0x33,0x03,0x03,0x03,0x03,0x03,0x03,0x03,0x03,0x03,0x03,
    0x03,0x03,0x03,0x03,0x03,0x03,0x03,0x03,0x2B,0x2B,0x03,0x03,0x03,0x03,0x03,0x03,
    0x02,0x02,0x02,0x02,0x02,0x02,0x02,0x02,0x02,0x02,0x02,0x02,0x02,0x02,0x02,0x02,
    0x02,0x02,0x02,0x02,0x02,0x02,0x02,0x02,0x02,0x02,0x02,0x02,0x53,0x53,0x02,0x02,
    0x02,0x02,0x02,0x02,0x02,0x02,0x02,0x02,0x02,0x02,0x02,0x02,0x02,0x02,0x02,0x02,
    0x02,0x02,0x02,0x02,0x02,0x02,0x02,0x02,0x02,0x02,0x02,0x02,0x02,0x02,0x02,0x02,
    0x02,0x02,0x02,0x02,0x02,0x02,0x02,0x02,0x02,0x02,0x02,0x02,0x02,0x02,0x02,0x02,
    0x02,0x02,0x02,0x02,0x02,0x02,0x02,0x02,0x02,0x02,0x02,0x02,0x02,0x02,0x02,0x02,
    0x02,0x02,0x02,0x02,0x02,0x02,0x02,0x02,0x02,0x02,0x02,0x02,0x02,0x02,0x02,0x02,
    0x02,0x02,0x02,0x02,0x02,0x02,0x02,0x02,0x02,0x02,0x02,0x02,0x02,0x02,0x02,0x02,
    0x00,0x00,0x00,0x00,0x00,0x00,0x00,0x00,0x00,0x00,0x00,0x00,0x00,0x00,0x00,0x00,
    0x00,0x00,0x00,0x00,0x00,0x00,0x00,0x00,0x00,0x00,0x00,0x00,0x00,0x00,0x00,0x00,
    0x00,0x00,0x00,0x00,0x00,0x00,0x00,0x00,0x00,0x00,0x00,0x00,0x00,0x00,0x00,0x00,
    0x00,0x00,0x00,0x00,0x00,0x00,0x00,0x00,0x00,0x00,0x00,0x00,0x00,0x00,0x00,0x00,
    0x02,0x02,0x02,0x02,0x02,0x02,0x02,0x02,0x02,0x02,0x02,0x02,0x02,0x02,0x02,0x02,
    0x02,0x02,0x02,0x02,0x02,0x02,0x02,0x02,0x02,0x02,0x02,0x02,0x02,0x02,0x02,0x02,
    0x02,0x02,0x02,0x02,0x02,0x02,0x02,0x02,0x02,0x02,0x02,0x02,0x02,0x02,0x02,0x02,
    0x02,0x02,0x02,0x02,0x02,0x02,0x02,0x02,0x02,0x02,0x02,0x02,0x02,0x02,0x02,0x02,
    0x00,0x00,0x00,0x00,0x00,0x00,0x00,0x00,0x00,0x00,0x00,0x00,0x00,0x00,0x00,0x00,
    0x00,0x00,0x00,0x00,0x00,0x00,0x00,0x00,0x00,0x00,0x00,0x00,0x00,0x00,0x00,0x00,
    0x00,0x00,0x00,0x00,0x00,0x00,0x00,0x00,0x00,0x00,0x00,0x00,0x00,0x00,0x00,0x00,
    0x00,0x00,0x00,0x00,0x00,0x00,0x00,0x00,0x00,0x00,0x00,0x00,0x00,0x00,0x00,0x00,
    0x00,0x00,0x00,0x00,0x00,0x00,0x00,0x00,0x00,0x00,0x00,0x00,0x00,0x00,0x00,0x00,
    0x00,0x00,0x00,0x00,0x00,0x00,0x00,0x00,0x00,0x00,0x00,0x00,0x00,0x00,0x00,0x00,
    0x00,0x00,0x00,0x00,0x50,0x50,0x00,0x00,0x00,0x00,0x50,0x50,0x52,0x52,0x00,0x00,
    0x00,0x00,0x00,0x00,0x00,0x00,0x00,0x00,0x00,0x00,0x00,0x00,0x00,0x00,0x00,0x00,
    0x01,0x01,0x01,0x01,0x01,0x01,0x01,0x01,0x01,0x01,0x01,0x01,0x01,0x01,0x01,0x01,
    0x01,0x01,0x01,0x01,0x58,0x58,0x01,0x01,0x01,0x01,0x01,0x01,0x01,0x01,0x01,0x01,
    0x01,0x01,0x01,0x01,0x01,0x01,0x01,0x01,0x01,0x01,0x01,0x01,0x01,0x01,0x01,0x01,
    0x01,0x01,0x01,0x01,0x01,0x01,0x01,0x01,0x01,0x01,0x01,0x01,0x01,0x01,0x01,0x01,
    0x32,0x32,0x3A,0x3A,0x03,0x03,0x03,0x03,0x03,0x03,0x03,0x03,0x03,0x03,0x03,0x03,
    0x52,0x52,0x03,0x03,0x33,0x33,0x03,0x03,0x03,0x03,0x03,0x03,0x03,0x03,0x03,0x03,
    0x03,0x03,0x13,0x13,0x33,0x33,0x03,0x03,0x03,0x03,0x13,0x2B,0x0B,0x0B,0x03,0x03,
    0x03,0x03,0x5B,0x5B,0x3A,0x3A,0x3A,0x3A,0x4A,0x4A,0x2B,0x2B,0x13,0x53,0x2B,0x0B,
    0x6A,0x6A,0x2A,0x2A,0x12,0x12,0x7B,0x7B,0x4A,0x4A,0x0A,0x0A,0x32,0x32,0x02,0x02,
    0x02,0x02,0x32,0x32,0x32,0x32,0x52,0x52,0x72,0x72,0x0A,0x0A,0x12,0x12,0x2B,0x2B,
    0x02,0x02,0x02,0x02,0x48,0x48,0x02,0x02,0x00,0x00,0x48,0x48,0x02,0x02,0x02,0x02,
    0x50,0x50,0x02,0x02,0x70,0x70,0x02,0x02,0x02,0x02,0x52,0x52,0x52,0x52,0x02,0x02,
    0x4A,0x4A,0x4A,0x4A,0x4A,0x4A,0x02,0x02,0x02,0x02,0x52,0x52,0x02,0x02,0x02,0x02,
    0x02,0x02,0x02,0x02,0x4A,0x4A,0x02,0x02,0x4A,0x4A,0x52,0x52,0x02,0x02,0x02,0x02,
    0x02,0x02,0x22,0x22,0x62,0x62,0x02,0x02,0x50,0x50,0x42,0x42,0x52,0x52,0x52,0x52,
    0x02,0x02,0x60,0x60,0x60,0x60,0x4A,0x4A,0x02,0x02,0x52,0x42,0x22,0x22,0x4A,0x4A,
    0x30,0x30,0x60,0x60,0x48,0x48,0x00,0x00,0x00,0x00,0x28,0x28,0x00,0x00,0x00,0x00,
    0x50,0x50,0x00,0x00,0x40,0x40,0x00,0x00,0x48,0x48,0x6A,0x6A,0x68,0x68,0x00,0x00,
    0x00,0x00,0x00,0x00,0x00,0x00,0x00,0x00,0x00,0x00,0x28,0x28,0x00,0x00,0x00,0x00,
    0x00,0x00,0x00,0x00,0x00,0x00,0x00,0x00,0x00,0x00,0x28,0x28,0x00,0x00,0x00,0x00,
    0x58,0x58,0x38,0x38,0x02,0x02,0x02,0x02,0x02,0x02,0x02,0x02,0x02,0x02,0x02,0x02,
    0x02,0x02,0x02,0x02,0x02,0x02,0x02,0x02,0x02,0x02,0x02,0x02,0x02,0x02,0x02,0x02,
    0x02,0x02,0x60,0x60,0x70,0x70,0x02,0x02,0x02,0x02,0x40,0x40,0x02,0x02,0x02,0x02,
    0x39,0x39,0x50,0x50,0x7A,0x7A,0x50,0x50,0x02,0x02,0x50,0x50,0x68,0x68,0x2A,0x2A,
    0x58,0x58,0x50,0x50,0x58,0x58,0x00,0x00,0x39,0x39,0x78,0x78,0x00,0x00,0x00,0x00,
    0x00,0x00,0x58,0x58,0x48,0x48,0x28,0x28,0x00,0x00,0x40,0x40,0x60,0x60,0x4A,0x4A,
    0x00,0x00,0x00,0x00,0x50,0x50,0x00,0x00,0x51,0x51,0x00,0x00,0x00,0x00,0x00,0x00,
    0x00,0x00,0x00,0x00,0x59,0x59,0x59,0x59,0x29,0x29,0x78,0x78,0x48,0x48,0x00,0x00,
    0x01,0x01,0x11,0x11,0x39,0x39,0x00,0x00,0x00,0x00,0x58,0x58,0x00,0x00,0x00,0x00,
    0x00,0x00,0x31,0x31,0x00,0x00,0x00,0x00,0x00,0x00,0x31,0x31,0x59,0x59,0x00,0x00,
    0x51,0x51,0x50,0x10,0x19,0x19,0x29,0x29,0x50,0x31,0x10,0x50,0x38,0x38,0x28,0x28,
    0x00,0x00,0x11,0x11,0x11,0x11,0x31,0x31,0x29,0x29,0x10,0x10,0x10,0x10,0x28,0x28,
    0x31,0x31,0x01,0x01,0x01,0x01,0x31,0x31,0x29,0x29,0x11,0x11,0x31,0x31,0x01,0x01,
    0x01,0x01,0x09,0x09,0x01,0x51,0x31,0x31,0x51,0x51,0x01,0x01,0x01,0x01,0x31,0x31,
    0x01,0x01,0x29,0x29,0x01,0x01,0x01,0x01,0x01,0x01,0x29,0x29,0x29,0x51,0x01,0x01,
    0x01,0x01,0x51,0x51,0x29,0x29,0x01,0x01,0x01,0x01,0x29,0x29,0x29,0x29,0x01,0x01,
    0x0B,0x0B,0x13,0x13,0x13,0x13,0x2B,0x2B,0x2B,0x2B,0x0B,0x0B,0x03,0x03,0x03,0x03,
    0x03,0x03,0x5B,0x5B,0x0B,0x0B,0x03,0x03,0x33,0x33,0x2B,0x2B,0x2B,0x2B,0x03,0x03,
    0x33,0x33,0x53,0x03,0x03,0x03,0x2B,0x2B,0x1B,0x1B,0x13,0x13,0x03,0x03,0x03,0x03,
    0x03,0x03,0x13,0x13,0x0B,0x0B,0x0B,0x0B,0x13,0x13,0x13,0x53,0x03,0x03,0x2B,0x2B,
    0x0B,0x0B,0x2B,0x2B,0x2B,0x2B,0x13,0x13,0x33,0x33,0x53,0x2B,0x2B,0x2B,0x02,0x02,
    0x53,0x2B,0x13,0x13,0x1B,0x2B,0x13,0x13,0x13,0x13,0x0B,0x0B,0x13,0x2B,0x13,0x53,
    0x02,0x02,0x02,0x02,0x70,0x70,0x02,0x02,0x72,0x72,0x3A,0x3A,0x2B,0x2B,0x02,0x02,
    0x02,0x02,0x5A,0x5A,0x1A,0x1A,0x13,0x53,0x5A,0x5A,0x1A,0x1A,0x1B,0x1B,0x2B,0x2B,
    0x2A,0x2A,0x42,0x42,0x2B,0x5A,0x33,0x33,0x2A,0x2A,0x13,0x13,0x02,0x02,0x02,0x02,
    0x6A,0x6A,0x6A,0x6A,0x4A,0x4A,0x3A,0x3A,0x6A,0x6A,0x4A,0x4A,0x02,0x02,0x02,0x02,
    0x02,0x02,0x02,0x02,0x02,0x02,0x32,0x32,0x4A,0x4A,0x4A,0x4A,0x22,0x22,0x02,0x02,
    0x02,0x02,0x20,0x20,0x60,0x60,0x32,0x32,0x70,0x70,0x7B,0x2B,0x02,0x02,0x3B,0x3B,
    0x48,0x48,0x6A,0x6A,0x50,0x50,0x78,0x78,0x28,0x28,0x50,0x50,0x78,0x78,0x00,0x00,
    0x28,0x28,0x00,0x00,0x20,0x20,0x00,0x00,0x28,0x28,0x42,0x42,0x4A,0x4A,0x00,0x00,
    0x00,0x00,0x00,0x00,0x00,0x00,0x00,0x00,0x28,0x28,0x00,0x00,0x50,0x50,0x00,0x00,
    0x00,0x00,0x00,0x00,0x28,0x28,0x00,0x00,0x50,0x50,0x00,0x00,0x00,0x00,0x00,0x00,
    0x52,0x52,0x2A,0x2A,0x02,0x02,0x2A,0x2A,0x02,0x02,0x2A,0x2A,0x02,0x02,0x02,0x02,
    0x02,0x02,0x2A,0x2A,0x0A,0x0A,0x02,0x02,0x02,0x02,0x3A,0x3A,0x02,0x02,0x02,0x02,
    0x4A,0x4A,0x02,0x02,0x02,0x02,0x6A,0x6A,0x60,0x60,0x4A,0x4A,0x22,0x22,0x02,0x02,
    0x02,0x02,0x4A,0x4A,0x42,0x52,0x6A,0x6A,0x60,0x60,0x60,0x60,0x22,0x52,0x32,0x32,
    0x42,0x42,0x2A,0x2A,0x2A,0x32,0x22,0x2A,0x6A,0x6A,0x42,0x42,0x60,0x60,0x00,0x00,
    0x00,0x00,0x6A,0x6A,0x2A,0x2A,0x42,0x2A,0x4A,0x4A,0x2A,0x2A,0x2A,0x2A,0x2A,0x2A,
    0x00,0x00,0x4A,0x4A,0x20,0x20,0x00,0x00,0x20,0x20,0x20,0x20,0x40,0x40,0x00,0x00,
    0x30,0x30,0x48,0x48,0x20,0x68,0x60,0x60,0x48,0x48,0x40,0x40,0x40,0x40,0x4A,0x4A,
    0x10,0x10,0x30,0x30,0x38,0x38,0x00,0x00,0x50,0x50,0x28,0x28,0x00,0x00,0x00,0x00,
    0x00,0x00,0x18,0x18,0x18,0x18,0x50,0x50,0x30,0x30,0x50,0x50,0x2A,0x2A,0x00,0x00,
    0x19,0x50,0x28,0x28,0x70,0x70,0x00,0x00,0x30,0x30,0x48,0x28,0x00,0x00,0x28,0x28,
    0x00,0x00,0x10,0x10,0x00,0x00,0x50,0x50,0x50,0x18,0x48,0x48,0x48,0x48,0x68,0x68,
    0x11,0x11,0x38,0x38,0x59,0x38,0x10,0x50,0x19,0x19,0x09,0x28,0x19,0x19,0x01,0x01,
    0x01,0x01,0x09,0x09,0x39,0x10,0x10,0x28,0x19,0x19,0x38,0x38,0x38,0x30,0x28,0x28,
    0x01,0x01,0x29,0x51,0x09,0x29,0x01,0x01,0x11,0x11,0x29,0x38,0x09,0x51,0x01,0x01,
    0x01,0x01,0x01,0x01,0x39,0x39,0x29,0x29,0x29,0x29,0x19,0x30,0x09,0x29,0x29,0x29,
    0x03,0x03,0x03,0x03,0x5A,0x5A,0x03,0x03,0x03,0x03,0x03,0x03,0x03,0x03,0x03,0x03,
    0x03,0x03,0x03,0x03,0x03,0x03,0x03,0x03,0x03,0x03,0x53,0x53,0x03,0x03,0x03,0x03,
    0x03,0x03,0x13,0x2B,0x1B,0x53,0x03,0x03,0x03,0x03,0x13,0x13,0x33,0x33,0x03,0x03,
    0x03,0x03,0x03,0x03,0x03,0x03,0x2B,0x2B,0x72,0x72,0x13,0x13,0x13,0x13,0x5B,0x53,
    0x02,0x02,0x3B,0x3B,0x32,0x5B,0x32,0x32,0x02,0x02,0x52,0x52,0x02,0x02,0x02,0x02,
    0x02,0x02,0x02,0x02,0x0A,0x0A,0x3B,0x3B,0x70,0x70,0x0A,0x0A,0x0A,0x0A,0x33,0x33,
    0x02,0x02,0x02,0x02,0x02,0x02,0x5B,0x5B,0x02,0x02,0x72,0x72,0x5B,0x5B,0x02,0x02,
    0x02,0x02,0x02,0x02,0x6A,0x6A,0x02,0x02,0x02,0x02,0x2A,0x2A,0x2A,0x2A,0x3A,0x3A,
    0x50,0x50,0x48,0x48,0x50,0x50,0x02,0x02,0x02,0x02,0x68,0x68,0x02,0x02,0x02,0x02,
    0x02,0x02,0x02,0x02,0x70,0x70,0x02,0x02,0x48,0x48,0x50,0x50,0x02,0x02,0x02,0x02,
    0x02,0x02,0x42,0x2A,0x48,0x48,0x50,0x50,0x28,0x28,0x6A,0x6A,0x28,0x28,0x02,0x02,
    0x02,0x02,0x02,0x02,0x40,0x40,0x48,0x48,0x48,0x48,0x2A,0x62,0x52,0x2A,0x6A,0x6A,
    0x00,0x00,0x28,0x28,0x20,0x20,0x6A,0x6A,0x00,0x00,0x48,0x48,0x00,0x00,0x00,0x00,
    0x00,0x00,0x48,0x48,0x00,0x50,0x00,0x00,0x00,0x00,0x00,0x50,0x00,0x48,0x68,0x68,
    0x00,0x00,0x00,0x00,0x38,0x38,0x72,0x72,0x00,0x00,0x00,0x50,0x50,0x50,0x00,0x00,
    0x00,0x00,0x00,0x00,0x30,0x30,0x28,0x28,0x00,0x00,0x00,0x00,0x28,0x28,0x00,0x00,
    0x02,0x02,0x02,0x02,0x02,0x02,0x02,0x02,0x02,0x02,0x02,0x02,0x02,0x02,0x02,0x02,
    0x02,0x02,0x02,0x02,0x02,0x02,0x02,0x02,0x02,0x02,0x02,0x02,0x02,0x02,0x02,0x02,
    0x02,0x02,0x02,0x02,0x02,0x02,0x02,0x02,0x02,0x02,0x02,0x02,0x30,0x30,0x02,0x02,
    0x02,0x02,0x02,0x02,0x28,0x28,0x50,0x50,0x50,0x50,0x59,0x59,0x20,0x20,0x02,0x02,
    0x38,0x38,0x30,0x30,0x38,0x38,0x30,0x30,0x38,0x38,0x48,0x48,0x72,0x72,0x00,0x00,
    0x00,0x00,0x39,0x39,0x30,0x70,0x18,0x18,0x30,0x30,0x28,0x28,0x00,0x50,0x28,0x28,
    0x00,0x00,0x00,0x00,0x50,0x50,0x00,0x00,0x00,0x00,0x38,0x38,0x28,0x28,0x28,0x28,
    0x00,0x00,0x00,0x00,0x39,0x39,0x18,0x18,0x31,0x31,0x11,0x11,0x30,0x30,0x68,0x68,
    0x01,0x01,0x09,0x09,0x09,0x31,0x31,0x31,0x29,0x29,0x29,0x29,0x00,0x00,0x00,0x00,
    0x51,0x51,0x31,0x31,0x29,0x29,0x29,0x29,0x29,0x29,0x31,0x31,0x39,0x39,0x00,0x00,
    0x29,0x29,0x11,0x11,0x11,0x11,0x11,0x11,0x09,0x09,0x38,0x19,0x11,0x11,0x38,0x38,
    0x00,0x00,0x29,0x29,0x51,0x09,0x11,0x29,0x09,0x09,0x11,0x39,0x11,0x11,0x19,0x19,
    0x29,0x29,0x51,0x29,0x29,0x29,0x11,0x11,0x29,0x29,0x09,0x29,0x01,0x01,0x01,0x01,
    0x01,0x01,0x31,0x31,0x29,0x29,0x11,0x11,0x01,0x01,0x09,0x29,0x01,0x31,0x11,0x11,
    0x01,0x01,0x29,0x29,0x29,0x29,0x38,0x38,0x01,0x01,0x01,0x01,0x38,0x38,0x38,0x28,
    0x01,0x01,0x01,0x01,0x51,0x29,0x38,0x38,0x01,0x01,0x01,0x01,0x51,0x29,0x09,0x09,
    0x13,0x13,0x0B,0x0B,0x03,0x03,0x2B,0x2B,0x2B,0x2B,0x2B,0x2B,0x03,0x03,0x03,0x03,
    0x33,0x33,0x03,0x03,0x0B,0x0B,0x03,0x03,0x13,0x13,0x2B,0x2B,0x03,0x03,0x03,0x03,
    0x3B,0x3B,0x13,0x13,0x0B,0x0B,0x2B,0x2B,0x0B,0x0B,0x03,0x03,0x03,0x03,0x03,0x03,
    0x2A,0x2A,0x1B,0x1B,0x13,0x13,0x2B,0x2B,0x13,0x13,0x0B,0x0B,0x03,0x03,0x33,0x33,
    0x13,0x13,0x13,0x2B,0x13,0x13,0x0B,0x0B,0x1B,0x1B,0x13,0x13,0x3B,0x3B,0x02,0x02,
    0x2B,0x2B,0x1A,0x1A,0x13,0x53,0x0B,0x0B,0x1B,0x1B,0x53,0x13,0x13,0x13,0x02,0x02,
    0x02,0x02,0x02,0x02,0x2B,0x2B,0x02,0x02,0x33,0x33,0x13,0x13,0x02,0x02,0x02,0x02,
    0x02,0x02,0x02,0x02,0x1B,0x1B,0x03,0x03,0x1B,0x1B,0x1B,0x1B,0x13,0x13,0x53,0x53,
    0x5B,0x5B,0x33,0x33,0x2B,0x2B,0x33,0x33,0x3B,0x3B,0x1B,0x1B,0x02,0x02,0x02,0x02,
    0x02,0x02,0x02,0x02,0x5A,0x5A,0x02,0x02,0x02,0x02,0x4A,0x4A,0x32,0x32,0x02,0x02,
    0x02,0x02,0x5B,0x5B,0x12,0x12,0x3A,0x3A,0x32,0x32,0x1B,0x2B,0x3B,0x3B,0x02,0x02,
    0x02,0x02,0x02,0x02,0x5B,0x5B,0x5B,0x5B,0x32,0x32,0x2B,0x53,0x32,0x32,0x33,0x33,
    0x00,0x00,0x00,0x00,0x72,0x72,0x33,0x33,0x78,0x78,0x00,0x00,0x00,0x00,0x00,0x00,
    0x00,0x00,0x00,0x00,0x50,0x50,0x00,0x00,0x00,0x00,0x00,0x00,0x00,0x00,0x00,0x00,
    0x00,0x00,0x00,0x00,0x00,0x00,0x00,0x00,0x00,0x00,0x00,0x00,0x00,0x00,0x00,0x00,
    0x00,0x00,0x00,0x00,0x00,0x00,0x00,0x00,0x00,0x00,0x00,0x00,0x00,0x00,0x00,0x00,
    0x6A,0x6A,0x2A,0x2A,0x4A,0x4A,0x02,0x02,0x02,0x02,0x02,0x02,0x02,0x02,0x02,0x02,
    0x48,0x48,0x02,0x02,0x2A,0x2A,0x02,0x02,0x02,0x02,0x02,0x02,0x02,0x02,0x02,0x02,
    0x68,0x68,0x4A,0x4A,0x68,0x68,0x2A,0x2A,0x68,0x68,0x2A,0x2A,0x2A,0x2A,0x02,0x02,
    0x02,0x02,0x68,0x68,0x40,0x40,0x02,0x02,0x40,0x40,0x62,0x62,0x68,0x68,0x02,0x02,
    0x4A,0x4A,0x62,0x62,0x62,0x62,0x72,0x72,0x50,0x50,0x42,0x42,0x2A,0x2A,0x00,0x00,
    0x32,0x32,0x6A,0x6A,0x6A,0x6A,0x32,0x32,0x60,0x60,0x60,0x60,0x60,0x60,0x68,0x68,
    0x00,0x00,0x00,0x00,0x28,0x28,0x00,0x00,0x48,0x48,0x28,0x28,0x00,0x00,0x00,0x00,
    0x00,0x00,0x28,0x28,0x00,0x00,0x50,0x50,0x48,0x48,0x40,0x40,0x48,0x48,0x00,0x00,
    0x38,0x38,0x50,0x50,0x38,0x38,0x00,0x00,0x58,0x58,0x70,0x70,0x00,0x00,0x00,0x00,
    0x49,0x49,0x00,0x00,0x39,0x39,0x00,0x00,0x31,0x31,0x00,0x00,0x50,0x50,0x00,0x00,
    0x19,0x19,0x19,0x19,0x18,0x18,0x50,0x50,0x59,0x59,0x10,0x10,0x00,0x00,0x00,0x00,
    0x00,0x00,0x00,0x00,0x10,0x10,0x00,0x00,0x39,0x39,0x38,0x38,0x09,0x09,0x00,0x00,
    0x31,0x31,0x10,0x10,0x10,0x28,0x30,0x30,0x31,0x31,0x30,0x30,0x01,0x01,0x01,0x01,
    0x01,0x01,0x30,0x30,0x10,0x10,0x28,0x28,0x11,0x11,0x18,0x18,0x39,0x39,0x01,0x01,
    0x01,0x01,0x51,0x51,0x29,0x29,0x01,0x01,0x01,0x01,0x38,0x38,0x29,0x29,0x01,0x01,
    0x01,0x01,0x01,0x01,0x01,0x01,0x01,0x01,0x51,0x51,0x31,0x31,0x31,0x31,0x01,0x01,
    0x1B,0x2B,0x53,0x0B,0x1A,0x32,0x32,0x32,0x13,0x13,0x0B,0x0B,0x2B,0x2B,0x03,0x03,
    0x03,0x03,0x0B,0x0B,0x13,0x13,0x2B,0x2B,0x3B,0x3B,0x03,0x03,0x03,0x03,0x33,0x33,
    0x1A,0x2B,0x2B,0x2B,0x13,0x33,0x13,0x13,0x12,0x12,0x2B,0x2B,0x13,0x13,0x2B,0x2B,
    0x03,0x03,0x33,0x33,0x3A,0x3A,0x1B,0x1B,0x32,0x32,0x2B,0x2B,0x13,0x33,0x53,0x53,
    0x52,0x52,0x2B,0x2B,0x2B,0x13,0x3B,0x53,0x52,0x5B,0x2B,0x3B,0x0A,0x0A,0x02,0x02,
    0x33,0x33,0x5B,0x5B,0x2B,0x33,0x13,0x33,0x72,0x72,0x33,0x33,0x2B,0x2B,0x03,0x53,
    0x02,0x02,0x52,0x52,0x52,0x5B,0x3B,0x3B,0x60,0x60,0x5B,0x52,0x5A,0x5A,0x02,0x02,
    0x02,0x02,0x70,0x70,0x68,0x68,0x52,0x52,0x68,0x68,0x53,0x5B,0x32,0x32,0x3A,0x3A,
    0x60,0x60,0x2A,0x2A,0x2A,0x2A,0x62,0x62,0x52,0x42,0x2A,0x2A,0x68,0x68,0x02,0x02,
    0x02,0x02,0x60,0x60,0x60,0x60,0x4A,0x4A,0x62,0x62,0x6A,0x6A,0x62,0x2A,0x52,0x52,
    0x40,0x2A,0x02,0x2A,0x40,0x2A,0x42,0x2A,0x60,0x60,0x32,0x0A,0x42,0x42,0x0A,0x52,
    0x02,0x02,0x60,0x60,0x20,0x20,0x62,0x62,0x52,0x40,0x42,0x2A,0x62,0x4A,0x2A,0x2A,
    0x50,0x28,0x28,0x2A,0x68,0x48,0x68,0x68,0x48,0x48,0x4A,0x6A,0x40,0x40,0x00,0x00,
    0x28,0x28,0x40,0x40,0x20,0x28,0x68,0x68,0x48,0x48,0x48,0x48,0x48,0x72,0x72,0x72,
    0x00,0x00,0x28,0x28,0x28,0x28,0x00,0x00,0x00,0x00,0x00,0x00,0x28,0x28,0x00,0x00,
    0x00,0x00,0x00,0x00,0x00,0x00,0x28,0x28,0x28,0x28,0x28,0x50,0x28,0x28,0x00,0x00,
    0x02,0x02,0x52,0x52,0x02,0x02,0x02,0x02,0x02,0x02,0x02,0x02,0x02,0x02,0x02,0x02,
    0x02,0x02,0x02,0x02,0x02,0x02,0x02,0x02,0x02,0x02,0x02,0x02,0x02,0x02,0x02,0x02,
    0x02,0x02,0x68,0x68,0x70,0x70,0x48,0x48,0x38,0x38,0x60,0x60,0x72,0x72,0x02,0x02,
    0x02,0x02,0x59,0x59,0x59,0x59,0x28,0x28,0x31,0x31,0x58,0x58,0x50,0x50,0x52,0x52,
    0x19,0x19,0x58,0x52,0x39,0x39,0x70,0x52,0x31,0x31,0x59,0x59,0x50,0x50,0x00,0x00,
    0x18,0x18,0x59,0x59,0x58,0x2A,0x50,0x50,0x39,0x39,0x30,0x30,0x40,0x40,0x6A,0x6A,
    0x00,0x00,0x48,0x48,0x50,0x50,0x72,0x50,0x39,0x39,0x58,0x58,0x28,0x28,0x72,0x72,
    0x00,0x00,0x11,0x11,0x19,0x19,0x38,0x38,0x09,0x09,0x39,0x39,0x40,0x40,0x6A,0x6A,
    0x11,0x11,0x18,0x38,0x28,0x38,0x18,0x28,0x11,0x11,0x58,0x28,0x31,0x31,0x00,0x00,
    0x38,0x38,0x51,0x51,0x11,0x58,0x38,0x38,0x29,0x29,0x11,0x11,0x38,0x50,0x28,0x28,
    0x09,0x09,0x28,0x20,0x28,0x28,0x10,0x28,0x38,0x11,0x10,0x28,0x19,0x19,0x08,0x08,
    0x00,0x00,0x19,0x19,0x11,0x11,0x19,0x19,0x11,0x11,0x08,0x08,0x38,0x30,0x28,0x28,
    0x01,0x29,0x11,0x11,0x11,0x19,0x59,0x18,0x01,0x01,0x38,0x18,0x51,0x29,0x01,0x01,
    0x01,0x01,0x09,0x51,0x31,0x09,0x38,0x11,0x01,0x29,0x09,0x09,0x31,0x11,0x11,0x29,
    0x31,0x31,0x29,0x29,0x01,0x29,0x09,0x09,0x29,0x29,0x29,0x29,0x51,0x59,0x51,0x51,
    0x01,0x01,0x29,0x29,0x29,0x29,0x01,0x01,0x29,0x29,0x29,0x29,0x29,0x29,0x01,0x51,
    0x13,0x13,0x03,0x03,0x0B,0x0B,0x2B,0x2B,0x2B,0x2B,0x03,0x03,0x2B,0x2B,0x03,0x03,
    0x03,0x03,0x13,0x13,0x0B,0x0B,0x2B,0x2B,0x3B,0x3B,0x03,0x03,0x0B,0x0B,0x03,0x03,
    0x1A,0x1A,0x03,0x03,0x03,0x2B,0x0B,0x0B,0x13,0x13,0x03,0x03,0x03,0x2B,0x2B,0x2B,
    0x03,0x03,0x2B,0x13,0x0B,0x2B,0x13,0x13,0x1B,0x1B,0x03,0x03,0x2B,0x03,0x0B,0x0B,
    0x1B,0x1B,0x53,0x2B,0x0B,0x03,0x1B,0x3B,0x1A,0x1A,0x2B,0x2B,0x1B,0x1B,0x02,0x02,
    0x3A,0x3A,0x53,0x2B,0x0B,0x03,0x1B,0x1B,0x12,0x12,0x03,0x03,0x03,0x0B,0x2B,0x2B,
    0x02,0x02,0x2A,0x2A,0x1A,0x1A,0x2B,0x2B,0x32,0x32,0x3A,0x3A,0x3A,0x3A,0x02,0x02,
    0x02,0x02,0x2A,0x2A,0x12,0x12,0x32,0x32,0x12,0x12,0x3A,0x5B,0x1A,0x1A,0x13,0x53,
    0x4A,0x4A,0x42,0x42,0x70,0x70,0x53,0x53,0x2A,0x2A,0x3A,0x53,0x02,0x02,0x02,0x02,
    0x02,0x02,0x62,0x62,0x70,0x70,0x53,0x53,0x48,0x48,0x42,0x42,0x2A,0x2A,0x02,0x02,
    0x20,0x20,0x22,0x52,0x2A,0x52,0x3A,0x53,0x42,0x42,0x42,0x42,0x5A,0x02,0x33,0x33,
    0x02,0x02,0x42,0x42,0x22,0x2A,0x5A,0x33,0x70,0x70,0x4A,0x32,0x2A,0x3B,0x1A,0x2B,
    0x28,0x28,0x62,0x62,0x68,0x53,0x5A,0x5A,0x68,0x68,0x52,0x52,0x68,0x68,0x00,0x00,
    0x00,0x00,0x48,0x48,0x62,0x62,0x00,0x00,0x4A,0x4A,0x42,0x42,0x42,0x42,0x00,0x00,
    0x00,0x00,0x00,0x00,0x50,0x50,0x00,0x00,0x00,0x00,0x50,0x50,0x50,0x50,0x00,0x00,
    0x00,0x00,0x00,0x00,0x00,0x00,0x00,0x00,0x00,0x00,0x00,0x00,0x00,0x00,0x00,0x00,
    0x02,0x02,0x0A,0x0A,0x2A,0x2A,0x52,0x52,0x02,0x02,0x2A,0x2A,0x02,0x02,0x02,0x02,
    0x02,0x02,0x2A,0x2A,0x22,0x22,0x02,0x02,0x4A,0x4A,0x72,0x72,0x52,0x52,0x52,0x52,
    0x68,0x68,0x32,0x32,0x42,0x2A,0x52,0x52,0x40,0x40,0x42,0x42,0x22,0x2A,0x02,0x02,
    0x02,0x02,0x2A,0x2A,0x22,0x22,0x4A,0x4A,0x40,0x40,0x62,0x52,0x42,0x53,0x5A,0x5A,
    0x68,0x68,0x02,0x02,0x22,0x02,0x40,0x40,0x20,0x20,0x62,0x6A,0x60,0x60,0x00,0x00,
    0x68,0x68,0x52,0x62,0x22,0x22,0x48,0x68,0x40,0x40,0x02,0x02,0x02,0x02,0x02,0x0A,
    0x50,0x50,0x62,0x2A,0x62,0x62,0x6A,0x6A,0x28,0x28,0x48,0x2A,0x40,0x40,0x52,0x52,
    0x00,0x00,0x28,0x28,0x00,0x00,0x40,0x50,0x00,0x00,0x72,0x5B,0x68,0x48,0x40,0x40,
    0x29,0x29,0x31,0x31,0x09,0x09,0x58,0x58,0x79,0x79,0x58,0x58,0x00,0x00,0x00,0x00,
    0x00,0x00,0x31,0x31,0x31,0x31,0x00,0x00,0x01,0x01,0x31,0x31,0x39,0x39,0x00,0x00,
    0x09,0x09,0x00,0x08,0x48,0x40,0x72,0x72,0x09,0x09,0x00,0x00,0x00,0x40,0x72,0x72,
    0x00,0x00,0x28,0x28,0x30,0x00,0x30,0x30,0x09,0x09,0x00,0x00,0x00,0x20,0x48,0x50,
    0x11,0x51,0x11,0x11,0x38,0x10,0x38,0x28,0x01,0x01,0x31,0x10,0x09,0x59,0x01,0x01,
    0x31,0x31,0x11,0x18,0x18,0x18,0x18,0x18,0x11,0x11,0x19,0x19,0x11,0x11,0x00,0x50,
    0x01,0x29,0x09,0x09,0x29,0x11,0x29,0x29,0x29,0x29,0x29,0x38,0x29,0x01,0x01,0x01,
    0x01,0x01,0x51,0x51,0x11,0x29,0x38,0x38,0x31,0x31,0x29,0x39,0x29,0x09,0x29,0x19,
    0x03,0x03,0x3B,0x3B,0x03,0x03,0x03,0x03,0x03,0x03,0x53,0x53,0x03,0x03,0x03,0x03,
    0x03,0x03,0x2B,0x2B,0x13,0x13,0x03,0x03,0x03,0x03,0x2B,0x2B,0x13,0x13,0x2B,0x2B,
    0x03,0x03,0x03,0x03,0x53,0x2B,0x3A,0x3A,0x2A,0x2A,0x0B,0x03,0x13,0x13,0x5B,0x5B,
    0x03,0x03,0x32,0x32,0x12,0x12,0x33,0x33,0x32,0x32,0x0B,0x2B,0x1B,0x3A,0x03,0x03,
    0x02,0x02,0x33,0x33,0x4A,0x4A,0x5B,0x5B,0x02,0x02,0x5B,0x5B,0x02,0x02,0x02,0x02,
    0x02,0x02,0x3A,0x3A,0x52,0x52,0x1A,0x1A,0x02,0x02,0x2A,0x2A,0x32,0x5A,0x12,0x12,
    0x02,0x02,0x0A,0x0A,0x32,0x32,0x33,0x2B,0x02,0x02,0x70,0x70,0x32,0x32,0x2B,0x2B,
    0x02,0x02,0x02,0x02,0x6A,0x6A,0x02,0x02,0x02,0x02,0x72,0x72,0x22,0x22,0x2B,0x33,
    0x02,0x02,0x02,0x02,0x48,0x48,0x02,0x02,0x02,0x02,0x70,0x70,0x02,0x02,0x02,0x02,
    0x02,0x02,0x02,0x02,0x28,0x28,0x02,0x02,0x02,0x02,0x02,0x02,0x48,0x48,0x02,0x02,
    0x28,0x28,0x42,0x42,0x40,0x40,0x68,0x68,0x20,0x20,0x62,0x68,0x20,0x20,0x02,0x02,
    0x02,0x02,0x68,0x68,0x40,0x50,0x68,0x68,0x28,0x28,0x62,0x4A,0x40,0x68,0x42,0x42,
    0x00,0x00,0x50,0x20,0x00,0x50,0x48,0x48,0x00,0x00,0x48,0x48,0x00,0x00,0x00,0x00,
    0x00,0x00,0x79,0x79,0x00,0x48,0x68,0x6A,0x00,0x00,0x00,0x50,0x08,0x08,0x08,0x08,
    0x00,0x00,0x30,0x30,0x00,0x00,0x2A,0x2A,0x00,0x00,0x28,0x28,0x00,0x00,0x2A,0x52,
    0x00,0x00,0x00,0x00,0x00,0x00,0x50,0x50,0x00,0x00,0x50,0x50,0x58,0x58,0x2A,0x2A,
    0x02,0x02,0x02,0x02,0x02,0x02,0x02,0x02,0x02,0x02,0x02,0x02,0x02,0x02,0x02,0x02,
    0x02,0x02,0x02,0x02,0x02,0x02,0x02,0x02,0x02,0x02,0x02,0x02,0x02,0x02,0x02,0x02,
    0x02,0x02,0x02,0x02,0x68,0x68,0x02,0x02,0x02,0x02,0x6A,0x6A,0x02,0x02,0x02,0x02,
    0x02,0x02,0x4A,0x4A,0x02,0x02,0x02,0x02,0x02,0x02,0x52,0x72,0x7A,0x7A,0x52,0x52,
    0x00,0x00,0x72,0x72,0x59,0x59,0x31,0x31,0x30,0x30,0x51,0x51,0x00,0x00,0x00,0x00,
    0x00,0x00,0x72,0x72,0x7A,0x6A,0x39,0x39,0x51,0x51,0x70,0x4A,0x6A,0x6A,0x42,0x42,
    0x00,0x00,0x20,0x20,0x28,0x28,0x70,0x70,0x00,0x00,0x00,0x28,0x28,0x28,0x52,0x52,
    0x00,0x00,0x00,0x00,0x39,0x39,0x38,0x38,0x29,0x29,0x11,0x11,0x39,0x39,0x40,0x50,
    0x00,0x00,0x00,0x00,0x29,0x29,0x00,0x00,0x29,0x29,0x29,0x29,0x00,0x00,0x00,0x00,
    0x00,0x00,0x00,0x00,0x59,0x59,0x00,0x00,0x00,0x00,0x00,0x00,0x29,0x29,0x00,0x00,
    0x59,0x59,0x18,0x18,0x11,0x30,0x31,0x31,0x09,0x09,0x58,0x28,0x09,0x09,0x58,0x58,
    0x00,0x00,0x31,0x31,0x29,0x29,0x31,0x31,0x01,0x01,0x11,0x11,0x31,0x51,0x28,0x58,
    0x01,0x01,0x01,0x01,0x29,0x29,0x39,0x31,0x29,0x29,0x01,0x29,0x31,0x31,0x01,0x01,
    0x01,0x01,0x29,0x29,0x29,0x01,0x39,0x39,0x51,0x51,0x29,0x29,0x29,0x01,0x29,0x31,
    0x01,0x01,0x29,0x29,0x29,0x29,0x11,0x31,0x01,0x01,0x01,0x01,0x01,0x29,0x50,0x30,
    0x01,0x01,0x29,0x29,0x01,0x01,0x29,0x29,0x01,0x01,0x51,0x29,0x51,0x01,0x19,0x18,
};
